{"frames": {

"robin-referee-whistle0001.png":
{
	"frame": {"x":1702,"y":2,"w":226,"h":451},
	"rotated": false,
	"trimmed": true,
	"spriteSourceSize": {"x":34,"y":20,"w":226,"h":451},
	"sourceSize": {"w":500,"h":500}
},
"robin-referee-whistle0002.png":
{
	"frame": {"x":1702,"y":2,"w":226,"h":451},
	"rotated": false,
	"trimmed": true,
	"spriteSourceSize": {"x":34,"y":20,"w":226,"h":451},
	"sourceSize": {"w":500,"h":500}
},
"robin-referee-whistle0003.png":
{
	"frame": {"x":1702,"y":2,"w":226,"h":451},
	"rotated": false,
	"trimmed": true,
	"spriteSourceSize": {"x":34,"y":20,"w":226,"h":451},
	"sourceSize": {"w":500,"h":500}
},
"robin-referee-whistle0004.png":
{
	"frame": {"x":1468,"y":453,"w":226,"h":451},
	"rotated": false,
	"trimmed": true,
	"spriteSourceSize": {"x":34,"y":20,"w":226,"h":451},
	"sourceSize": {"w":500,"h":500}
},
"robin-referee-whistle0005.png":
{
	"frame": {"x":1468,"y":453,"w":226,"h":451},
	"rotated": false,
	"trimmed": true,
	"spriteSourceSize": {"x":34,"y":20,"w":226,"h":451},
	"sourceSize": {"w":500,"h":500}
},
"robin-referee-whistle0006.png":
{
	"frame": {"x":1696,"y":455,"w":226,"h":451},
	"rotated": false,
	"trimmed": true,
	"spriteSourceSize": {"x":34,"y":20,"w":226,"h":451},
	"sourceSize": {"w":500,"h":500}
},
"robin-referee-whistle0007.png":
{
	"frame": {"x":1696,"y":455,"w":226,"h":451},
	"rotated": false,
	"trimmed": true,
	"spriteSourceSize": {"x":34,"y":20,"w":226,"h":451},
	"sourceSize": {"w":500,"h":500}
},
"robin-referee-whistle0008.png":
{
	"frame": {"x":2,"y":904,"w":287,"h":451},
	"rotated": false,
	"trimmed": true,
	"spriteSourceSize": {"x":34,"y":20,"w":287,"h":451},
	"sourceSize": {"w":500,"h":500}
},
"robin-referee-whistle0009.png":
{
	"frame": {"x":2,"y":904,"w":287,"h":451},
	"rotated": false,
	"trimmed": true,
	"spriteSourceSize": {"x":34,"y":20,"w":287,"h":451},
	"sourceSize": {"w":500,"h":500}
},
"robin-referee-whistle0010.png":
{
	"frame": {"x":2,"y":2,"w":338,"h":449},
	"rotated": false,
	"trimmed": true,
	"spriteSourceSize": {"x":34,"y":22,"w":338,"h":449},
	"sourceSize": {"w":500,"h":500}
},
"robin-referee-whistle0011.png":
{
	"frame": {"x":342,"y":2,"w":288,"h":449},
	"rotated": false,
	"trimmed": true,
	"spriteSourceSize": {"x":34,"y":22,"w":288,"h":449},
	"sourceSize": {"w":500,"h":500}
},
"robin-referee-whistle0012.png":
{
	"frame": {"x":291,"y":904,"w":309,"h":451},
	"rotated": false,
	"trimmed": true,
	"spriteSourceSize": {"x":34,"y":20,"w":309,"h":451},
	"sourceSize": {"w":500,"h":500}
},
"robin-referee-whistle0013.png":
{
	"frame": {"x":602,"y":904,"w":338,"h":451},
	"rotated": false,
	"trimmed": true,
	"spriteSourceSize": {"x":34,"y":20,"w":338,"h":451},
	"sourceSize": {"w":500,"h":500}
},
"robin-referee-whistle0014.png":
{
	"frame": {"x":632,"y":2,"w":352,"h":449},
	"rotated": false,
	"trimmed": true,
	"spriteSourceSize": {"x":34,"y":22,"w":352,"h":449},
	"sourceSize": {"w":500,"h":500}
},
"robin-referee-whistle0015.png":
{
	"frame": {"x":986,"y":2,"w":374,"h":449},
	"rotated": false,
	"trimmed": true,
	"spriteSourceSize": {"x":34,"y":22,"w":374,"h":449},
	"sourceSize": {"w":500,"h":500}
},
"robin-referee-whistle0016.png":
{
	"frame": {"x":942,"y":904,"w":395,"h":451},
	"rotated": false,
	"trimmed": true,
	"spriteSourceSize": {"x":34,"y":20,"w":395,"h":451},
	"sourceSize": {"w":500,"h":500}
},
"robin-referee-whistle0017.png":
{
	"frame": {"x":2,"y":1357,"w":416,"h":451},
	"rotated": false,
	"trimmed": true,
	"spriteSourceSize": {"x":34,"y":20,"w":416,"h":451},
	"sourceSize": {"w":500,"h":500}
},
"robin-referee-whistle0018.png":
{
	"frame": {"x":1362,"y":2,"w":338,"h":449},
	"rotated": false,
	"trimmed": true,
	"spriteSourceSize": {"x":34,"y":22,"w":338,"h":449},
	"sourceSize": {"w":500,"h":500}
},
"robin-referee-whistle0019.png":
{
	"frame": {"x":2,"y":2,"w":338,"h":449},
	"rotated": false,
	"trimmed": true,
	"spriteSourceSize": {"x":34,"y":22,"w":338,"h":449},
	"sourceSize": {"w":500,"h":500}
},
"robin-referee-whistle0020.png":
{
	"frame": {"x":1339,"y":906,"w":288,"h":451},
	"rotated": false,
	"trimmed": true,
	"spriteSourceSize": {"x":34,"y":20,"w":288,"h":451},
	"sourceSize": {"w":500,"h":500}
},
"robin-referee-whistle0021.png":
{
	"frame": {"x":291,"y":904,"w":309,"h":451},
	"rotated": false,
	"trimmed": true,
	"spriteSourceSize": {"x":34,"y":20,"w":309,"h":451},
	"sourceSize": {"w":500,"h":500}
},
"robin-referee-whistle0022.png":
{
	"frame": {"x":2,"y":453,"w":338,"h":449},
	"rotated": false,
	"trimmed": true,
	"spriteSourceSize": {"x":34,"y":22,"w":338,"h":449},
	"sourceSize": {"w":500,"h":500}
},
"robin-referee-whistle0023.png":
{
	"frame": {"x":632,"y":2,"w":352,"h":449},
	"rotated": false,
	"trimmed": true,
	"spriteSourceSize": {"x":34,"y":22,"w":352,"h":449},
	"sourceSize": {"w":500,"h":500}
},
"robin-referee-whistle0024.png":
{
	"frame": {"x":420,"y":1357,"w":374,"h":451},
	"rotated": false,
	"trimmed": true,
	"spriteSourceSize": {"x":34,"y":20,"w":374,"h":451},
	"sourceSize": {"w":500,"h":500}
},
"robin-referee-whistle0025.png":
{
	"frame": {"x":796,"y":1357,"w":395,"h":451},
	"rotated": false,
	"trimmed": true,
	"spriteSourceSize": {"x":34,"y":20,"w":395,"h":451},
	"sourceSize": {"w":500,"h":500}
},
"robin-referee-whistle0026.png":
{
	"frame": {"x":342,"y":453,"w":416,"h":449},
	"rotated": false,
	"trimmed": true,
	"spriteSourceSize": {"x":34,"y":22,"w":416,"h":449},
	"sourceSize": {"w":500,"h":500}
},
"robin-referee-whistle0027.png":
{
	"frame": {"x":1362,"y":2,"w":338,"h":449},
	"rotated": false,
	"trimmed": true,
	"spriteSourceSize": {"x":34,"y":22,"w":338,"h":449},
	"sourceSize": {"w":500,"h":500}
},
"robin-referee-whistle0028.png":
{
	"frame": {"x":1629,"y":908,"w":338,"h":451},
	"rotated": false,
	"trimmed": true,
	"spriteSourceSize": {"x":34,"y":20,"w":338,"h":451},
	"sourceSize": {"w":500,"h":500}
},
"robin-referee-whistle0029.png":
{
	"frame": {"x":1339,"y":906,"w":288,"h":451},
	"rotated": false,
	"trimmed": true,
	"spriteSourceSize": {"x":34,"y":20,"w":288,"h":451},
	"sourceSize": {"w":500,"h":500}
},
"robin-referee-whistle0030.png":
{
	"frame": {"x":760,"y":453,"w":309,"h":449},
	"rotated": false,
	"trimmed": true,
	"spriteSourceSize": {"x":34,"y":22,"w":309,"h":449},
	"sourceSize": {"w":500,"h":500}
},
"robin-referee-whistle0031.png":
{
	"frame": {"x":2,"y":453,"w":338,"h":449},
	"rotated": false,
	"trimmed": true,
	"spriteSourceSize": {"x":34,"y":22,"w":338,"h":449},
	"sourceSize": {"w":500,"h":500}
},
"robin-referee-whistle0032.png":
{
	"frame": {"x":1193,"y":1359,"w":352,"h":451},
	"rotated": false,
	"trimmed": true,
	"spriteSourceSize": {"x":34,"y":20,"w":352,"h":451},
	"sourceSize": {"w":500,"h":500}
},
"robin-referee-whistle0033.png":
{
	"frame": {"x":1547,"y":1361,"w":374,"h":451},
	"rotated": false,
	"trimmed": true,
	"spriteSourceSize": {"x":34,"y":20,"w":374,"h":451},
	"sourceSize": {"w":500,"h":500}
},
"robin-referee-whistle0034.png":
{
	"frame": {"x":1071,"y":453,"w":395,"h":449},
	"rotated": false,
	"trimmed": true,
	"spriteSourceSize": {"x":34,"y":22,"w":395,"h":449},
	"sourceSize": {"w":500,"h":500}
},
"robin-referee-whistle0035.png":
{
	"frame": {"x":342,"y":453,"w":416,"h":449},
	"rotated": false,
	"trimmed": true,
	"spriteSourceSize": {"x":34,"y":22,"w":416,"h":449},
	"sourceSize": {"w":500,"h":500}
},
"robin-referee-whistle0036.png":
{
	"frame": {"x":1362,"y":2,"w":338,"h":449},
	"rotated": false,
	"trimmed": true,
	"spriteSourceSize": {"x":34,"y":22,"w":338,"h":449},
	"sourceSize": {"w":500,"h":500}
},
"robin-referee-whistle0037.png":
{
	"frame": {"x":1362,"y":2,"w":338,"h":449},
	"rotated": false,
	"trimmed": true,
	"spriteSourceSize": {"x":34,"y":22,"w":338,"h":449},
	"sourceSize": {"w":500,"h":500}
},
"robin-referee-whistle0038.png":
{
	"frame": {"x":1362,"y":2,"w":338,"h":449},
	"rotated": false,
	"trimmed": true,
	"spriteSourceSize": {"x":34,"y":22,"w":338,"h":449},
	"sourceSize": {"w":500,"h":500}
}},
"meta": {
	"app": "http://www.codeandweb.com/texturepacker",
	"version": "1.0",
	"image": "referee.png",
	"format": "RGBA8888",
	"size": {"w":1969,"h":1814},
	"scale": "1",
	"smartupdate": "$TexturePacker:SmartUpdate:15c81b6fa85bf4433cc1cc99b85592cd:2c6506116d170d75f0c71006ff6f2a5d:f41de33a52ede64ed2f928f439338ef3$"
}
}
