{"frames": {

"algeria-flag.png":
{
	"frame": {"x":1695,"y":2,"w":130,"h":76},
	"rotated": false,
	"trimmed": false,
	"spriteSourceSize": {"x":0,"y":0,"w":130,"h":76},
	"sourceSize": {"w":130,"h":76},
	"pivot": {"x":0.5,"y":0.5}
},
"all-stars-africa-flag.png":
{
	"frame": {"x":1826,"y":2,"w":130,"h":76},
	"rotated": false,
	"trimmed": false,
	"spriteSourceSize": {"x":0,"y":0,"w":130,"h":76},
	"sourceSize": {"w":130,"h":76},
	"pivot": {"x":0.5,"y":0.5}
},
"all-stars-ang-flag.png":
{
	"frame": {"x":751,"y":251,"w":112,"h":78},
	"rotated": false,
	"trimmed": false,
	"spriteSourceSize": {"x":0,"y":0,"w":112,"h":78},
	"sourceSize": {"w":112,"h":78},
	"pivot": {"x":0.5,"y":0.5}
},
"all-stars-bot-flag.png":
{
	"frame": {"x":864,"y":251,"w":112,"h":78},
	"rotated": false,
	"trimmed": false,
	"spriteSourceSize": {"x":0,"y":0,"w":112,"h":78},
	"sourceSize": {"w":112,"h":78},
	"pivot": {"x":0.5,"y":0.5}
},
"all-stars-dem-flag.png":
{
	"frame": {"x":953,"y":166,"w":112,"h":78},
	"rotated": false,
	"trimmed": false,
	"spriteSourceSize": {"x":0,"y":0,"w":112,"h":78},
	"sourceSize": {"w":112,"h":78},
	"pivot": {"x":0.5,"y":0.5}
},
"all-stars-eth-flag.png":
{
	"frame": {"x":977,"y":245,"w":112,"h":78},
	"rotated": false,
	"trimmed": false,
	"spriteSourceSize": {"x":0,"y":0,"w":112,"h":78},
	"sourceSize": {"w":112,"h":78},
	"pivot": {"x":0.5,"y":0.5}
},
"all-stars-euro-flags.png":
{
	"frame": {"x":1416,"y":56,"w":130,"h":76},
	"rotated": false,
	"trimmed": false,
	"spriteSourceSize": {"x":0,"y":0,"w":130,"h":76},
	"sourceSize": {"w":130,"h":76},
	"pivot": {"x":0.5,"y":0.5}
},
"all-stars-gha-flag.png":
{
	"frame": {"x":964,"y":2,"w":112,"h":78},
	"rotated": false,
	"trimmed": false,
	"spriteSourceSize": {"x":0,"y":0,"w":112,"h":78},
	"sourceSize": {"w":112,"h":78},
	"pivot": {"x":0.5,"y":0.5}
},
"all-stars-ken-flag.png":
{
	"frame": {"x":964,"y":81,"w":112,"h":78},
	"rotated": false,
	"trimmed": false,
	"spriteSourceSize": {"x":0,"y":0,"w":112,"h":78},
	"sourceSize": {"w":112,"h":78},
	"pivot": {"x":0.5,"y":0.5}
},
"all-stars-lib-flag.png":
{
	"frame": {"x":1066,"y":160,"w":112,"h":78},
	"rotated": false,
	"trimmed": false,
	"spriteSourceSize": {"x":0,"y":0,"w":112,"h":78},
	"sourceSize": {"w":112,"h":78},
	"pivot": {"x":0.5,"y":0.5}
},
"all-stars-mal-flag.png":
{
	"frame": {"x":1090,"y":239,"w":112,"h":78},
	"rotated": false,
	"trimmed": false,
	"spriteSourceSize": {"x":0,"y":0,"w":112,"h":78},
	"sourceSize": {"w":112,"h":78},
	"pivot": {"x":0.5,"y":0.5}
},
"all-stars-mau-flag.png":
{
	"frame": {"x":1077,"y":2,"w":112,"h":78},
	"rotated": false,
	"trimmed": false,
	"spriteSourceSize": {"x":0,"y":0,"w":112,"h":78},
	"sourceSize": {"w":112,"h":78},
	"pivot": {"x":0.5,"y":0.5}
},
"all-stars-middle-east-flag.png":
{
	"frame": {"x":1547,"y":56,"w":130,"h":76},
	"rotated": false,
	"trimmed": false,
	"spriteSourceSize": {"x":0,"y":0,"w":130,"h":76},
	"sourceSize": {"w":130,"h":76},
	"pivot": {"x":0.5,"y":0.5}
},
"all-stars-moz-flag.png":
{
	"frame": {"x":1077,"y":81,"w":112,"h":78},
	"rotated": false,
	"trimmed": false,
	"spriteSourceSize": {"x":0,"y":0,"w":112,"h":78},
	"sourceSize": {"w":112,"h":78},
	"pivot": {"x":0.5,"y":0.5}
},
"all-stars-nam-flag.png":
{
	"frame": {"x":1179,"y":160,"w":112,"h":78},
	"rotated": false,
	"trimmed": false,
	"spriteSourceSize": {"x":0,"y":0,"w":112,"h":78},
	"sourceSize": {"w":112,"h":78},
	"pivot": {"x":0.5,"y":0.5}
},
"all-stars-nig-flag.png":
{
	"frame": {"x":1203,"y":239,"w":112,"h":78},
	"rotated": false,
	"trimmed": false,
	"spriteSourceSize": {"x":0,"y":0,"w":112,"h":78},
	"sourceSize": {"w":112,"h":78},
	"pivot": {"x":0.5,"y":0.5}
},
"all-stars-rwa-flag.png":
{
	"frame": {"x":1190,"y":2,"w":112,"h":78},
	"rotated": false,
	"trimmed": false,
	"spriteSourceSize": {"x":0,"y":0,"w":112,"h":78},
	"sourceSize": {"w":112,"h":78},
	"pivot": {"x":0.5,"y":0.5}
},
"all-stars-sie-flag.png":
{
	"frame": {"x":1190,"y":81,"w":112,"h":78},
	"rotated": false,
	"trimmed": false,
	"spriteSourceSize": {"x":0,"y":0,"w":112,"h":78},
	"sourceSize": {"w":112,"h":78},
	"pivot": {"x":0.5,"y":0.5}
},
"all-stars-sou-flag.png":
{
	"frame": {"x":1292,"y":160,"w":112,"h":78},
	"rotated": false,
	"trimmed": false,
	"spriteSourceSize": {"x":0,"y":0,"w":112,"h":78},
	"sourceSize": {"w":112,"h":78},
	"pivot": {"x":0.5,"y":0.5}
},
"all-stars-swa-flag.png":
{
	"frame": {"x":1303,"y":2,"w":112,"h":78},
	"rotated": false,
	"trimmed": false,
	"spriteSourceSize": {"x":0,"y":0,"w":112,"h":78},
	"sourceSize": {"w":112,"h":78},
	"pivot": {"x":0.5,"y":0.5}
},
"all-stars-tan-flag.png":
{
	"frame": {"x":1303,"y":81,"w":112,"h":78},
	"rotated": false,
	"trimmed": false,
	"spriteSourceSize": {"x":0,"y":0,"w":112,"h":78},
	"sourceSize": {"w":112,"h":78},
	"pivot": {"x":0.5,"y":0.5}
},
"all-stars-uga-flag.png":
{
	"frame": {"x":1929,"y":239,"w":112,"h":78},
	"rotated": false,
	"trimmed": false,
	"spriteSourceSize": {"x":0,"y":0,"w":112,"h":78},
	"sourceSize": {"w":112,"h":78},
	"pivot": {"x":0.5,"y":0.5}
},
"all-stars-world-flag.png":
{
	"frame": {"x":1678,"y":79,"w":130,"h":76},
	"rotated": false,
	"trimmed": false,
	"spriteSourceSize": {"x":0,"y":0,"w":130,"h":76},
	"sourceSize": {"w":130,"h":76},
	"pivot": {"x":0.5,"y":0.5}
},
"all-stars-zam-flag.png":
{
	"frame": {"x":1270,"y":318,"w":112,"h":78},
	"rotated": false,
	"trimmed": false,
	"spriteSourceSize": {"x":0,"y":0,"w":112,"h":78},
	"sourceSize": {"w":112,"h":78},
	"pivot": {"x":0.5,"y":0.5}
},
"all-stars-zim-flag.png":
{
	"frame": {"x":1919,"y":318,"w":112,"h":78},
	"rotated": false,
	"trimmed": false,
	"spriteSourceSize": {"x":0,"y":0,"w":112,"h":78},
	"sourceSize": {"w":112,"h":78},
	"pivot": {"x":0.5,"y":0.5}
},
"anais-78x78.jpg":
{
	"frame": {"x":1957,"y":2,"w":78,"h":78},
	"rotated": false,
	"trimmed": false,
	"spriteSourceSize": {"x":0,"y":0,"w":78,"h":78},
	"sourceSize": {"w":78,"h":78},
	"pivot": {"x":0.5,"y":0.5}
},
"arrow_down.png":
{
	"frame": {"x":1983,"y":532,"w":40,"h":52},
	"rotated": false,
	"trimmed": false,
	"spriteSourceSize": {"x":0,"y":0,"w":40,"h":52},
	"sourceSize": {"w":40,"h":52},
	"pivot": {"x":0.5,"y":0.5}
},
"arrow_left.png":
{
	"frame": {"x":938,"y":330,"w":52,"h":40},
	"rotated": false,
	"trimmed": false,
	"spriteSourceSize": {"x":0,"y":0,"w":52,"h":40},
	"sourceSize": {"w":52,"h":40},
	"pivot": {"x":0.5,"y":0.5}
},
"arrow_right.png":
{
	"frame": {"x":1851,"y":517,"w":52,"h":40},
	"rotated": false,
	"trimmed": false,
	"spriteSourceSize": {"x":0,"y":0,"w":52,"h":40},
	"sourceSize": {"w":52,"h":40},
	"pivot": {"x":0.5,"y":0.5}
},
"arrow_top.png":
{
	"frame": {"x":1983,"y":585,"w":40,"h":52},
	"rotated": false,
	"trimmed": false,
	"spriteSourceSize": {"x":0,"y":0,"w":40,"h":52},
	"sourceSize": {"w":40,"h":52},
	"pivot": {"x":0.5,"y":0.5}
},
"ben10-78x78.jpg":
{
	"frame": {"x":1940,"y":81,"w":78,"h":78},
	"rotated": false,
	"trimmed": false,
	"spriteSourceSize": {"x":0,"y":0,"w":78,"h":78},
	"sourceSize": {"w":78,"h":78},
	"pivot": {"x":0.5,"y":0.5}
},
"big-button-no.png":
{
	"frame": {"x":679,"y":85,"w":94,"h":80},
	"rotated": false,
	"trimmed": false,
	"spriteSourceSize": {"x":0,"y":0,"w":94,"h":80},
	"sourceSize": {"w":94,"h":80},
	"pivot": {"x":0.5,"y":0.5}
},
"big-button-over.png":
{
	"frame": {"x":774,"y":85,"w":94,"h":80},
	"rotated": false,
	"trimmed": false,
	"spriteSourceSize": {"x":0,"y":0,"w":94,"h":80},
	"sourceSize": {"w":94,"h":80},
	"pivot": {"x":0.5,"y":0.5}
},
"big-button-play.png":
{
	"frame": {"x":236,"y":2,"w":132,"h":112},
	"rotated": false,
	"trimmed": false,
	"spriteSourceSize": {"x":0,"y":0,"w":132,"h":112},
	"sourceSize": {"w":132,"h":112},
	"pivot": {"x":0.5,"y":0.5}
},
"big-button-up.png":
{
	"frame": {"x":869,"y":85,"w":94,"h":80},
	"rotated": false,
	"trimmed": false,
	"spriteSourceSize": {"x":0,"y":0,"w":94,"h":80},
	"sourceSize": {"w":94,"h":80},
	"pivot": {"x":0.5,"y":0.5}
},
"big-button-yes.png":
{
	"frame": {"x":656,"y":251,"w":94,"h":80},
	"rotated": false,
	"trimmed": false,
	"spriteSourceSize": {"x":0,"y":0,"w":94,"h":80},
	"sourceSize": {"w":94,"h":80},
	"pivot": {"x":0.5,"y":0.5}
},
"black-flag.png":
{
	"frame": {"x":1240,"y":474,"w":112,"h":78},
	"rotated": false,
	"trimmed": false,
	"spriteSourceSize": {"x":0,"y":0,"w":112,"h":78},
	"sourceSize": {"w":112,"h":78},
	"pivot": {"x":0.5,"y":0.5}
},
"blossom-78x78.jpg":
{
	"frame": {"x":1940,"y":160,"w":78,"h":78},
	"rotated": false,
	"trimmed": false,
	"spriteSourceSize": {"x":0,"y":0,"w":78,"h":78},
	"sourceSize": {"w":78,"h":78},
	"pivot": {"x":0.5,"y":0.5}
},
"blue-pixel.png":
{
	"frame": {"x":1316,"y":239,"w":78,"h":78},
	"rotated": false,
	"trimmed": false,
	"spriteSourceSize": {"x":0,"y":0,"w":78,"h":78},
	"sourceSize": {"w":78,"h":78},
	"pivot": {"x":0.5,"y":0.5}
},
"bmo-78x78.jpg":
{
	"frame": {"x":1614,"y":464,"w":78,"h":78},
	"rotated": false,
	"trimmed": false,
	"spriteSourceSize": {"x":0,"y":0,"w":78,"h":78},
	"sourceSize": {"w":78,"h":78},
	"pivot": {"x":0.5,"y":0.5}
},
"bubbles-78x78.jpg":
{
	"frame": {"x":1466,"y":520,"w":78,"h":78},
	"rotated": false,
	"trimmed": false,
	"spriteSourceSize": {"x":0,"y":0,"w":78,"h":78},
	"sourceSize": {"w":78,"h":78},
	"pivot": {"x":0.5,"y":0.5}
},
"bulgaria-flag.png":
{
	"frame": {"x":1809,"y":79,"w":130,"h":76},
	"rotated": false,
	"trimmed": false,
	"spriteSourceSize": {"x":0,"y":0,"w":130,"h":76},
	"sourceSize": {"w":130,"h":76},
	"pivot": {"x":0.5,"y":0.5}
},
"buttercup-78x78.jpg":
{
	"frame": {"x":1693,"y":464,"w":78,"h":78},
	"rotated": false,
	"trimmed": false,
	"spriteSourceSize": {"x":0,"y":0,"w":78,"h":78},
	"sourceSize": {"w":78,"h":78},
	"pivot": {"x":0.5,"y":0.5}
},
"button-select-hover.png":
{
	"frame": {"x":1545,"y":520,"w":52,"h":52},
	"rotated": false,
	"trimmed": false,
	"spriteSourceSize": {"x":0,"y":0,"w":52,"h":52},
	"sourceSize": {"w":52,"h":52},
	"pivot": {"x":0.5,"y":0.5}
},
"button-select-normal.png":
{
	"frame": {"x":1851,"y":464,"w":52,"h":52},
	"rotated": false,
	"trimmed": false,
	"spriteSourceSize": {"x":0,"y":0,"w":52,"h":52},
	"sourceSize": {"w":52,"h":52},
	"pivot": {"x":0.5,"y":0.5}
},
"camera-flash.png":
{
	"frame": {"x":852,"y":330,"w":42,"h":42},
	"rotated": false,
	"trimmed": false,
	"spriteSourceSize": {"x":0,"y":0,"w":42,"h":42},
	"sourceSize": {"w":42,"h":42},
	"pivot": {"x":0.5,"y":0.5}
},
"czech-flag.png":
{
	"frame": {"x":1776,"y":387,"w":129,"h":76},
	"rotated": false,
	"trimmed": false,
	"spriteSourceSize": {"x":0,"y":0,"w":129,"h":76},
	"sourceSize": {"w":129,"h":76},
	"pivot": {"x":0.5,"y":0.5}
},
"darwin-78x78.jpg":
{
	"frame": {"x":1772,"y":464,"w":78,"h":78},
	"rotated": false,
	"trimmed": false,
	"spriteSourceSize": {"x":0,"y":0,"w":78,"h":78},
	"sourceSize": {"w":78,"h":78},
	"pivot": {"x":0.5,"y":0.5}
},
"denmark-flag.png":
{
	"frame": {"x":1416,"y":133,"w":130,"h":76},
	"rotated": false,
	"trimmed": false,
	"spriteSourceSize": {"x":0,"y":0,"w":130,"h":76},
	"sourceSize": {"w":130,"h":76},
	"pivot": {"x":0.5,"y":0.5}
},
"dialogue.png":
{
	"frame": {"x":2,"y":379,"w":1106,"h":127},
	"rotated": false,
	"trimmed": false,
	"spriteSourceSize": {"x":0,"y":0,"w":1106,"h":127},
	"sourceSize": {"w":1106,"h":127},
	"pivot": {"x":0.5,"y":0.5}
},
"egypt-flag.png":
{
	"frame": {"x":1547,"y":133,"w":130,"h":76},
	"rotated": false,
	"trimmed": false,
	"spriteSourceSize": {"x":0,"y":0,"w":130,"h":76},
	"sourceSize": {"w":130,"h":76},
	"pivot": {"x":0.5,"y":0.5}
},
"empty-flag.png":
{
	"frame": {"x":1678,"y":156,"w":130,"h":76},
	"rotated": false,
	"trimmed": false,
	"spriteSourceSize": {"x":0,"y":0,"w":130,"h":76},
	"sourceSize": {"w":130,"h":76},
	"pivot": {"x":0.5,"y":0.5}
},
"finn-78x78.jpg":
{
	"frame": {"x":1904,"y":474,"w":78,"h":78},
	"rotated": false,
	"trimmed": false,
	"spriteSourceSize": {"x":0,"y":0,"w":78,"h":78},
	"sourceSize": {"w":78,"h":78},
	"pivot": {"x":0.5,"y":0.5}
},
"flag-white-border.png":
{
	"frame": {"x":236,"y":115,"w":144,"h":90},
	"rotated": false,
	"trimmed": false,
	"spriteSourceSize": {"x":0,"y":0,"w":144,"h":90},
	"sourceSize": {"w":144,"h":90},
	"pivot": {"x":0.5,"y":0.5}
},
"fourarms-78x78.jpg":
{
	"frame": {"x":1904,"y":553,"w":78,"h":78},
	"rotated": false,
	"trimmed": false,
	"spriteSourceSize": {"x":0,"y":0,"w":78,"h":78},
	"sourceSize": {"w":78,"h":78},
	"pivot": {"x":0.5,"y":0.5}
},
"france-flag.png":
{
	"frame": {"x":1809,"y":156,"w":130,"h":76},
	"rotated": false,
	"trimmed": false,
	"spriteSourceSize": {"x":0,"y":0,"w":130,"h":76},
	"sourceSize": {"w":130,"h":76},
	"pivot": {"x":0.5,"y":0.5}
},
"germany-flag.png":
{
	"frame": {"x":1405,"y":210,"w":130,"h":76},
	"rotated": false,
	"trimmed": false,
	"spriteSourceSize": {"x":0,"y":0,"w":130,"h":76},
	"sourceSize": {"w":130,"h":76},
	"pivot": {"x":0.5,"y":0.5}
},
"greece-flag.png":
{
	"frame": {"x":1501,"y":441,"w":112,"h":78},
	"rotated": false,
	"trimmed": false,
	"spriteSourceSize": {"x":0,"y":0,"w":112,"h":78},
	"sourceSize": {"w":112,"h":78},
	"pivot": {"x":0.5,"y":0.5}
},
"grizz-bear-78x78.jpg":
{
	"frame": {"x":1598,"y":543,"w":78,"h":78},
	"rotated": false,
	"trimmed": false,
	"spriteSourceSize": {"x":0,"y":0,"w":78,"h":78},
	"sourceSize": {"w":78,"h":78},
	"pivot": {"x":0.5,"y":0.5}
},
"grup-78x78.jpg":
{
	"frame": {"x":1677,"y":543,"w":78,"h":78},
	"rotated": false,
	"trimmed": false,
	"spriteSourceSize": {"x":0,"y":0,"w":78,"h":78},
	"sourceSize": {"w":78,"h":78},
	"pivot": {"x":0.5,"y":0.5}
},
"gumball-78x78.jpg":
{
	"frame": {"x":1756,"y":543,"w":78,"h":78},
	"rotated": false,
	"trimmed": false,
	"spriteSourceSize": {"x":0,"y":0,"w":78,"h":78},
	"sourceSize": {"w":78,"h":78},
	"pivot": {"x":0.5,"y":0.5}
},
"halo.png":
{
	"frame": {"x":2,"y":2,"w":233,"h":233},
	"rotated": false,
	"trimmed": false,
	"spriteSourceSize": {"x":0,"y":0,"w":233,"h":233},
	"sourceSize": {"w":233,"h":233},
	"pivot": {"x":0.5,"y":0.5}
},
"hungary-flag.png":
{
	"frame": {"x":1536,"y":210,"w":130,"h":76},
	"rotated": false,
	"trimmed": false,
	"spriteSourceSize": {"x":0,"y":0,"w":130,"h":76},
	"sourceSize": {"w":130,"h":76},
	"pivot": {"x":0.5,"y":0.5}
},
"ice-bear-78x78.jpg":
{
	"frame": {"x":1586,"y":622,"w":78,"h":78},
	"rotated": false,
	"trimmed": false,
	"spriteSourceSize": {"x":0,"y":0,"w":78,"h":78},
	"sourceSize": {"w":78,"h":78},
	"pivot": {"x":0.5,"y":0.5}
},
"icon-back.png":
{
	"frame": {"x":938,"y":330,"w":52,"h":40},
	"rotated": false,
	"trimmed": false,
	"spriteSourceSize": {"x":0,"y":0,"w":52,"h":40},
	"sourceSize": {"w":52,"h":40},
	"pivot": {"x":0.5,"y":0.5}
},
"icon-bullet-burger.png":
{
	"frame": {"x":656,"y":332,"w":55,"h":45},
	"rotated": false,
	"trimmed": false,
	"spriteSourceSize": {"x":0,"y":0,"w":55,"h":45},
	"sourceSize": {"w":55,"h":45},
	"pivot": {"x":0.5,"y":0.5}
},
"icon-cross.png":
{
	"frame": {"x":895,"y":330,"w":42,"h":42},
	"rotated": false,
	"trimmed": false,
	"spriteSourceSize": {"x":0,"y":0,"w":42,"h":42},
	"sourceSize": {"w":42,"h":42},
	"pivot": {"x":0.5,"y":0.5}
},
"icon-exit.png":
{
	"frame": {"x":806,"y":330,"w":45,"h":43},
	"rotated": false,
	"trimmed": false,
	"spriteSourceSize": {"x":0,"y":0,"w":45,"h":43},
	"sourceSize": {"w":45,"h":43},
	"pivot": {"x":0.5,"y":0.5}
},
"icon-forward.png":
{
	"frame": {"x":1851,"y":517,"w":52,"h":40},
	"rotated": false,
	"trimmed": false,
	"spriteSourceSize": {"x":0,"y":0,"w":52,"h":40},
	"sourceSize": {"w":52,"h":40},
	"pivot": {"x":0.5,"y":0.5}
},
"icon-help.png":
{
	"frame": {"x":2019,"y":81,"w":26,"h":38},
	"rotated": false,
	"trimmed": false,
	"spriteSourceSize": {"x":0,"y":0,"w":26,"h":38},
	"sourceSize": {"w":26,"h":38},
	"pivot": {"x":0.5,"y":0.5}
},
"icon-pause.png":
{
	"frame": {"x":381,"y":168,"w":36,"h":37},
	"rotated": false,
	"trimmed": false,
	"spriteSourceSize": {"x":0,"y":0,"w":36,"h":37},
	"sourceSize": {"w":36,"h":37},
	"pivot": {"x":0.5,"y":0.5}
},
"icon-sound-off.png":
{
	"frame": {"x":418,"y":168,"w":53,"h":30},
	"rotated": false,
	"trimmed": false,
	"spriteSourceSize": {"x":0,"y":0,"w":53,"h":30},
	"sourceSize": {"w":53,"h":30},
	"pivot": {"x":0.5,"y":0.5}
},
"icon-sound-on.png":
{
	"frame": {"x":712,"y":332,"w":46,"h":43},
	"rotated": false,
	"trimmed": false,
	"spriteSourceSize": {"x":0,"y":0,"w":46,"h":43},
	"sourceSize": {"w":46,"h":43},
	"pivot": {"x":0.5,"y":0.5}
},
"icon-tick.png":
{
	"frame": {"x":759,"y":330,"w":46,"h":43},
	"rotated": false,
	"trimmed": false,
	"spriteSourceSize": {"x":0,"y":0,"w":46,"h":43},
	"sourceSize": {"w":46,"h":43},
	"pivot": {"x":0.5,"y":0.5}
},
"icon_play.png":
{
	"frame": {"x":1983,"y":474,"w":50,"h":57},
	"rotated": false,
	"trimmed": false,
	"spriteSourceSize": {"x":0,"y":0,"w":50,"h":57},
	"sourceSize": {"w":50,"h":57},
	"pivot": {"x":0.5,"y":0.5}
},
"iraq-flag.png":
{
	"frame": {"x":1353,"y":518,"w":112,"h":78},
	"rotated": false,
	"trimmed": false,
	"spriteSourceSize": {"x":0,"y":0,"w":112,"h":78},
	"sourceSize": {"w":112,"h":78},
	"pivot": {"x":0.5,"y":0.5}
},
"italy-flag.png":
{
	"frame": {"x":1667,"y":233,"w":130,"h":76},
	"rotated": false,
	"trimmed": false,
	"spriteSourceSize": {"x":0,"y":0,"w":130,"h":76},
	"sourceSize": {"w":130,"h":76},
	"pivot": {"x":0.5,"y":0.5}
},
"jake-78x78.jpg":
{
	"frame": {"x":1665,"y":622,"w":78,"h":78},
	"rotated": false,
	"trimmed": false,
	"spriteSourceSize": {"x":0,"y":0,"w":78,"h":78},
	"sourceSize": {"w":78,"h":78},
	"pivot": {"x":0.5,"y":0.5}
},
"leaderboard-hover.png":
{
	"frame": {"x":667,"y":2,"w":296,"h":82},
	"rotated": false,
	"trimmed": false,
	"spriteSourceSize": {"x":0,"y":0,"w":296,"h":82},
	"sourceSize": {"w":296,"h":82},
	"pivot": {"x":0.5,"y":0.5}
},
"leaderboard-normal.png":
{
	"frame": {"x":656,"y":168,"w":296,"h":82},
	"rotated": false,
	"trimmed": false,
	"spriteSourceSize": {"x":0,"y":0,"w":296,"h":82},
	"sourceSize": {"w":296,"h":82},
	"pivot": {"x":0.5,"y":0.5}
},
"marceline-78x78.jpg":
{
	"frame": {"x":1744,"y":622,"w":78,"h":78},
	"rotated": false,
	"trimmed": false,
	"spriteSourceSize": {"x":0,"y":0,"w":78,"h":78},
	"sourceSize": {"w":78,"h":78},
	"pivot": {"x":0.5,"y":0.5}
},
"mojo-78x78.jpg":
{
	"frame": {"x":1823,"y":622,"w":78,"h":78},
	"rotated": false,
	"trimmed": false,
	"spriteSourceSize": {"x":0,"y":0,"w":78,"h":78},
	"sourceSize": {"w":78,"h":78},
	"pivot": {"x":0.5,"y":0.5}
},
"moredecai-78x78.jpg":
{
	"frame": {"x":1902,"y":632,"w":78,"h":78},
	"rotated": false,
	"trimmed": false,
	"spriteSourceSize": {"x":0,"y":0,"w":78,"h":78},
	"sourceSize": {"w":78,"h":78},
	"pivot": {"x":0.5,"y":0.5}
},
"netherlands-flag.png":
{
	"frame": {"x":1798,"y":233,"w":130,"h":76},
	"rotated": false,
	"trimmed": false,
	"spriteSourceSize": {"x":0,"y":0,"w":130,"h":76},
	"sourceSize": {"w":130,"h":76},
	"pivot": {"x":0.5,"y":0.5}
},
"norway-flag.png":
{
	"frame": {"x":1395,"y":287,"w":130,"h":76},
	"rotated": false,
	"trimmed": false,
	"spriteSourceSize": {"x":0,"y":0,"w":130,"h":76},
	"sourceSize": {"w":130,"h":76},
	"pivot": {"x":0.5,"y":0.5}
},
"orange-pixel.png":
{
	"frame": {"x":2,"y":711,"w":78,"h":78},
	"rotated": false,
	"trimmed": false,
	"spriteSourceSize": {"x":0,"y":0,"w":78,"h":78},
	"sourceSize": {"w":78,"h":78},
	"pivot": {"x":0.5,"y":0.5}
},
"panda-bear-78x78.jpg":
{
	"frame": {"x":2,"y":626,"w":78,"h":78},
	"rotated": false,
	"trimmed": false,
	"spriteSourceSize": {"x":0,"y":0,"w":78,"h":78},
	"sourceSize": {"w":78,"h":78},
	"pivot": {"x":0.5,"y":0.5}
},
"play_text_button.png":
{
	"frame": {"x":145,"y":236,"w":212,"h":113},
	"rotated": false,
	"trimmed": false,
	"spriteSourceSize": {"x":0,"y":0,"w":212,"h":113},
	"sourceSize": {"w":212,"h":113},
	"pivot": {"x":0.5,"y":0.5}
},
"poland-flag.png":
{
	"frame": {"x":1526,"y":287,"w":130,"h":76},
	"rotated": false,
	"trimmed": false,
	"spriteSourceSize": {"x":0,"y":0,"w":130,"h":76},
	"sourceSize": {"w":130,"h":76},
	"pivot": {"x":0.5,"y":0.5}
},
"portugal-flag.png":
{
	"frame": {"x":1109,"y":378,"w":130,"h":76},
	"rotated": false,
	"trimmed": false,
	"spriteSourceSize": {"x":0,"y":0,"w":130,"h":76},
	"sourceSize": {"w":130,"h":76},
	"pivot": {"x":0.5,"y":0.5}
},
"princess-bubblegum-78x78.jpg":
{
	"frame": {"x":2,"y":532,"w":78,"h":78},
	"rotated": false,
	"trimmed": false,
	"spriteSourceSize": {"x":0,"y":0,"w":78,"h":78},
	"sourceSize": {"w":78,"h":78},
	"pivot": {"x":0.5,"y":0.5}
},
"prohyas-78x78.jpg":
{
	"frame": {"x":2,"y":790,"w":78,"h":78},
	"rotated": false,
	"trimmed": false,
	"spriteSourceSize": {"x":0,"y":0,"w":78,"h":78},
	"sourceSize": {"w":78,"h":78},
	"pivot": {"x":0.5,"y":0.5}
},
"quickplay-hover.png":
{
	"frame": {"x":369,"y":2,"w":297,"h":82},
	"rotated": false,
	"trimmed": false,
	"spriteSourceSize": {"x":0,"y":0,"w":297,"h":82},
	"sourceSize": {"w":297,"h":82},
	"pivot": {"x":0.5,"y":0.5}
},
"quickplay-normal.png":
{
	"frame": {"x":358,"y":206,"w":297,"h":82},
	"rotated": false,
	"trimmed": false,
	"spriteSourceSize": {"x":0,"y":0,"w":297,"h":82},
	"sourceSize": {"w":297,"h":82},
	"pivot": {"x":0.5,"y":0.5}
},
"richard-78x78.jpg":
{
	"frame": {"x":2,"y":869,"w":78,"h":78},
	"rotated": false,
	"trimmed": false,
	"spriteSourceSize": {"x":0,"y":0,"w":78,"h":78},
	"sourceSize": {"w":78,"h":78},
	"pivot": {"x":0.5,"y":0.5}
},
"rigby-78x78.jpg":
{
	"frame": {"x":81,"y":711,"w":78,"h":78},
	"rotated": false,
	"trimmed": false,
	"spriteSourceSize": {"x":0,"y":0,"w":78,"h":78},
	"sourceSize": {"w":78,"h":78},
	"pivot": {"x":0.5,"y":0.5}
},
"romania-flag.png":
{
	"frame": {"x":1657,"y":310,"w":130,"h":76},
	"rotated": false,
	"trimmed": false,
	"spriteSourceSize": {"x":0,"y":0,"w":130,"h":76},
	"sourceSize": {"w":130,"h":76},
	"pivot": {"x":0.5,"y":0.5}
},
"roulette_dot_pink.png":
{
	"frame": {"x":145,"y":350,"w":20,"h":20},
	"rotated": false,
	"trimmed": false,
	"spriteSourceSize": {"x":0,"y":0,"w":20,"h":20},
	"sourceSize": {"w":20,"h":20},
	"pivot": {"x":0.5,"y":0.5}
},
"roulette_dot_white.png":
{
	"frame": {"x":166,"y":350,"w":20,"h":20},
	"rotated": false,
	"trimmed": false,
	"spriteSourceSize": {"x":0,"y":0,"w":20,"h":20},
	"sourceSize": {"w":20,"h":20},
	"pivot": {"x":0.5,"y":0.5}
},
"russia-flag.png":
{
	"frame": {"x":1788,"y":310,"w":130,"h":76},
	"rotated": false,
	"trimmed": false,
	"spriteSourceSize": {"x":0,"y":0,"w":130,"h":76},
	"sourceSize": {"w":130,"h":76},
	"pivot": {"x":0.5,"y":0.5}
},
"saudi-arabia-flag.png":
{
	"frame": {"x":1383,"y":364,"w":130,"h":76},
	"rotated": false,
	"trimmed": false,
	"spriteSourceSize": {"x":0,"y":0,"w":130,"h":76},
	"sourceSize": {"w":130,"h":76},
	"pivot": {"x":0.5,"y":0.5}
},
"south-africa-flag.png":
{
	"frame": {"x":1240,"y":397,"w":130,"h":76},
	"rotated": false,
	"trimmed": false,
	"spriteSourceSize": {"x":0,"y":0,"w":130,"h":76},
	"sourceSize": {"w":130,"h":76},
	"pivot": {"x":0.5,"y":0.5}
},
"space-bar-hover.png":
{
	"frame": {"x":991,"y":324,"w":278,"h":53},
	"rotated": false,
	"trimmed": false,
	"spriteSourceSize": {"x":0,"y":0,"w":278,"h":53},
	"sourceSize": {"w":278,"h":53},
	"pivot": {"x":0.5,"y":0.5}
},
"space-bar.png":
{
	"frame": {"x":1416,"y":2,"w":278,"h":53},
	"rotated": false,
	"trimmed": false,
	"spriteSourceSize": {"x":0,"y":0,"w":278,"h":53},
	"sourceSize": {"w":278,"h":53},
	"pivot": {"x":0.5,"y":0.5}
},
"spain-flag.png":
{
	"frame": {"x":1906,"y":397,"w":129,"h":76},
	"rotated": false,
	"trimmed": false,
	"spriteSourceSize": {"x":0,"y":0,"w":129,"h":76},
	"sourceSize": {"w":129,"h":76},
	"pivot": {"x":0.5,"y":0.5}
},
"sweden-flag.png":
{
	"frame": {"x":1109,"y":455,"w":130,"h":76},
	"rotated": false,
	"trimmed": false,
	"spriteSourceSize": {"x":0,"y":0,"w":130,"h":76},
	"sourceSize": {"w":130,"h":76},
	"pivot": {"x":0.5,"y":0.5}
},
"touch-icon-ball.png":
{
	"frame": {"x":2,"y":236,"w":142,"h":142},
	"rotated": false,
	"trimmed": false,
	"spriteSourceSize": {"x":0,"y":0,"w":142,"h":142},
	"sourceSize": {"w":142,"h":142},
	"pivot": {"x":0.5,"y":0.5}
},
"tournament-hover.png":
{
	"frame": {"x":358,"y":289,"w":297,"h":82},
	"rotated": false,
	"trimmed": false,
	"spriteSourceSize": {"x":0,"y":0,"w":297,"h":82},
	"sourceSize": {"w":297,"h":82},
	"pivot": {"x":0.5,"y":0.5}
},
"tournament-normal.png":
{
	"frame": {"x":381,"y":85,"w":297,"h":82},
	"rotated": false,
	"trimmed": false,
	"spriteSourceSize": {"x":0,"y":0,"w":297,"h":82},
	"sourceSize": {"w":297,"h":82},
	"pivot": {"x":0.5,"y":0.5}
},
"transparent-pixel.png":
{
	"frame": {"x":145,"y":371,"w":1,"h":1},
	"rotated": false,
	"trimmed": false,
	"spriteSourceSize": {"x":0,"y":0,"w":1,"h":1},
	"sourceSize": {"w":1,"h":1},
	"pivot": {"x":0.5,"y":0.5}
},
"turkey-flag.png":
{
	"frame": {"x":1514,"y":364,"w":130,"h":76},
	"rotated": false,
	"trimmed": false,
	"spriteSourceSize": {"x":0,"y":0,"w":130,"h":76},
	"sourceSize": {"w":130,"h":76},
	"pivot": {"x":0.5,"y":0.5}
},
"tutorial_arrow.png":
{
	"frame": {"x":1545,"y":573,"w":40,"h":52},
	"rotated": false,
	"trimmed": false,
	"spriteSourceSize": {"x":0,"y":0,"w":40,"h":52},
	"sourceSize": {"w":40,"h":52},
	"pivot": {"x":0.5,"y":0.5}
},
"uae-flag.png":
{
	"frame": {"x":1371,"y":441,"w":129,"h":76},
	"rotated": false,
	"trimmed": false,
	"spriteSourceSize": {"x":0,"y":0,"w":129,"h":76},
	"sourceSize": {"w":129,"h":76},
	"pivot": {"x":0.5,"y":0.5}
},
"uk-flag.png":
{
	"frame": {"x":1645,"y":387,"w":130,"h":76},
	"rotated": false,
	"trimmed": false,
	"spriteSourceSize": {"x":0,"y":0,"w":130,"h":76},
	"sourceSize": {"w":130,"h":76},
	"pivot": {"x":0.5,"y":0.5}
},
"vambre-78x78.jpg":
{
	"frame": {"x":81,"y":626,"w":78,"h":78},
	"rotated": false,
	"trimmed": false,
	"spriteSourceSize": {"x":0,"y":0,"w":78,"h":78},
	"sourceSize": {"w":78,"h":78},
	"pivot": {"x":0.5,"y":0.5}
},
"xlr8-78x78.jpg":
{
	"frame": {"x":81,"y":532,"w":78,"h":78},
	"rotated": false,
	"trimmed": false,
	"spriteSourceSize": {"x":0,"y":0,"w":78,"h":78},
	"sourceSize": {"w":78,"h":78},
	"pivot": {"x":0.5,"y":0.5}
}},
"meta": {
	"app": "http://www.codeandweb.com/texturepacker",
	"version": "1.0",
	"image": "buttons.png",
	"format": "RGBA8888",
	"size": {"w":2048,"h":1024},
	"scale": "1",
	"smartupdate": "$TexturePacker:SmartUpdate:96beb2aaca84370dc4b5157653dbf29c:e3083939438ba7d8f71de145bc2bd529:b34c8670b11bb20cb1751a70d3683e22$"
}
}
