{"frames": {

"captains-panel.png":
{
	"frame": {"x":2,"y":366,"w":200,"h":363},
	"rotated": false,
	"trimmed": false,
	"spriteSourceSize": {"x":0,"y":0,"w":200,"h":363},
	"sourceSize": {"w":200,"h":363},
	"pivot": {"x":0.5,"y":0.5}
},
"close-player-selected.png":
{
	"frame": {"x":730,"y":218,"w":29,"h":29},
	"rotated": false,
	"trimmed": false,
	"spriteSourceSize": {"x":0,"y":0,"w":29,"h":29},
	"sourceSize": {"w":29,"h":29},
	"pivot": {"x":0.5,"y":0.5}
},
"country-select-popup.png":
{
	"frame": {"x":210,"y":710,"w":376,"h":178},
	"rotated": false,
	"trimmed": false,
	"spriteSourceSize": {"x":0,"y":0,"w":376,"h":178},
	"sourceSize": {"w":376,"h":178},
	"pivot": {"x":0.5,"y":0.5}
},
"dialogue.png":
{
	"frame": {"x":210,"y":889,"w":1106,"h":127},
	"rotated": false,
	"trimmed": false,
	"spriteSourceSize": {"x":0,"y":0,"w":1106,"h":127},
	"sourceSize": {"w":1106,"h":127},
	"pivot": {"x":0.5,"y":0.5}
},
"icon_country.png":
{
	"frame": {"x":386,"y":327,"w":30,"h":30},
	"rotated": false,
	"trimmed": false,
	"spriteSourceSize": {"x":0,"y":0,"w":30,"h":30},
	"sourceSize": {"w":30,"h":30},
	"pivot": {"x":0.5,"y":0.5}
},
"icon_goal_difference.png":
{
	"frame": {"x":2009,"y":178,"w":30,"h":30},
	"rotated": false,
	"trimmed": false,
	"spriteSourceSize": {"x":0,"y":0,"w":30,"h":30},
	"sourceSize": {"w":30,"h":30},
	"pivot": {"x":0.5,"y":0.5}
},
"icon_lost.png":
{
	"frame": {"x":2009,"y":209,"w":30,"h":30},
	"rotated": false,
	"trimmed": false,
	"spriteSourceSize": {"x":0,"y":0,"w":30,"h":30},
	"sourceSize": {"w":30,"h":30},
	"pivot": {"x":0.5,"y":0.5}
},
"icon_points.png":
{
	"frame": {"x":1104,"y":121,"w":30,"h":30},
	"rotated": false,
	"trimmed": false,
	"spriteSourceSize": {"x":0,"y":0,"w":30,"h":30},
	"sourceSize": {"w":30,"h":30},
	"pivot": {"x":0.5,"y":0.5}
},
"icon_won.png":
{
	"frame": {"x":1104,"y":152,"w":30,"h":30},
	"rotated": false,
	"trimmed": false,
	"spriteSourceSize": {"x":0,"y":0,"w":30,"h":30},
	"sourceSize": {"w":30,"h":30},
	"pivot": {"x":0.5,"y":0.5}
},
"instructions-arrowkeys.png":
{
	"frame": {"x":1135,"y":145,"w":168,"h":112},
	"rotated": false,
	"trimmed": false,
	"spriteSourceSize": {"x":0,"y":0,"w":168,"h":112},
	"sourceSize": {"w":168,"h":112},
	"pivot": {"x":0.5,"y":0.5}
},
"instructions-button-off.png":
{
	"frame": {"x":1952,"y":178,"w":56,"h":56},
	"rotated": false,
	"trimmed": false,
	"spriteSourceSize": {"x":0,"y":0,"w":56,"h":56},
	"sourceSize": {"w":56,"h":56},
	"pivot": {"x":0.5,"y":0.5}
},
"instructions-button-on.png":
{
	"frame": {"x":730,"y":103,"w":52,"h":52},
	"rotated": false,
	"trimmed": false,
	"spriteSourceSize": {"x":0,"y":0,"w":52,"h":52},
	"sourceSize": {"w":52,"h":52},
	"pivot": {"x":0.5,"y":0.5}
},
"placeholder-player-circle.png":
{
	"frame": {"x":1952,"y":103,"w":74,"h":74},
	"rotated": false,
	"trimmed": false,
	"spriteSourceSize": {"x":0,"y":0,"w":74,"h":74},
	"sourceSize": {"w":74,"h":74},
	"pivot": {"x":0.5,"y":0.5}
},
"player-select-icons-power.png":
{
	"frame": {"x":1104,"y":183,"w":30,"h":30},
	"rotated": false,
	"trimmed": false,
	"spriteSourceSize": {"x":0,"y":0,"w":30,"h":30},
	"sourceSize": {"w":30,"h":30},
	"pivot": {"x":0.5,"y":0.5}
},
"player-select-icons-skill.png":
{
	"frame": {"x":730,"y":156,"w":30,"h":30},
	"rotated": false,
	"trimmed": false,
	"spriteSourceSize": {"x":0,"y":0,"w":30,"h":30},
	"sourceSize": {"w":30,"h":30},
	"pivot": {"x":0.5,"y":0.5}
},
"player-select-icons-speed.png":
{
	"frame": {"x":730,"y":187,"w":30,"h":30},
	"rotated": false,
	"trimmed": false,
	"spriteSourceSize": {"x":0,"y":0,"w":30,"h":30},
	"sourceSize": {"w":30,"h":30},
	"pivot": {"x":0.5,"y":0.5}
},
"players-panel.png":
{
	"frame": {"x":2,"y":2,"w":383,"h":363},
	"rotated": false,
	"trimmed": false,
	"spriteSourceSize": {"x":0,"y":0,"w":383,"h":363},
	"sourceSize": {"w":383,"h":363},
	"pivot": {"x":0.5,"y":0.5}
},
"roulette_dot_pink.png":
{
	"frame": {"x":1292,"y":2,"w":20,"h":20},
	"rotated": false,
	"trimmed": false,
	"spriteSourceSize": {"x":0,"y":0,"w":20,"h":20},
	"sourceSize": {"w":20,"h":20},
	"pivot": {"x":0.5,"y":0.5}
},
"roulette_dot_white.png":
{
	"frame": {"x":1292,"y":23,"w":20,"h":20},
	"rotated": false,
	"trimmed": false,
	"spriteSourceSize": {"x":0,"y":0,"w":20,"h":20},
	"sourceSize": {"w":20,"h":20},
	"pivot": {"x":0.5,"y":0.5}
},
"scrollbar_bg.png":
{
	"frame": {"x":386,"y":2,"w":29,"h":324},
	"rotated": false,
	"trimmed": false,
	"spriteSourceSize": {"x":0,"y":0,"w":29,"h":324},
	"sourceSize": {"w":29,"h":324},
	"pivot": {"x":0.5,"y":0.5}
},
"scrollbar_button.png":
{
	"frame": {"x":1104,"y":76,"w":44,"h":44},
	"rotated": false,
	"trimmed": false,
	"spriteSourceSize": {"x":0,"y":0,"w":44,"h":44},
	"sourceSize": {"w":44,"h":44},
	"pivot": {"x":0.5,"y":0.5}
},
"sponsor-background.png":
{
	"frame": {"x":416,"y":2,"w":370,"h":100},
	"rotated": false,
	"trimmed": false,
	"spriteSourceSize": {"x":0,"y":0,"w":370,"h":100},
	"sourceSize": {"w":370,"h":100},
	"pivot": {"x":0.5,"y":0.5}
},
"stats-panel-pitch.jpg":
{
	"frame": {"x":203,"y":366,"w":240,"h":343},
	"rotated": false,
	"trimmed": false,
	"spriteSourceSize": {"x":0,"y":0,"w":240,"h":343},
	"sourceSize": {"w":240,"h":343},
	"pivot": {"x":0.5,"y":0.5}
},
"title-bar-final-score-background.png":
{
	"frame": {"x":1317,"y":103,"w":634,"h":105},
	"rotated": false,
	"trimmed": false,
	"spriteSourceSize": {"x":0,"y":0,"w":634,"h":105},
	"sourceSize": {"w":634,"h":105},
	"pivot": {"x":0.5,"y":0.5}
},
"title-bar-long.png":
{
	"frame": {"x":1317,"y":2,"w":712,"h":100},
	"rotated": false,
	"trimmed": false,
	"spriteSourceSize": {"x":0,"y":0,"w":712,"h":100},
	"sourceSize": {"w":712,"h":100},
	"pivot": {"x":0.5,"y":0.5}
},
"title-bar-short.png":
{
	"frame": {"x":787,"y":2,"w":361,"h":73},
	"rotated": false,
	"trimmed": false,
	"spriteSourceSize": {"x":0,"y":0,"w":361,"h":73},
	"sourceSize": {"w":361,"h":73},
	"pivot": {"x":0.5,"y":0.5}
},
"tooltip_explaination.png":
{
	"frame": {"x":761,"y":202,"w":258,"h":75},
	"rotated": false,
	"trimmed": false,
	"spriteSourceSize": {"x":0,"y":0,"w":258,"h":75},
	"sourceSize": {"w":258,"h":75},
	"pivot": {"x":0.5,"y":0.5}
},
"touch-button-background.png":
{
	"frame": {"x":416,"y":103,"w":142,"h":142},
	"rotated": false,
	"trimmed": false,
	"spriteSourceSize": {"x":0,"y":0,"w":142,"h":142},
	"sourceSize": {"w":142,"h":142},
	"pivot": {"x":0.5,"y":0.5}
},
"touch-button-blue-on.png":
{
	"frame": {"x":1149,"y":2,"w":142,"h":142},
	"rotated": false,
	"trimmed": false,
	"spriteSourceSize": {"x":0,"y":0,"w":142,"h":142},
	"sourceSize": {"w":142,"h":142},
	"pivot": {"x":0.5,"y":0.5}
},
"touch-button-blue.png":
{
	"frame": {"x":587,"y":103,"w":142,"h":142},
	"rotated": false,
	"trimmed": false,
	"spriteSourceSize": {"x":0,"y":0,"w":142,"h":142},
	"sourceSize": {"w":142,"h":142},
	"pivot": {"x":0.5,"y":0.5}
},
"touch-button-movement.png":
{
	"frame": {"x":417,"y":246,"w":116,"h":116},
	"rotated": false,
	"trimmed": false,
	"spriteSourceSize": {"x":0,"y":0,"w":116,"h":116},
	"sourceSize": {"w":116,"h":116},
	"pivot": {"x":0.5,"y":0.5}
},
"touch-button-yellow-on.png":
{
	"frame": {"x":587,"y":246,"w":142,"h":142},
	"rotated": false,
	"trimmed": false,
	"spriteSourceSize": {"x":0,"y":0,"w":142,"h":142},
	"sourceSize": {"w":142,"h":142},
	"pivot": {"x":0.5,"y":0.5}
},
"touch-button-yellow.png":
{
	"frame": {"x":444,"y":363,"w":142,"h":142},
	"rotated": false,
	"trimmed": false,
	"spriteSourceSize": {"x":0,"y":0,"w":142,"h":142},
	"sourceSize": {"w":142,"h":142},
	"pivot": {"x":0.5,"y":0.5}
},
"touch-icon-pass.png":
{
	"frame": {"x":444,"y":506,"w":142,"h":142},
	"rotated": false,
	"trimmed": false,
	"spriteSourceSize": {"x":0,"y":0,"w":142,"h":142},
	"sourceSize": {"w":142,"h":142},
	"pivot": {"x":0.5,"y":0.5}
},
"touch-icon-shoot.png":
{
	"frame": {"x":587,"y":389,"w":142,"h":142},
	"rotated": false,
	"trimmed": false,
	"spriteSourceSize": {"x":0,"y":0,"w":142,"h":142},
	"sourceSize": {"w":142,"h":142},
	"pivot": {"x":0.5,"y":0.5}
},
"touch-icon-tackle.png":
{
	"frame": {"x":587,"y":532,"w":142,"h":142},
	"rotated": false,
	"trimmed": false,
	"spriteSourceSize": {"x":0,"y":0,"w":142,"h":142},
	"sourceSize": {"w":142,"h":142},
	"pivot": {"x":0.5,"y":0.5}
},
"tournament-pop-up.png":
{
	"frame": {"x":787,"y":76,"w":316,"h":125},
	"rotated": false,
	"trimmed": false,
	"spriteSourceSize": {"x":0,"y":0,"w":316,"h":125},
	"sourceSize": {"w":316,"h":125},
	"pivot": {"x":0.5,"y":0.5}
},
"trophy-winner.png":
{
	"frame": {"x":2,"y":730,"w":207,"h":279},
	"rotated": false,
	"trimmed": false,
	"spriteSourceSize": {"x":0,"y":0,"w":207,"h":279},
	"sourceSize": {"w":207,"h":279},
	"pivot": {"x":0.5,"y":0.5}
}},
"meta": {
	"app": "http://www.codeandweb.com/texturepacker",
	"version": "1.0",
	"image": "panels.png",
	"format": "RGBA8888",
	"size": {"w":2048,"h":1024},
	"scale": "1",
	"smartupdate": "$TexturePacker:SmartUpdate:089891c8879426e679d95fc454c52e21:b744fe8fe1934133ed17c4c6ca78c1af:d431f8d081158b6c9986365a6c49ed55$"
}
}
