{"frames": {

"characters_ben10_celebrate0001.png":
{
	"frame": {"x":815,"y":138,"w":65,"h":134},
	"rotated": false,
	"trimmed": true,
	"spriteSourceSize": {"x":106,"y":97,"w":65,"h":134},
	"sourceSize": {"w":270,"h":240}
},
"characters_ben10_celebrate0002.png":
{
	"frame": {"x":815,"y":138,"w":65,"h":134},
	"rotated": false,
	"trimmed": true,
	"spriteSourceSize": {"x":106,"y":97,"w":65,"h":134},
	"sourceSize": {"w":270,"h":240}
},
"characters_ben10_celebrate0003.png":
{
	"frame": {"x":846,"y":274,"w":65,"h":134},
	"rotated": false,
	"trimmed": true,
	"spriteSourceSize": {"x":106,"y":97,"w":65,"h":134},
	"sourceSize": {"w":270,"h":240}
},
"characters_ben10_celebrate0004.png":
{
	"frame": {"x":846,"y":274,"w":65,"h":134},
	"rotated": false,
	"trimmed": true,
	"spriteSourceSize": {"x":106,"y":97,"w":65,"h":134},
	"sourceSize": {"w":270,"h":240}
},
"characters_ben10_celebrate0005.png":
{
	"frame": {"x":1019,"y":137,"w":71,"h":133},
	"rotated": false,
	"trimmed": true,
	"spriteSourceSize": {"x":105,"y":98,"w":71,"h":133},
	"sourceSize": {"w":270,"h":240}
},
"characters_ben10_celebrate0006.png":
{
	"frame": {"x":1019,"y":137,"w":71,"h":133},
	"rotated": false,
	"trimmed": true,
	"spriteSourceSize": {"x":105,"y":98,"w":71,"h":133},
	"sourceSize": {"w":270,"h":240}
},
"characters_ben10_celebrate0007.png":
{
	"frame": {"x":1019,"y":137,"w":71,"h":133},
	"rotated": false,
	"trimmed": true,
	"spriteSourceSize": {"x":105,"y":98,"w":71,"h":133},
	"sourceSize": {"w":270,"h":240}
},
"characters_ben10_celebrate0008.png":
{
	"frame": {"x":1019,"y":137,"w":71,"h":133},
	"rotated": false,
	"trimmed": true,
	"spriteSourceSize": {"x":105,"y":98,"w":71,"h":133},
	"sourceSize": {"w":270,"h":240}
},
"characters_ben10_celebrate0009.png":
{
	"frame": {"x":971,"y":2,"w":77,"h":133},
	"rotated": false,
	"trimmed": true,
	"spriteSourceSize": {"x":103,"y":98,"w":77,"h":133},
	"sourceSize": {"w":270,"h":240}
},
"characters_ben10_celebrate0010.png":
{
	"frame": {"x":971,"y":2,"w":77,"h":133},
	"rotated": false,
	"trimmed": true,
	"spriteSourceSize": {"x":103,"y":98,"w":77,"h":133},
	"sourceSize": {"w":270,"h":240}
},
"characters_ben10_celebrate0011.png":
{
	"frame": {"x":1177,"y":2,"w":80,"h":132},
	"rotated": false,
	"trimmed": true,
	"spriteSourceSize": {"x":102,"y":99,"w":80,"h":132},
	"sourceSize": {"w":270,"h":240}
},
"characters_ben10_celebrate0012.png":
{
	"frame": {"x":1177,"y":2,"w":80,"h":132},
	"rotated": false,
	"trimmed": true,
	"spriteSourceSize": {"x":102,"y":99,"w":80,"h":132},
	"sourceSize": {"w":270,"h":240}
},
"characters_ben10_celebrate0013.png":
{
	"frame": {"x":971,"y":2,"w":77,"h":133},
	"rotated": false,
	"trimmed": true,
	"spriteSourceSize": {"x":103,"y":98,"w":77,"h":133},
	"sourceSize": {"w":270,"h":240}
},
"characters_ben10_celebrate0014.png":
{
	"frame": {"x":971,"y":2,"w":77,"h":133},
	"rotated": false,
	"trimmed": true,
	"spriteSourceSize": {"x":103,"y":98,"w":77,"h":133},
	"sourceSize": {"w":270,"h":240}
},
"characters_ben10_celebrate0015.png":
{
	"frame": {"x":1177,"y":2,"w":80,"h":132},
	"rotated": false,
	"trimmed": true,
	"spriteSourceSize": {"x":102,"y":99,"w":80,"h":132},
	"sourceSize": {"w":270,"h":240}
},
"characters_ben10_celebrate0016.png":
{
	"frame": {"x":1177,"y":2,"w":80,"h":132},
	"rotated": false,
	"trimmed": true,
	"spriteSourceSize": {"x":102,"y":99,"w":80,"h":132},
	"sourceSize": {"w":270,"h":240}
},
"characters_ben10_celebrate0017.png":
{
	"frame": {"x":971,"y":2,"w":77,"h":133},
	"rotated": false,
	"trimmed": true,
	"spriteSourceSize": {"x":103,"y":98,"w":77,"h":133},
	"sourceSize": {"w":270,"h":240}
},
"characters_ben10_celebrate0018.png":
{
	"frame": {"x":971,"y":2,"w":77,"h":133},
	"rotated": false,
	"trimmed": true,
	"spriteSourceSize": {"x":103,"y":98,"w":77,"h":133},
	"sourceSize": {"w":270,"h":240}
},
"characters_ben10_celebrate0019.png":
{
	"frame": {"x":1177,"y":2,"w":80,"h":132},
	"rotated": false,
	"trimmed": true,
	"spriteSourceSize": {"x":102,"y":99,"w":80,"h":132},
	"sourceSize": {"w":270,"h":240}
},
"characters_ben10_celebrate0020.png":
{
	"frame": {"x":1177,"y":2,"w":80,"h":132},
	"rotated": false,
	"trimmed": true,
	"spriteSourceSize": {"x":102,"y":99,"w":80,"h":132},
	"sourceSize": {"w":270,"h":240}
},
"characters_ben10_celebrate0021.png":
{
	"frame": {"x":1177,"y":2,"w":80,"h":132},
	"rotated": false,
	"trimmed": true,
	"spriteSourceSize": {"x":102,"y":99,"w":80,"h":132},
	"sourceSize": {"w":270,"h":240}
},
"characters_ben10_celebrate0022.png":
{
	"frame": {"x":1177,"y":2,"w":80,"h":132},
	"rotated": false,
	"trimmed": true,
	"spriteSourceSize": {"x":102,"y":99,"w":80,"h":132},
	"sourceSize": {"w":270,"h":240}
},
"characters_ben10_celebrate0023.png":
{
	"frame": {"x":1422,"y":2,"w":81,"h":128},
	"rotated": false,
	"trimmed": true,
	"spriteSourceSize": {"x":101,"y":103,"w":81,"h":128},
	"sourceSize": {"w":270,"h":240}
},
"characters_ben10_celebrate0024.png":
{
	"frame": {"x":1422,"y":2,"w":81,"h":128},
	"rotated": false,
	"trimmed": true,
	"spriteSourceSize": {"x":101,"y":103,"w":81,"h":128},
	"sourceSize": {"w":270,"h":240}
},
"characters_ben10_celebrate0025.png":
{
	"frame": {"x":1422,"y":2,"w":81,"h":128},
	"rotated": false,
	"trimmed": true,
	"spriteSourceSize": {"x":101,"y":103,"w":81,"h":128},
	"sourceSize": {"w":270,"h":240}
},
"characters_ben10_celebrate0026.png":
{
	"frame": {"x":1362,"y":268,"w":86,"h":126},
	"rotated": false,
	"trimmed": true,
	"spriteSourceSize": {"x":100,"y":105,"w":86,"h":126},
	"sourceSize": {"w":270,"h":240}
},
"characters_ben10_celebrate0027.png":
{
	"frame": {"x":1362,"y":268,"w":86,"h":126},
	"rotated": false,
	"trimmed": true,
	"spriteSourceSize": {"x":100,"y":105,"w":86,"h":126},
	"sourceSize": {"w":270,"h":240}
},
"characters_ben10_celebrate0028.png":
{
	"frame": {"x":1362,"y":268,"w":86,"h":126},
	"rotated": false,
	"trimmed": true,
	"spriteSourceSize": {"x":100,"y":105,"w":86,"h":126},
	"sourceSize": {"w":270,"h":240}
},
"characters_ben10_celebrate0029.png":
{
	"frame": {"x":1362,"y":268,"w":86,"h":126},
	"rotated": false,
	"trimmed": true,
	"spriteSourceSize": {"x":100,"y":105,"w":86,"h":126},
	"sourceSize": {"w":270,"h":240}
},
"characters_ben10_celebrate0030.png":
{
	"frame": {"x":393,"y":164,"w":70,"h":143},
	"rotated": false,
	"trimmed": true,
	"spriteSourceSize": {"x":109,"y":88,"w":70,"h":143},
	"sourceSize": {"w":270,"h":240}
},
"characters_ben10_celebrate0031.png":
{
	"frame": {"x":393,"y":2,"w":72,"h":160},
	"rotated": false,
	"trimmed": true,
	"spriteSourceSize": {"x":96,"y":71,"w":72,"h":160},
	"sourceSize": {"w":270,"h":240}
},
"characters_ben10_celebrate0032.png":
{
	"frame": {"x":393,"y":2,"w":72,"h":160},
	"rotated": false,
	"trimmed": true,
	"spriteSourceSize": {"x":96,"y":71,"w":72,"h":160},
	"sourceSize": {"w":270,"h":240}
},
"characters_ben10_celebrate0033.png":
{
	"frame": {"x":393,"y":164,"w":70,"h":143},
	"rotated": false,
	"trimmed": true,
	"spriteSourceSize": {"x":109,"y":88,"w":70,"h":143},
	"sourceSize": {"w":270,"h":240}
},
"characters_ben10_celebrate0034.png":
{
	"frame": {"x":1422,"y":2,"w":81,"h":128},
	"rotated": false,
	"trimmed": true,
	"spriteSourceSize": {"x":101,"y":103,"w":81,"h":128},
	"sourceSize": {"w":270,"h":240}
},
"characters_ben10_celebrate0035.png":
{
	"frame": {"x":1422,"y":2,"w":81,"h":128},
	"rotated": false,
	"trimmed": true,
	"spriteSourceSize": {"x":101,"y":103,"w":81,"h":128},
	"sourceSize": {"w":270,"h":240}
},
"characters_ben10_celebrate0036.png":
{
	"frame": {"x":1362,"y":268,"w":86,"h":126},
	"rotated": false,
	"trimmed": true,
	"spriteSourceSize": {"x":100,"y":105,"w":86,"h":126},
	"sourceSize": {"w":270,"h":240}
},
"characters_ben10_celebrate0037.png":
{
	"frame": {"x":1362,"y":268,"w":86,"h":126},
	"rotated": false,
	"trimmed": true,
	"spriteSourceSize": {"x":100,"y":105,"w":86,"h":126},
	"sourceSize": {"w":270,"h":240}
},
"characters_ben10_celebrate0038.png":
{
	"frame": {"x":1362,"y":268,"w":86,"h":126},
	"rotated": false,
	"trimmed": true,
	"spriteSourceSize": {"x":100,"y":105,"w":86,"h":126},
	"sourceSize": {"w":270,"h":240}
},
"characters_ben10_celebrate0039.png":
{
	"frame": {"x":393,"y":164,"w":70,"h":143},
	"rotated": false,
	"trimmed": true,
	"spriteSourceSize": {"x":109,"y":88,"w":70,"h":143},
	"sourceSize": {"w":270,"h":240}
},
"characters_ben10_celebrate0040.png":
{
	"frame": {"x":393,"y":2,"w":72,"h":160},
	"rotated": false,
	"trimmed": true,
	"spriteSourceSize": {"x":96,"y":71,"w":72,"h":160},
	"sourceSize": {"w":270,"h":240}
},
"characters_ben10_celebrate0041.png":
{
	"frame": {"x":393,"y":2,"w":72,"h":160},
	"rotated": false,
	"trimmed": true,
	"spriteSourceSize": {"x":96,"y":71,"w":72,"h":160},
	"sourceSize": {"w":270,"h":240}
},
"characters_ben10_celebrate0042.png":
{
	"frame": {"x":393,"y":164,"w":70,"h":143},
	"rotated": false,
	"trimmed": true,
	"spriteSourceSize": {"x":109,"y":88,"w":70,"h":143},
	"sourceSize": {"w":270,"h":240}
},
"characters_ben10_celebrate0043.png":
{
	"frame": {"x":1422,"y":2,"w":81,"h":128},
	"rotated": false,
	"trimmed": true,
	"spriteSourceSize": {"x":101,"y":103,"w":81,"h":128},
	"sourceSize": {"w":270,"h":240}
},
"characters_ben10_celebrate0044.png":
{
	"frame": {"x":1422,"y":2,"w":81,"h":128},
	"rotated": false,
	"trimmed": true,
	"spriteSourceSize": {"x":101,"y":103,"w":81,"h":128},
	"sourceSize": {"w":270,"h":240}
},
"characters_ben10_celebrate0045.png":
{
	"frame": {"x":1362,"y":268,"w":86,"h":126},
	"rotated": false,
	"trimmed": true,
	"spriteSourceSize": {"x":100,"y":105,"w":86,"h":126},
	"sourceSize": {"w":270,"h":240}
},
"characters_ben10_celebrate0046.png":
{
	"frame": {"x":1362,"y":268,"w":86,"h":126},
	"rotated": false,
	"trimmed": true,
	"spriteSourceSize": {"x":100,"y":105,"w":86,"h":126},
	"sourceSize": {"w":270,"h":240}
},
"characters_ben10_celebrate0047.png":
{
	"frame": {"x":1422,"y":2,"w":81,"h":128},
	"rotated": false,
	"trimmed": true,
	"spriteSourceSize": {"x":101,"y":103,"w":81,"h":128},
	"sourceSize": {"w":270,"h":240}
},
"characters_ben10_celebrate0048.png":
{
	"frame": {"x":1422,"y":2,"w":81,"h":128},
	"rotated": false,
	"trimmed": true,
	"spriteSourceSize": {"x":101,"y":103,"w":81,"h":128},
	"sourceSize": {"w":270,"h":240}
},
"characters_ben10_celebrate0049.png":
{
	"frame": {"x":1422,"y":2,"w":81,"h":128},
	"rotated": false,
	"trimmed": true,
	"spriteSourceSize": {"x":101,"y":103,"w":81,"h":128},
	"sourceSize": {"w":270,"h":240}
},
"characters_ben10_celebrate0050.png":
{
	"frame": {"x":1422,"y":2,"w":81,"h":128},
	"rotated": false,
	"trimmed": true,
	"spriteSourceSize": {"x":101,"y":103,"w":81,"h":128},
	"sourceSize": {"w":270,"h":240}
},
"characters_ben10_celebrate0051.png":
{
	"frame": {"x":1259,"y":2,"w":71,"h":132},
	"rotated": false,
	"trimmed": true,
	"spriteSourceSize": {"x":103,"y":99,"w":71,"h":132},
	"sourceSize": {"w":270,"h":240}
},
"characters_ben10_celebrate0052.png":
{
	"frame": {"x":1259,"y":2,"w":71,"h":132},
	"rotated": false,
	"trimmed": true,
	"spriteSourceSize": {"x":103,"y":99,"w":71,"h":132},
	"sourceSize": {"w":270,"h":240}
},
"characters_ben10_celebrate0053.png":
{
	"frame": {"x":1092,"y":137,"w":67,"h":133},
	"rotated": false,
	"trimmed": true,
	"spriteSourceSize": {"x":105,"y":98,"w":67,"h":133},
	"sourceSize": {"w":270,"h":240}
},
"characters_ben10_celebrate0054.png":
{
	"frame": {"x":1092,"y":137,"w":67,"h":133},
	"rotated": false,
	"trimmed": true,
	"spriteSourceSize": {"x":105,"y":98,"w":67,"h":133},
	"sourceSize": {"w":270,"h":240}
},
"characters_ben10_celebrate0055.png":
{
	"frame": {"x":1050,"y":2,"w":68,"h":133},
	"rotated": false,
	"trimmed": true,
	"spriteSourceSize": {"x":105,"y":98,"w":68,"h":133},
	"sourceSize": {"w":270,"h":240}
},
"characters_ben10_celebrate0056.png":
{
	"frame": {"x":1050,"y":2,"w":68,"h":133},
	"rotated": false,
	"trimmed": true,
	"spriteSourceSize": {"x":105,"y":98,"w":68,"h":133},
	"sourceSize": {"w":270,"h":240}
},
"characters_ben10_celebrate0057.png":
{
	"frame": {"x":1087,"y":272,"w":68,"h":133},
	"rotated": false,
	"trimmed": true,
	"spriteSourceSize": {"x":105,"y":98,"w":68,"h":133},
	"sourceSize": {"w":270,"h":240}
},
"characters_ben10_celebrate0058.png":
{
	"frame": {"x":1087,"y":272,"w":68,"h":133},
	"rotated": false,
	"trimmed": true,
	"spriteSourceSize": {"x":105,"y":98,"w":68,"h":133},
	"sourceSize": {"w":270,"h":240}
},
"characters_ben10_celebrate0059.png":
{
	"frame": {"x":1087,"y":272,"w":68,"h":133},
	"rotated": false,
	"trimmed": true,
	"spriteSourceSize": {"x":105,"y":98,"w":68,"h":133},
	"sourceSize": {"w":270,"h":240}
},
"characters_ben10_celebrate0060.png":
{
	"frame": {"x":1087,"y":272,"w":68,"h":133},
	"rotated": false,
	"trimmed": true,
	"spriteSourceSize": {"x":105,"y":98,"w":68,"h":133},
	"sourceSize": {"w":270,"h":240}
},
"characters_ben10_celebrate0061.png":
{
	"frame": {"x":1087,"y":272,"w":68,"h":133},
	"rotated": false,
	"trimmed": true,
	"spriteSourceSize": {"x":105,"y":98,"w":68,"h":133},
	"sourceSize": {"w":270,"h":240}
},
"characters_ben10_celebrate0062.png":
{
	"frame": {"x":1087,"y":272,"w":68,"h":133},
	"rotated": false,
	"trimmed": true,
	"spriteSourceSize": {"x":105,"y":98,"w":68,"h":133},
	"sourceSize": {"w":270,"h":240}
},
"characters_ben10_celebrate0063.png":
{
	"frame": {"x":1087,"y":272,"w":68,"h":133},
	"rotated": false,
	"trimmed": true,
	"spriteSourceSize": {"x":105,"y":98,"w":68,"h":133},
	"sourceSize": {"w":270,"h":240}
},
"characters_ben10_celebrate0064.png":
{
	"frame": {"x":1087,"y":272,"w":68,"h":133},
	"rotated": false,
	"trimmed": true,
	"spriteSourceSize": {"x":105,"y":98,"w":68,"h":133},
	"sourceSize": {"w":270,"h":240}
},
"characters_ben10_celebrate0065.png":
{
	"frame": {"x":1087,"y":272,"w":68,"h":133},
	"rotated": false,
	"trimmed": true,
	"spriteSourceSize": {"x":105,"y":98,"w":68,"h":133},
	"sourceSize": {"w":270,"h":240}
},
"characters_ben10_celebrate0066.png":
{
	"frame": {"x":1087,"y":272,"w":68,"h":133},
	"rotated": false,
	"trimmed": true,
	"spriteSourceSize": {"x":105,"y":98,"w":68,"h":133},
	"sourceSize": {"w":270,"h":240}
},
"characters_ben10_celebrate0067.png":
{
	"frame": {"x":1087,"y":272,"w":68,"h":133},
	"rotated": false,
	"trimmed": true,
	"spriteSourceSize": {"x":105,"y":98,"w":68,"h":133},
	"sourceSize": {"w":270,"h":240}
},
"characters_ben10_celebrate0068.png":
{
	"frame": {"x":1087,"y":272,"w":68,"h":133},
	"rotated": false,
	"trimmed": true,
	"spriteSourceSize": {"x":105,"y":98,"w":68,"h":133},
	"sourceSize": {"w":270,"h":240}
},
"characters_ben10_celebrate0069.png":
{
	"frame": {"x":1087,"y":272,"w":68,"h":133},
	"rotated": false,
	"trimmed": true,
	"spriteSourceSize": {"x":105,"y":98,"w":68,"h":133},
	"sourceSize": {"w":270,"h":240}
},
"characters_ben10_celebrate0070.png":
{
	"frame": {"x":1087,"y":272,"w":68,"h":133},
	"rotated": false,
	"trimmed": true,
	"spriteSourceSize": {"x":105,"y":98,"w":68,"h":133},
	"sourceSize": {"w":270,"h":240}
},
"characters_ben10_celebrate0071.png":
{
	"frame": {"x":1087,"y":272,"w":68,"h":133},
	"rotated": false,
	"trimmed": true,
	"spriteSourceSize": {"x":105,"y":98,"w":68,"h":133},
	"sourceSize": {"w":270,"h":240}
},
"characters_ben10_celebrate0072.png":
{
	"frame": {"x":1087,"y":272,"w":68,"h":133},
	"rotated": false,
	"trimmed": true,
	"spriteSourceSize": {"x":105,"y":98,"w":68,"h":133},
	"sourceSize": {"w":270,"h":240}
},
"characters_ben10_celebrate0073.png":
{
	"frame": {"x":1087,"y":272,"w":68,"h":133},
	"rotated": false,
	"trimmed": true,
	"spriteSourceSize": {"x":105,"y":98,"w":68,"h":133},
	"sourceSize": {"w":270,"h":240}
},
"characters_ben10_celebrate0074.png":
{
	"frame": {"x":1087,"y":272,"w":68,"h":133},
	"rotated": false,
	"trimmed": true,
	"spriteSourceSize": {"x":105,"y":98,"w":68,"h":133},
	"sourceSize": {"w":270,"h":240}
},
"characters_ben10_celebrate0075.png":
{
	"frame": {"x":1087,"y":272,"w":68,"h":133},
	"rotated": false,
	"trimmed": true,
	"spriteSourceSize": {"x":105,"y":98,"w":68,"h":133},
	"sourceSize": {"w":270,"h":240}
},
"characters_ben10_celebrate0076.png":
{
	"frame": {"x":1087,"y":272,"w":68,"h":133},
	"rotated": false,
	"trimmed": true,
	"spriteSourceSize": {"x":105,"y":98,"w":68,"h":133},
	"sourceSize": {"w":270,"h":240}
},
"characters_ben10_celebrate0077.png":
{
	"frame": {"x":1087,"y":272,"w":68,"h":133},
	"rotated": false,
	"trimmed": true,
	"spriteSourceSize": {"x":105,"y":98,"w":68,"h":133},
	"sourceSize": {"w":270,"h":240}
},
"characters_ben10_celebrate0078.png":
{
	"frame": {"x":1087,"y":272,"w":68,"h":133},
	"rotated": false,
	"trimmed": true,
	"spriteSourceSize": {"x":105,"y":98,"w":68,"h":133},
	"sourceSize": {"w":270,"h":240}
},
"characters_ben10_celebrate0079.png":
{
	"frame": {"x":1087,"y":272,"w":68,"h":133},
	"rotated": false,
	"trimmed": true,
	"spriteSourceSize": {"x":105,"y":98,"w":68,"h":133},
	"sourceSize": {"w":270,"h":240}
},
"characters_ben10_celebrate0080.png":
{
	"frame": {"x":1087,"y":272,"w":68,"h":133},
	"rotated": false,
	"trimmed": true,
	"spriteSourceSize": {"x":105,"y":98,"w":68,"h":133},
	"sourceSize": {"w":270,"h":240}
},
"characters_ben10_celebrate0081.png":
{
	"frame": {"x":1087,"y":272,"w":68,"h":133},
	"rotated": false,
	"trimmed": true,
	"spriteSourceSize": {"x":105,"y":98,"w":68,"h":133},
	"sourceSize": {"w":270,"h":240}
},
"characters_ben10_celebrate0082.png":
{
	"frame": {"x":1087,"y":272,"w":68,"h":133},
	"rotated": false,
	"trimmed": true,
	"spriteSourceSize": {"x":105,"y":98,"w":68,"h":133},
	"sourceSize": {"w":270,"h":240}
},
"characters_ben10_celebrate0083.png":
{
	"frame": {"x":1087,"y":272,"w":68,"h":133},
	"rotated": false,
	"trimmed": true,
	"spriteSourceSize": {"x":105,"y":98,"w":68,"h":133},
	"sourceSize": {"w":270,"h":240}
},
"characters_ben10_dash0001.png":
{
	"frame": {"x":1258,"y":271,"w":102,"h":131},
	"rotated": false,
	"trimmed": true,
	"spriteSourceSize": {"x":73,"y":100,"w":102,"h":131},
	"sourceSize": {"w":270,"h":240}
},
"characters_ben10_dash0002.png":
{
	"frame": {"x":913,"y":274,"w":97,"h":133},
	"rotated": false,
	"trimmed": true,
	"spriteSourceSize": {"x":73,"y":98,"w":97,"h":133},
	"sourceSize": {"w":270,"h":240}
},
"characters_ben10_dash0003.png":
{
	"frame": {"x":491,"y":305,"w":97,"h":136},
	"rotated": false,
	"trimmed": true,
	"spriteSourceSize": {"x":78,"y":95,"w":97,"h":136},
	"sourceSize": {"w":270,"h":240}
},
"characters_ben10_dash0004.png":
{
	"frame": {"x":393,"y":309,"w":96,"h":139},
	"rotated": false,
	"trimmed": true,
	"spriteSourceSize": {"x":78,"y":92,"w":96,"h":139},
	"sourceSize": {"w":270,"h":240}
},
"characters_ben10_dash0005.png":
{
	"frame": {"x":1261,"y":136,"w":88,"h":131},
	"rotated": false,
	"trimmed": true,
	"spriteSourceSize": {"x":91,"y":100,"w":88,"h":131},
	"sourceSize": {"w":270,"h":240}
},
"characters_ben10_dash0006.png":
{
	"frame": {"x":889,"y":2,"w":80,"h":133},
	"rotated": false,
	"trimmed": true,
	"spriteSourceSize": {"x":94,"y":98,"w":80,"h":133},
	"sourceSize": {"w":270,"h":240}
},
"characters_ben10_dash0007.png":
{
	"frame": {"x":612,"y":2,"w":66,"h":136},
	"rotated": false,
	"trimmed": true,
	"spriteSourceSize": {"x":103,"y":95,"w":66,"h":136},
	"sourceSize": {"w":270,"h":240}
},
"characters_ben10_dash0008.png":
{
	"frame": {"x":467,"y":2,"w":71,"h":139},
	"rotated": false,
	"trimmed": true,
	"spriteSourceSize": {"x":100,"y":92,"w":71,"h":139},
	"sourceSize": {"w":270,"h":240}
},
"characters_ben10_dash0009.png":
{
	"frame": {"x":1258,"y":271,"w":102,"h":131},
	"rotated": false,
	"trimmed": true,
	"spriteSourceSize": {"x":73,"y":100,"w":102,"h":131},
	"sourceSize": {"w":270,"h":240}
},
"characters_ben10_dash0010.png":
{
	"frame": {"x":913,"y":274,"w":97,"h":133},
	"rotated": false,
	"trimmed": true,
	"spriteSourceSize": {"x":73,"y":98,"w":97,"h":133},
	"sourceSize": {"w":270,"h":240}
},
"characters_ben10_dash0011.png":
{
	"frame": {"x":491,"y":305,"w":97,"h":136},
	"rotated": false,
	"trimmed": true,
	"spriteSourceSize": {"x":78,"y":95,"w":97,"h":136},
	"sourceSize": {"w":270,"h":240}
},
"characters_ben10_dash0012.png":
{
	"frame": {"x":393,"y":309,"w":96,"h":139},
	"rotated": false,
	"trimmed": true,
	"spriteSourceSize": {"x":78,"y":92,"w":96,"h":139},
	"sourceSize": {"w":270,"h":240}
},
"characters_ben10_dash0013.png":
{
	"frame": {"x":1261,"y":136,"w":88,"h":131},
	"rotated": false,
	"trimmed": true,
	"spriteSourceSize": {"x":91,"y":100,"w":88,"h":131},
	"sourceSize": {"w":270,"h":240}
},
"characters_ben10_dash0014.png":
{
	"frame": {"x":889,"y":2,"w":80,"h":133},
	"rotated": false,
	"trimmed": true,
	"spriteSourceSize": {"x":94,"y":98,"w":80,"h":133},
	"sourceSize": {"w":270,"h":240}
},
"characters_ben10_dash0015.png":
{
	"frame": {"x":612,"y":2,"w":66,"h":136},
	"rotated": false,
	"trimmed": true,
	"spriteSourceSize": {"x":103,"y":95,"w":66,"h":136},
	"sourceSize": {"w":270,"h":240}
},
"characters_ben10_dash0016.png":
{
	"frame": {"x":467,"y":2,"w":71,"h":139},
	"rotated": false,
	"trimmed": true,
	"spriteSourceSize": {"x":100,"y":92,"w":71,"h":139},
	"sourceSize": {"w":270,"h":240}
},
"characters_ben10_fall0001.png":
{
	"frame": {"x":721,"y":138,"w":92,"h":134},
	"rotated": false,
	"trimmed": true,
	"spriteSourceSize": {"x":88,"y":97,"w":92,"h":134},
	"sourceSize": {"w":270,"h":240}
},
"characters_ben10_fall0002.png":
{
	"frame": {"x":721,"y":138,"w":92,"h":134},
	"rotated": false,
	"trimmed": true,
	"spriteSourceSize": {"x":88,"y":97,"w":92,"h":134},
	"sourceSize": {"w":270,"h":240}
},
"characters_ben10_fall0003.png":
{
	"frame": {"x":1437,"y":132,"w":106,"h":122},
	"rotated": false,
	"trimmed": true,
	"spriteSourceSize": {"x":66,"y":109,"w":106,"h":122},
	"sourceSize": {"w":270,"h":240}
},
"characters_ben10_fall0004.png":
{
	"frame": {"x":1437,"y":132,"w":106,"h":122},
	"rotated": false,
	"trimmed": true,
	"spriteSourceSize": {"x":66,"y":109,"w":106,"h":122},
	"sourceSize": {"w":270,"h":240}
},
"characters_ben10_fall0005.png":
{
	"frame": {"x":1452,"y":394,"w":108,"h":86},
	"rotated": false,
	"trimmed": true,
	"spriteSourceSize": {"x":61,"y":145,"w":108,"h":86},
	"sourceSize": {"w":270,"h":240}
},
"characters_ben10_fall0006.png":
{
	"frame": {"x":1452,"y":394,"w":108,"h":86},
	"rotated": false,
	"trimmed": true,
	"spriteSourceSize": {"x":61,"y":145,"w":108,"h":86},
	"sourceSize": {"w":270,"h":240}
},
"characters_ben10_fall0007.png":
{
	"frame": {"x":1113,"y":407,"w":99,"h":96},
	"rotated": false,
	"trimmed": true,
	"spriteSourceSize": {"x":73,"y":135,"w":99,"h":96},
	"sourceSize": {"w":270,"h":240}
},
"characters_ben10_fall0008.png":
{
	"frame": {"x":1113,"y":407,"w":99,"h":96},
	"rotated": false,
	"trimmed": true,
	"spriteSourceSize": {"x":73,"y":135,"w":99,"h":96},
	"sourceSize": {"w":270,"h":240}
},
"characters_ben10_fall0009.png":
{
	"frame": {"x":657,"y":413,"w":88,"h":91},
	"rotated": false,
	"trimmed": true,
	"spriteSourceSize": {"x":84,"y":140,"w":88,"h":91},
	"sourceSize": {"w":270,"h":240}
},
"characters_ben10_kick0001.png":
{
	"frame": {"x":759,"y":274,"w":85,"h":134},
	"rotated": false,
	"trimmed": true,
	"spriteSourceSize": {"x":87,"y":97,"w":85,"h":134},
	"sourceSize": {"w":270,"h":240}
},
"characters_ben10_kick0002.png":
{
	"frame": {"x":615,"y":140,"w":104,"h":135},
	"rotated": false,
	"trimmed": true,
	"spriteSourceSize": {"x":83,"y":96,"w":104,"h":135},
	"sourceSize": {"w":270,"h":240}
},
"characters_ben10_kick0003.png":
{
	"frame": {"x":615,"y":140,"w":104,"h":135},
	"rotated": false,
	"trimmed": true,
	"spriteSourceSize": {"x":83,"y":96,"w":104,"h":135},
	"sourceSize": {"w":270,"h":240}
},
"characters_ben10_kick0004.png":
{
	"frame": {"x":615,"y":140,"w":104,"h":135},
	"rotated": false,
	"trimmed": true,
	"spriteSourceSize": {"x":83,"y":96,"w":104,"h":135},
	"sourceSize": {"w":270,"h":240}
},
"characters_ben10_kick0005.png":
{
	"frame": {"x":680,"y":2,"w":113,"h":134},
	"rotated": false,
	"trimmed": true,
	"spriteSourceSize": {"x":96,"y":97,"w":113,"h":134},
	"sourceSize": {"w":270,"h":240}
},
"characters_ben10_kick0006.png":
{
	"frame": {"x":680,"y":2,"w":113,"h":134},
	"rotated": false,
	"trimmed": true,
	"spriteSourceSize": {"x":96,"y":97,"w":113,"h":134},
	"sourceSize": {"w":270,"h":240}
},
"characters_ben10_kick0007.png":
{
	"frame": {"x":657,"y":277,"w":100,"h":134},
	"rotated": false,
	"trimmed": true,
	"spriteSourceSize": {"x":123,"y":97,"w":100,"h":134},
	"sourceSize": {"w":270,"h":240}
},
"characters_ben10_kick0008.png":
{
	"frame": {"x":1157,"y":272,"w":99,"h":132},
	"rotated": false,
	"trimmed": true,
	"spriteSourceSize": {"x":124,"y":99,"w":99,"h":132},
	"sourceSize": {"w":270,"h":240}
},
"characters_ben10_kick0009.png":
{
	"frame": {"x":1161,"y":137,"w":98,"h":132},
	"rotated": false,
	"trimmed": true,
	"spriteSourceSize": {"x":125,"y":99,"w":98,"h":132},
	"sourceSize": {"w":270,"h":240}
},
"characters_ben10_kick0010.png":
{
	"frame": {"x":1161,"y":137,"w":98,"h":132},
	"rotated": false,
	"trimmed": true,
	"spriteSourceSize": {"x":125,"y":99,"w":98,"h":132},
	"sourceSize": {"w":270,"h":240}
},
"characters_ben10_lose0001.png":
{
	"frame": {"x":795,"y":2,"w":92,"h":134},
	"rotated": false,
	"trimmed": true,
	"spriteSourceSize": {"x":88,"y":97,"w":92,"h":134},
	"sourceSize": {"w":270,"h":240}
},
"characters_ben10_lose0002.png":
{
	"frame": {"x":795,"y":2,"w":92,"h":134},
	"rotated": false,
	"trimmed": true,
	"spriteSourceSize": {"x":88,"y":97,"w":92,"h":134},
	"sourceSize": {"w":270,"h":240}
},
"characters_ben10_lose0003.png":
{
	"frame": {"x":1505,"y":2,"w":106,"h":122},
	"rotated": false,
	"trimmed": true,
	"spriteSourceSize": {"x":66,"y":109,"w":106,"h":122},
	"sourceSize": {"w":270,"h":240}
},
"characters_ben10_lose0004.png":
{
	"frame": {"x":1505,"y":2,"w":106,"h":122},
	"rotated": false,
	"trimmed": true,
	"spriteSourceSize": {"x":66,"y":109,"w":106,"h":122},
	"sourceSize": {"w":270,"h":240}
},
"characters_ben10_lose0005.png":
{
	"frame": {"x":1562,"y":394,"w":108,"h":86},
	"rotated": false,
	"trimmed": true,
	"spriteSourceSize": {"x":61,"y":145,"w":108,"h":86},
	"sourceSize": {"w":270,"h":240}
},
"characters_ben10_lose0006.png":
{
	"frame": {"x":1562,"y":394,"w":108,"h":86},
	"rotated": false,
	"trimmed": true,
	"spriteSourceSize": {"x":61,"y":145,"w":108,"h":86},
	"sourceSize": {"w":270,"h":240}
},
"characters_ben10_lose0007.png":
{
	"frame": {"x":1214,"y":406,"w":99,"h":96},
	"rotated": false,
	"trimmed": true,
	"spriteSourceSize": {"x":73,"y":135,"w":99,"h":96},
	"sourceSize": {"w":270,"h":240}
},
"characters_ben10_lose0008.png":
{
	"frame": {"x":1214,"y":406,"w":99,"h":96},
	"rotated": false,
	"trimmed": true,
	"spriteSourceSize": {"x":73,"y":135,"w":99,"h":96},
	"sourceSize": {"w":270,"h":240}
},
"characters_ben10_lose0009.png":
{
	"frame": {"x":747,"y":413,"w":88,"h":91},
	"rotated": false,
	"trimmed": true,
	"spriteSourceSize": {"x":84,"y":140,"w":88,"h":91},
	"sourceSize": {"w":270,"h":240}
},
"characters_ben10_lose0010.png":
{
	"frame": {"x":747,"y":413,"w":88,"h":91},
	"rotated": false,
	"trimmed": true,
	"spriteSourceSize": {"x":84,"y":140,"w":88,"h":91},
	"sourceSize": {"w":270,"h":240}
},
"characters_ben10_lose0011.png":
{
	"frame": {"x":747,"y":413,"w":88,"h":91},
	"rotated": false,
	"trimmed": true,
	"spriteSourceSize": {"x":84,"y":140,"w":88,"h":91},
	"sourceSize": {"w":270,"h":240}
},
"characters_ben10_lose0012.png":
{
	"frame": {"x":747,"y":413,"w":88,"h":91},
	"rotated": false,
	"trimmed": true,
	"spriteSourceSize": {"x":84,"y":140,"w":88,"h":91},
	"sourceSize": {"w":270,"h":240}
},
"characters_ben10_lose0013.png":
{
	"frame": {"x":747,"y":413,"w":88,"h":91},
	"rotated": false,
	"trimmed": true,
	"spriteSourceSize": {"x":84,"y":140,"w":88,"h":91},
	"sourceSize": {"w":270,"h":240}
},
"characters_ben10_lose0014.png":
{
	"frame": {"x":747,"y":413,"w":88,"h":91},
	"rotated": false,
	"trimmed": true,
	"spriteSourceSize": {"x":84,"y":140,"w":88,"h":91},
	"sourceSize": {"w":270,"h":240}
},
"characters_ben10_lose0015.png":
{
	"frame": {"x":747,"y":413,"w":88,"h":91},
	"rotated": false,
	"trimmed": true,
	"spriteSourceSize": {"x":84,"y":140,"w":88,"h":91},
	"sourceSize": {"w":270,"h":240}
},
"characters_ben10_lose0016.png":
{
	"frame": {"x":747,"y":413,"w":88,"h":91},
	"rotated": false,
	"trimmed": true,
	"spriteSourceSize": {"x":84,"y":140,"w":88,"h":91},
	"sourceSize": {"w":270,"h":240}
},
"characters_ben10_lose0017.png":
{
	"frame": {"x":747,"y":413,"w":88,"h":91},
	"rotated": false,
	"trimmed": true,
	"spriteSourceSize": {"x":84,"y":140,"w":88,"h":91},
	"sourceSize": {"w":270,"h":240}
},
"characters_ben10_lose0018.png":
{
	"frame": {"x":747,"y":413,"w":88,"h":91},
	"rotated": false,
	"trimmed": true,
	"spriteSourceSize": {"x":84,"y":140,"w":88,"h":91},
	"sourceSize": {"w":270,"h":240}
},
"characters_ben10_lose0019.png":
{
	"frame": {"x":747,"y":413,"w":88,"h":91},
	"rotated": false,
	"trimmed": true,
	"spriteSourceSize": {"x":84,"y":140,"w":88,"h":91},
	"sourceSize": {"w":270,"h":240}
},
"characters_ben10_lose0020.png":
{
	"frame": {"x":747,"y":413,"w":88,"h":91},
	"rotated": false,
	"trimmed": true,
	"spriteSourceSize": {"x":84,"y":140,"w":88,"h":91},
	"sourceSize": {"w":270,"h":240}
},
"characters_ben10_lose0021.png":
{
	"frame": {"x":747,"y":413,"w":88,"h":91},
	"rotated": false,
	"trimmed": true,
	"spriteSourceSize": {"x":84,"y":140,"w":88,"h":91},
	"sourceSize": {"w":270,"h":240}
},
"characters_ben10_lose0022.png":
{
	"frame": {"x":747,"y":413,"w":88,"h":91},
	"rotated": false,
	"trimmed": true,
	"spriteSourceSize": {"x":84,"y":140,"w":88,"h":91},
	"sourceSize": {"w":270,"h":240}
},
"characters_ben10_lose0023.png":
{
	"frame": {"x":747,"y":413,"w":88,"h":91},
	"rotated": false,
	"trimmed": true,
	"spriteSourceSize": {"x":84,"y":140,"w":88,"h":91},
	"sourceSize": {"w":270,"h":240}
},
"characters_ben10_lose0024.png":
{
	"frame": {"x":747,"y":413,"w":88,"h":91},
	"rotated": false,
	"trimmed": true,
	"spriteSourceSize": {"x":84,"y":140,"w":88,"h":91},
	"sourceSize": {"w":270,"h":240}
},
"characters_ben10_lose0025.png":
{
	"frame": {"x":747,"y":413,"w":88,"h":91},
	"rotated": false,
	"trimmed": true,
	"spriteSourceSize": {"x":84,"y":140,"w":88,"h":91},
	"sourceSize": {"w":270,"h":240}
},
"characters_ben10_lose0026.png":
{
	"frame": {"x":747,"y":413,"w":88,"h":91},
	"rotated": false,
	"trimmed": true,
	"spriteSourceSize": {"x":84,"y":140,"w":88,"h":91},
	"sourceSize": {"w":270,"h":240}
},
"characters_ben10_lose0027.png":
{
	"frame": {"x":747,"y":413,"w":88,"h":91},
	"rotated": false,
	"trimmed": true,
	"spriteSourceSize": {"x":84,"y":140,"w":88,"h":91},
	"sourceSize": {"w":270,"h":240}
},
"characters_ben10_lose0028.png":
{
	"frame": {"x":747,"y":413,"w":88,"h":91},
	"rotated": false,
	"trimmed": true,
	"spriteSourceSize": {"x":84,"y":140,"w":88,"h":91},
	"sourceSize": {"w":270,"h":240}
},
"characters_ben10_lose0029.png":
{
	"frame": {"x":747,"y":413,"w":88,"h":91},
	"rotated": false,
	"trimmed": true,
	"spriteSourceSize": {"x":84,"y":140,"w":88,"h":91},
	"sourceSize": {"w":270,"h":240}
},
"characters_ben10_lose0030.png":
{
	"frame": {"x":747,"y":413,"w":88,"h":91},
	"rotated": false,
	"trimmed": true,
	"spriteSourceSize": {"x":84,"y":140,"w":88,"h":91},
	"sourceSize": {"w":270,"h":240}
},
"characters_ben10_lose0031.png":
{
	"frame": {"x":747,"y":413,"w":88,"h":91},
	"rotated": false,
	"trimmed": true,
	"spriteSourceSize": {"x":84,"y":140,"w":88,"h":91},
	"sourceSize": {"w":270,"h":240}
},
"characters_ben10_lose0032.png":
{
	"frame": {"x":747,"y":413,"w":88,"h":91},
	"rotated": false,
	"trimmed": true,
	"spriteSourceSize": {"x":84,"y":140,"w":88,"h":91},
	"sourceSize": {"w":270,"h":240}
},
"characters_ben10_lose0033.png":
{
	"frame": {"x":747,"y":413,"w":88,"h":91},
	"rotated": false,
	"trimmed": true,
	"spriteSourceSize": {"x":84,"y":140,"w":88,"h":91},
	"sourceSize": {"w":270,"h":240}
},
"characters_ben10_lose0034.png":
{
	"frame": {"x":747,"y":413,"w":88,"h":91},
	"rotated": false,
	"trimmed": true,
	"spriteSourceSize": {"x":84,"y":140,"w":88,"h":91},
	"sourceSize": {"w":270,"h":240}
},
"characters_ben10_lose0035.png":
{
	"frame": {"x":747,"y":413,"w":88,"h":91},
	"rotated": false,
	"trimmed": true,
	"spriteSourceSize": {"x":84,"y":140,"w":88,"h":91},
	"sourceSize": {"w":270,"h":240}
},
"characters_ben10_run0001.png":
{
	"frame": {"x":1351,"y":135,"w":84,"h":131},
	"rotated": false,
	"trimmed": true,
	"spriteSourceSize": {"x":91,"y":100,"w":84,"h":131},
	"sourceSize": {"w":270,"h":240}
},
"characters_ben10_run0002.png":
{
	"frame": {"x":1351,"y":135,"w":84,"h":131},
	"rotated": false,
	"trimmed": true,
	"spriteSourceSize": {"x":91,"y":100,"w":84,"h":131},
	"sourceSize": {"w":270,"h":240}
},
"characters_ben10_run0003.png":
{
	"frame": {"x":1012,"y":272,"w":73,"h":133},
	"rotated": false,
	"trimmed": true,
	"spriteSourceSize": {"x":96,"y":98,"w":73,"h":133},
	"sourceSize": {"w":270,"h":240}
},
"characters_ben10_run0004.png":
{
	"frame": {"x":1012,"y":272,"w":73,"h":133},
	"rotated": false,
	"trimmed": true,
	"spriteSourceSize": {"x":96,"y":98,"w":73,"h":133},
	"sourceSize": {"w":270,"h":240}
},
"characters_ben10_run0005.png":
{
	"frame": {"x":541,"y":143,"w":72,"h":136},
	"rotated": false,
	"trimmed": true,
	"spriteSourceSize": {"x":103,"y":95,"w":72,"h":136},
	"sourceSize": {"w":270,"h":240}
},
"characters_ben10_run0006.png":
{
	"frame": {"x":541,"y":143,"w":72,"h":136},
	"rotated": false,
	"trimmed": true,
	"spriteSourceSize": {"x":103,"y":95,"w":72,"h":136},
	"sourceSize": {"w":270,"h":240}
},
"characters_ben10_run0007.png":
{
	"frame": {"x":465,"y":164,"w":74,"h":139},
	"rotated": false,
	"trimmed": true,
	"spriteSourceSize": {"x":100,"y":92,"w":74,"h":139},
	"sourceSize": {"w":270,"h":240}
},
"characters_ben10_run0008.png":
{
	"frame": {"x":465,"y":164,"w":74,"h":139},
	"rotated": false,
	"trimmed": true,
	"spriteSourceSize": {"x":100,"y":92,"w":74,"h":139},
	"sourceSize": {"w":270,"h":240}
},
"characters_ben10_run0009.png":
{
	"frame": {"x":1332,"y":2,"w":88,"h":131},
	"rotated": false,
	"trimmed": true,
	"spriteSourceSize": {"x":91,"y":100,"w":88,"h":131},
	"sourceSize": {"w":270,"h":240}
},
"characters_ben10_run0010.png":
{
	"frame": {"x":1332,"y":2,"w":88,"h":131},
	"rotated": false,
	"trimmed": true,
	"spriteSourceSize": {"x":91,"y":100,"w":88,"h":131},
	"sourceSize": {"w":270,"h":240}
},
"characters_ben10_run0011.png":
{
	"frame": {"x":939,"y":137,"w":78,"h":133},
	"rotated": false,
	"trimmed": true,
	"spriteSourceSize": {"x":96,"y":98,"w":78,"h":133},
	"sourceSize": {"w":270,"h":240}
},
"characters_ben10_run0012.png":
{
	"frame": {"x":939,"y":137,"w":78,"h":133},
	"rotated": false,
	"trimmed": true,
	"spriteSourceSize": {"x":96,"y":98,"w":78,"h":133},
	"sourceSize": {"w":270,"h":240}
},
"characters_ben10_run0013.png":
{
	"frame": {"x":590,"y":281,"w":65,"h":136},
	"rotated": false,
	"trimmed": true,
	"spriteSourceSize": {"x":103,"y":95,"w":65,"h":136},
	"sourceSize": {"w":270,"h":240}
},
"characters_ben10_run0014.png":
{
	"frame": {"x":590,"y":281,"w":65,"h":136},
	"rotated": false,
	"trimmed": true,
	"spriteSourceSize": {"x":103,"y":95,"w":65,"h":136},
	"sourceSize": {"w":270,"h":240}
},
"characters_ben10_run0015.png":
{
	"frame": {"x":540,"y":2,"w":70,"h":139},
	"rotated": false,
	"trimmed": true,
	"spriteSourceSize": {"x":100,"y":92,"w":70,"h":139},
	"sourceSize": {"w":270,"h":240}
},
"characters_ben10_run0016.png":
{
	"frame": {"x":540,"y":2,"w":70,"h":139},
	"rotated": false,
	"trimmed": true,
	"spriteSourceSize": {"x":100,"y":92,"w":70,"h":139},
	"sourceSize": {"w":270,"h":240}
},
"characters_ben10_stand0001.png":
{
	"frame": {"x":882,"y":138,"w":55,"h":134},
	"rotated": false,
	"trimmed": true,
	"spriteSourceSize": {"x":109,"y":97,"w":55,"h":134},
	"sourceSize": {"w":270,"h":240}
},
"characters_ben10_stand0002.png":
{
	"frame": {"x":882,"y":138,"w":55,"h":134},
	"rotated": false,
	"trimmed": true,
	"spriteSourceSize": {"x":109,"y":97,"w":55,"h":134},
	"sourceSize": {"w":270,"h":240}
},
"characters_ben10_stand0003.png":
{
	"frame": {"x":882,"y":138,"w":55,"h":134},
	"rotated": false,
	"trimmed": true,
	"spriteSourceSize": {"x":109,"y":97,"w":55,"h":134},
	"sourceSize": {"w":270,"h":240}
},
"characters_ben10_stand0004.png":
{
	"frame": {"x":882,"y":138,"w":55,"h":134},
	"rotated": false,
	"trimmed": true,
	"spriteSourceSize": {"x":109,"y":97,"w":55,"h":134},
	"sourceSize": {"w":270,"h":240}
},
"characters_ben10_stand0005.png":
{
	"frame": {"x":1120,"y":2,"w":55,"h":133},
	"rotated": false,
	"trimmed": true,
	"spriteSourceSize": {"x":109,"y":98,"w":55,"h":133},
	"sourceSize": {"w":270,"h":240}
},
"characters_ben10_stand0006.png":
{
	"frame": {"x":1120,"y":2,"w":55,"h":133},
	"rotated": false,
	"trimmed": true,
	"spriteSourceSize": {"x":109,"y":98,"w":55,"h":133},
	"sourceSize": {"w":270,"h":240}
},
"characters_ben10_stand0007.png":
{
	"frame": {"x":1120,"y":2,"w":55,"h":133},
	"rotated": false,
	"trimmed": true,
	"spriteSourceSize": {"x":109,"y":98,"w":55,"h":133},
	"sourceSize": {"w":270,"h":240}
},
"characters_ben10_tackle0001.png":
{
	"frame": {"x":1613,"y":2,"w":115,"h":106},
	"rotated": false,
	"trimmed": true,
	"spriteSourceSize": {"x":75,"y":125,"w":115,"h":106},
	"sourceSize": {"w":270,"h":240}
},
"characters_ben10_tackle0002.png":
{
	"frame": {"x":1613,"y":2,"w":115,"h":106},
	"rotated": false,
	"trimmed": true,
	"spriteSourceSize": {"x":75,"y":125,"w":115,"h":106},
	"sourceSize": {"w":270,"h":240}
},
"characters_ben10_tackle0003.png":
{
	"frame": {"x":837,"y":410,"w":136,"h":86},
	"rotated": false,
	"trimmed": true,
	"spriteSourceSize": {"x":60,"y":145,"w":136,"h":86},
	"sourceSize": {"w":270,"h":240}
},
"characters_ben10_tackle0004.png":
{
	"frame": {"x":837,"y":410,"w":136,"h":86},
	"rotated": false,
	"trimmed": true,
	"spriteSourceSize": {"x":60,"y":145,"w":136,"h":86},
	"sourceSize": {"w":270,"h":240}
},
"characters_ben10_tackle0005.png":
{
	"frame": {"x":975,"y":409,"w":136,"h":86},
	"rotated": false,
	"trimmed": true,
	"spriteSourceSize": {"x":65,"y":145,"w":136,"h":86},
	"sourceSize": {"w":270,"h":240}
},
"characters_ben10_tackle0006.png":
{
	"frame": {"x":975,"y":409,"w":136,"h":86},
	"rotated": false,
	"trimmed": true,
	"spriteSourceSize": {"x":65,"y":145,"w":136,"h":86},
	"sourceSize": {"w":270,"h":240}
},
"characters_ben10_tackle0007.png":
{
	"frame": {"x":1315,"y":404,"w":135,"h":86},
	"rotated": false,
	"trimmed": true,
	"spriteSourceSize": {"x":71,"y":145,"w":135,"h":86},
	"sourceSize": {"w":270,"h":240}
},
"characters_ben10_tackle0008.png":
{
	"frame": {"x":1315,"y":404,"w":135,"h":86},
	"rotated": false,
	"trimmed": true,
	"spriteSourceSize": {"x":71,"y":145,"w":135,"h":86},
	"sourceSize": {"w":270,"h":240}
},
"characters_ben10_tackle0009.png":
{
	"frame": {"x":1545,"y":218,"w":132,"h":86},
	"rotated": false,
	"trimmed": true,
	"spriteSourceSize": {"x":77,"y":145,"w":132,"h":86},
	"sourceSize": {"w":270,"h":240}
},
"characters_ben10_tackle0010.png":
{
	"frame": {"x":1545,"y":218,"w":132,"h":86},
	"rotated": false,
	"trimmed": true,
	"spriteSourceSize": {"x":77,"y":145,"w":132,"h":86},
	"sourceSize": {"w":270,"h":240}
},
"characters_ben10_tackle0011.png":
{
	"frame": {"x":1450,"y":306,"w":132,"h":86},
	"rotated": false,
	"trimmed": true,
	"spriteSourceSize": {"x":77,"y":145,"w":132,"h":86},
	"sourceSize": {"w":270,"h":240}
},
"characters_ben10_tackle_up0001.png":
{
	"frame": {"x":1584,"y":306,"w":132,"h":86},
	"rotated": false,
	"trimmed": true,
	"spriteSourceSize": {"x":77,"y":145,"w":132,"h":86},
	"sourceSize": {"w":270,"h":240}
},
"characters_ben10_tackle_up0002.png":
{
	"frame": {"x":1584,"y":306,"w":132,"h":86},
	"rotated": false,
	"trimmed": true,
	"spriteSourceSize": {"x":77,"y":145,"w":132,"h":86},
	"sourceSize": {"w":270,"h":240}
},
"characters_ben10_tackle_up0003.png":
{
	"frame": {"x":1613,"y":110,"w":115,"h":106},
	"rotated": false,
	"trimmed": true,
	"spriteSourceSize": {"x":75,"y":125,"w":115,"h":106},
	"sourceSize": {"w":270,"h":240}
},
"characters_ben10_tackle_up0004.png":
{
	"frame": {"x":1613,"y":110,"w":115,"h":106},
	"rotated": false,
	"trimmed": true,
	"spriteSourceSize": {"x":75,"y":125,"w":115,"h":106},
	"sourceSize": {"w":270,"h":240}
},
"super_shot_ben10_red.png":
{
	"frame": {"x":2,"y":2,"w":389,"h":500},
	"rotated": false,
	"trimmed": true,
	"spriteSourceSize": {"x":1,"y":0,"w":389,"h":500},
	"sourceSize": {"w":390,"h":500}
}},
"meta": {
	"app": "http://www.codeandweb.com/texturepacker",
	"version": "1.0",
	"image": "ben10_red.png",
	"format": "RGBA8888",
	"size": {"w":1730,"h":506},
	"scale": "1",
	"smartupdate": "$TexturePacker:SmartUpdate:a6cc772077608109980d22523efe5c1a:f40573cfc329d15348bcda517bb38171:a46163d15d9ee01d9b1b71005489ebae$"
}
}
