{"frames": {

"character_bubbles_bicycle_kick0001.png":
{
	"frame": {"x":1565,"y":334,"w":89,"h":105},
	"rotated": false,
	"trimmed": true,
	"spriteSourceSize": {"x":92,"y":114,"w":89,"h":105},
	"sourceSize": {"w":240,"h":240}
},
"character_bubbles_bicycle_kick0002.png":
{
	"frame": {"x":1565,"y":334,"w":89,"h":105},
	"rotated": false,
	"trimmed": true,
	"spriteSourceSize": {"x":92,"y":114,"w":89,"h":105},
	"sourceSize": {"w":240,"h":240}
},
"character_bubbles_bicycle_kick0003.png":
{
	"frame": {"x":1565,"y":334,"w":89,"h":105},
	"rotated": false,
	"trimmed": true,
	"spriteSourceSize": {"x":92,"y":114,"w":89,"h":105},
	"sourceSize": {"w":240,"h":240}
},
"character_bubbles_bicycle_kick0004.png":
{
	"frame": {"x":719,"y":160,"w":89,"h":126},
	"rotated": false,
	"trimmed": true,
	"spriteSourceSize": {"x":78,"y":92,"w":89,"h":126},
	"sourceSize": {"w":240,"h":240}
},
"character_bubbles_bicycle_kick0005.png":
{
	"frame": {"x":719,"y":160,"w":89,"h":126},
	"rotated": false,
	"trimmed": true,
	"spriteSourceSize": {"x":78,"y":92,"w":89,"h":126},
	"sourceSize": {"w":240,"h":240}
},
"character_bubbles_bicycle_kick0006.png":
{
	"frame": {"x":2,"y":342,"w":84,"h":142},
	"rotated": false,
	"trimmed": true,
	"spriteSourceSize": {"x":79,"y":74,"w":84,"h":142},
	"sourceSize": {"w":240,"h":240}
},
"character_bubbles_bicycle_kick0007.png":
{
	"frame": {"x":2,"y":342,"w":84,"h":142},
	"rotated": false,
	"trimmed": true,
	"spriteSourceSize": {"x":79,"y":74,"w":84,"h":142},
	"sourceSize": {"w":240,"h":240}
},
"character_bubbles_bicycle_kick0008.png":
{
	"frame": {"x":2,"y":342,"w":84,"h":142},
	"rotated": false,
	"trimmed": true,
	"spriteSourceSize": {"x":79,"y":74,"w":84,"h":142},
	"sourceSize": {"w":240,"h":240}
},
"character_bubbles_bicycle_kick0009.png":
{
	"frame": {"x":175,"y":340,"w":111,"h":147},
	"rotated": false,
	"trimmed": true,
	"spriteSourceSize": {"x":85,"y":69,"w":111,"h":147},
	"sourceSize": {"w":240,"h":240}
},
"character_bubbles_bicycle_kick0010.png":
{
	"frame": {"x":175,"y":340,"w":111,"h":147},
	"rotated": false,
	"trimmed": true,
	"spriteSourceSize": {"x":85,"y":69,"w":111,"h":147},
	"sourceSize": {"w":240,"h":240}
},
"character_bubbles_bicycle_kick0011.png":
{
	"frame": {"x":637,"y":321,"w":93,"h":153},
	"rotated": false,
	"trimmed": true,
	"spriteSourceSize": {"x":85,"y":63,"w":93,"h":153},
	"sourceSize": {"w":240,"h":240}
},
"character_bubbles_bicycle_kick0012.png":
{
	"frame": {"x":637,"y":321,"w":93,"h":153},
	"rotated": false,
	"trimmed": true,
	"spriteSourceSize": {"x":85,"y":63,"w":93,"h":153},
	"sourceSize": {"w":240,"h":240}
},
"character_bubbles_bicycle_kick0013.png":
{
	"frame": {"x":1344,"y":118,"w":80,"h":113},
	"rotated": false,
	"trimmed": true,
	"spriteSourceSize": {"x":83,"y":103,"w":80,"h":113},
	"sourceSize": {"w":240,"h":240}
},
"character_bubbles_bicycle_kick0014.png":
{
	"frame": {"x":1344,"y":118,"w":80,"h":113},
	"rotated": false,
	"trimmed": true,
	"spriteSourceSize": {"x":83,"y":103,"w":80,"h":113},
	"sourceSize": {"w":240,"h":240}
},
"character_bubbles_bicycle_kick0015.png":
{
	"frame": {"x":1656,"y":328,"w":79,"h":100},
	"rotated": false,
	"trimmed": true,
	"spriteSourceSize": {"x":84,"y":116,"w":79,"h":100},
	"sourceSize": {"w":240,"h":240}
},
"character_bubbles_bicycle_kick0016.png":
{
	"frame": {"x":1656,"y":328,"w":79,"h":100},
	"rotated": false,
	"trimmed": true,
	"spriteSourceSize": {"x":84,"y":116,"w":79,"h":100},
	"sourceSize": {"w":240,"h":240}
},
"character_bubbles_bicycle_kick0017.png":
{
	"frame": {"x":1958,"y":2,"w":76,"h":92},
	"rotated": false,
	"trimmed": true,
	"spriteSourceSize": {"x":81,"y":124,"w":76,"h":92},
	"sourceSize": {"w":240,"h":240}
},
"character_bubbles_bicycle_kick0018.png":
{
	"frame": {"x":1958,"y":2,"w":76,"h":92},
	"rotated": false,
	"trimmed": true,
	"spriteSourceSize": {"x":81,"y":124,"w":76,"h":92},
	"sourceSize": {"w":240,"h":240}
},
"character_bubbles_bicycle_kick0019.png":
{
	"frame": {"x":1621,"y":224,"w":89,"h":102},
	"rotated": false,
	"trimmed": true,
	"spriteSourceSize": {"x":79,"y":116,"w":89,"h":102},
	"sourceSize": {"w":240,"h":240}
},
"character_bubbles_bicycle_kick0020.png":
{
	"frame": {"x":1621,"y":224,"w":89,"h":102},
	"rotated": false,
	"trimmed": true,
	"spriteSourceSize": {"x":79,"y":116,"w":89,"h":102},
	"sourceSize": {"w":240,"h":240}
},
"character_bubbles_bicycle_kick0021.png":
{
	"frame": {"x":905,"y":251,"w":87,"h":117},
	"rotated": false,
	"trimmed": true,
	"spriteSourceSize": {"x":79,"y":102,"w":87,"h":117},
	"sourceSize": {"w":240,"h":240}
},
"character_bubbles_bicycle_kick0022.png":
{
	"frame": {"x":905,"y":251,"w":87,"h":117},
	"rotated": false,
	"trimmed": true,
	"spriteSourceSize": {"x":79,"y":102,"w":87,"h":117},
	"sourceSize": {"w":240,"h":240}
},
"character_bubbles_celebrate0001.png":
{
	"frame": {"x":899,"y":127,"w":87,"h":122},
	"rotated": false,
	"trimmed": true,
	"spriteSourceSize": {"x":82,"y":97,"w":87,"h":122},
	"sourceSize": {"w":240,"h":240}
},
"character_bubbles_celebrate0002.png":
{
	"frame": {"x":899,"y":127,"w":87,"h":122},
	"rotated": false,
	"trimmed": true,
	"spriteSourceSize": {"x":82,"y":97,"w":87,"h":122},
	"sourceSize": {"w":240,"h":240}
},
"character_bubbles_celebrate0003.png":
{
	"frame": {"x":994,"y":244,"w":87,"h":116},
	"rotated": false,
	"trimmed": true,
	"spriteSourceSize": {"x":82,"y":104,"w":87,"h":116},
	"sourceSize": {"w":240,"h":240}
},
"character_bubbles_celebrate0004.png":
{
	"frame": {"x":994,"y":244,"w":87,"h":116},
	"rotated": false,
	"trimmed": true,
	"spriteSourceSize": {"x":82,"y":104,"w":87,"h":116},
	"sourceSize": {"w":240,"h":240}
},
"character_bubbles_celebrate0005.png":
{
	"frame": {"x":808,"y":2,"w":87,"h":125},
	"rotated": false,
	"trimmed": true,
	"spriteSourceSize": {"x":82,"y":94,"w":87,"h":125},
	"sourceSize": {"w":240,"h":240}
},
"character_bubbles_celebrate0006.png":
{
	"frame": {"x":808,"y":2,"w":87,"h":125},
	"rotated": false,
	"trimmed": true,
	"spriteSourceSize": {"x":82,"y":94,"w":87,"h":125},
	"sourceSize": {"w":240,"h":240}
},
"character_bubbles_celebrate0007.png":
{
	"frame": {"x":88,"y":342,"w":85,"h":135},
	"rotated": false,
	"trimmed": true,
	"spriteSourceSize": {"x":84,"y":83,"w":85,"h":135},
	"sourceSize": {"w":240,"h":240}
},
"character_bubbles_celebrate0008.png":
{
	"frame": {"x":88,"y":342,"w":85,"h":135},
	"rotated": false,
	"trimmed": true,
	"spriteSourceSize": {"x":84,"y":83,"w":85,"h":135},
	"sourceSize": {"w":240,"h":240}
},
"character_bubbles_celebrate0009.png":
{
	"frame": {"x":288,"y":337,"w":85,"h":147},
	"rotated": false,
	"trimmed": true,
	"spriteSourceSize": {"x":84,"y":70,"w":85,"h":147},
	"sourceSize": {"w":240,"h":240}
},
"character_bubbles_celebrate0010.png":
{
	"frame": {"x":288,"y":337,"w":85,"h":147},
	"rotated": false,
	"trimmed": true,
	"spriteSourceSize": {"x":84,"y":70,"w":85,"h":147},
	"sourceSize": {"w":240,"h":240}
},
"character_bubbles_celebrate0011.png":
{
	"frame": {"x":632,"y":162,"w":85,"h":157},
	"rotated": false,
	"trimmed": true,
	"spriteSourceSize": {"x":84,"y":58,"w":85,"h":157},
	"sourceSize": {"w":240,"h":240}
},
"character_bubbles_celebrate0012.png":
{
	"frame": {"x":632,"y":162,"w":85,"h":157},
	"rotated": false,
	"trimmed": true,
	"spriteSourceSize": {"x":84,"y":58,"w":85,"h":157},
	"sourceSize": {"w":240,"h":240}
},
"character_bubbles_celebrate0013.png":
{
	"frame": {"x":545,"y":165,"w":85,"h":160},
	"rotated": false,
	"trimmed": true,
	"spriteSourceSize": {"x":84,"y":55,"w":85,"h":160},
	"sourceSize": {"w":240,"h":240}
},
"character_bubbles_celebrate0014.png":
{
	"frame": {"x":545,"y":165,"w":85,"h":160},
	"rotated": false,
	"trimmed": true,
	"spriteSourceSize": {"x":84,"y":55,"w":85,"h":160},
	"sourceSize": {"w":240,"h":240}
},
"character_bubbles_celebrate0015.png":
{
	"frame": {"x":458,"y":169,"w":85,"h":165},
	"rotated": false,
	"trimmed": true,
	"spriteSourceSize": {"x":84,"y":50,"w":85,"h":165},
	"sourceSize": {"w":240,"h":240}
},
"character_bubbles_celebrate0016.png":
{
	"frame": {"x":458,"y":169,"w":85,"h":165},
	"rotated": false,
	"trimmed": true,
	"spriteSourceSize": {"x":84,"y":50,"w":85,"h":165},
	"sourceSize": {"w":240,"h":240}
},
"character_bubbles_celebrate0017.png":
{
	"frame": {"x":270,"y":170,"w":92,"h":165},
	"rotated": false,
	"trimmed": true,
	"spriteSourceSize": {"x":79,"y":50,"w":92,"h":165},
	"sourceSize": {"w":240,"h":240}
},
"character_bubbles_celebrate0018.png":
{
	"frame": {"x":270,"y":170,"w":92,"h":165},
	"rotated": false,
	"trimmed": true,
	"spriteSourceSize": {"x":79,"y":50,"w":92,"h":165},
	"sourceSize": {"w":240,"h":240}
},
"character_bubbles_celebrate0019.png":
{
	"frame": {"x":354,"y":2,"w":92,"h":165},
	"rotated": false,
	"trimmed": true,
	"spriteSourceSize": {"x":79,"y":50,"w":92,"h":165},
	"sourceSize": {"w":240,"h":240}
},
"character_bubbles_celebrate0020.png":
{
	"frame": {"x":354,"y":2,"w":92,"h":165},
	"rotated": false,
	"trimmed": true,
	"spriteSourceSize": {"x":79,"y":50,"w":92,"h":165},
	"sourceSize": {"w":240,"h":240}
},
"character_bubbles_celebrate0021.png":
{
	"frame": {"x":176,"y":171,"w":92,"h":166},
	"rotated": false,
	"trimmed": true,
	"spriteSourceSize": {"x":81,"y":49,"w":92,"h":166},
	"sourceSize": {"w":240,"h":240}
},
"character_bubbles_celebrate0022.png":
{
	"frame": {"x":176,"y":171,"w":92,"h":166},
	"rotated": false,
	"trimmed": true,
	"spriteSourceSize": {"x":81,"y":49,"w":92,"h":166},
	"sourceSize": {"w":240,"h":240}
},
"character_bubbles_celebrate0023.png":
{
	"frame": {"x":2,"y":2,"w":85,"h":168},
	"rotated": false,
	"trimmed": true,
	"spriteSourceSize": {"x":88,"y":47,"w":85,"h":168},
	"sourceSize": {"w":240,"h":240}
},
"character_bubbles_celebrate0024.png":
{
	"frame": {"x":2,"y":2,"w":85,"h":168},
	"rotated": false,
	"trimmed": true,
	"spriteSourceSize": {"x":88,"y":47,"w":85,"h":168},
	"sourceSize": {"w":240,"h":240}
},
"character_bubbles_celebrate0025.png":
{
	"frame": {"x":89,"y":2,"w":85,"h":167},
	"rotated": false,
	"trimmed": true,
	"spriteSourceSize": {"x":86,"y":48,"w":85,"h":167},
	"sourceSize": {"w":240,"h":240}
},
"character_bubbles_celebrate0026.png":
{
	"frame": {"x":89,"y":2,"w":85,"h":167},
	"rotated": false,
	"trimmed": true,
	"spriteSourceSize": {"x":86,"y":48,"w":85,"h":167},
	"sourceSize": {"w":240,"h":240}
},
"character_bubbles_celebrate0027.png":
{
	"frame": {"x":89,"y":2,"w":85,"h":167},
	"rotated": false,
	"trimmed": true,
	"spriteSourceSize": {"x":86,"y":48,"w":85,"h":167},
	"sourceSize": {"w":240,"h":240}
},
"character_bubbles_celebrate0028.png":
{
	"frame": {"x":89,"y":2,"w":85,"h":167},
	"rotated": false,
	"trimmed": true,
	"spriteSourceSize": {"x":86,"y":48,"w":85,"h":167},
	"sourceSize": {"w":240,"h":240}
},
"character_bubbles_celebrate0029.png":
{
	"frame": {"x":270,"y":170,"w":92,"h":165},
	"rotated": false,
	"trimmed": true,
	"spriteSourceSize": {"x":79,"y":50,"w":92,"h":165},
	"sourceSize": {"w":240,"h":240}
},
"character_bubbles_celebrate0030.png":
{
	"frame": {"x":270,"y":170,"w":92,"h":165},
	"rotated": false,
	"trimmed": true,
	"spriteSourceSize": {"x":79,"y":50,"w":92,"h":165},
	"sourceSize": {"w":240,"h":240}
},
"character_bubbles_celebrate0031.png":
{
	"frame": {"x":354,"y":2,"w":92,"h":165},
	"rotated": false,
	"trimmed": true,
	"spriteSourceSize": {"x":79,"y":50,"w":92,"h":165},
	"sourceSize": {"w":240,"h":240}
},
"character_bubbles_celebrate0032.png":
{
	"frame": {"x":354,"y":2,"w":92,"h":165},
	"rotated": false,
	"trimmed": true,
	"spriteSourceSize": {"x":79,"y":50,"w":92,"h":165},
	"sourceSize": {"w":240,"h":240}
},
"character_bubbles_celebrate0033.png":
{
	"frame": {"x":176,"y":171,"w":92,"h":166},
	"rotated": false,
	"trimmed": true,
	"spriteSourceSize": {"x":81,"y":49,"w":92,"h":166},
	"sourceSize": {"w":240,"h":240}
},
"character_bubbles_celebrate0034.png":
{
	"frame": {"x":176,"y":171,"w":92,"h":166},
	"rotated": false,
	"trimmed": true,
	"spriteSourceSize": {"x":81,"y":49,"w":92,"h":166},
	"sourceSize": {"w":240,"h":240}
},
"character_bubbles_celebrate0035.png":
{
	"frame": {"x":2,"y":2,"w":85,"h":168},
	"rotated": false,
	"trimmed": true,
	"spriteSourceSize": {"x":88,"y":47,"w":85,"h":168},
	"sourceSize": {"w":240,"h":240}
},
"character_bubbles_celebrate0036.png":
{
	"frame": {"x":2,"y":2,"w":85,"h":168},
	"rotated": false,
	"trimmed": true,
	"spriteSourceSize": {"x":88,"y":47,"w":85,"h":168},
	"sourceSize": {"w":240,"h":240}
},
"character_bubbles_celebrate0037.png":
{
	"frame": {"x":89,"y":2,"w":85,"h":167},
	"rotated": false,
	"trimmed": true,
	"spriteSourceSize": {"x":86,"y":48,"w":85,"h":167},
	"sourceSize": {"w":240,"h":240}
},
"character_bubbles_celebrate0038.png":
{
	"frame": {"x":89,"y":2,"w":85,"h":167},
	"rotated": false,
	"trimmed": true,
	"spriteSourceSize": {"x":86,"y":48,"w":85,"h":167},
	"sourceSize": {"w":240,"h":240}
},
"character_bubbles_celebrate0039.png":
{
	"frame": {"x":89,"y":2,"w":85,"h":167},
	"rotated": false,
	"trimmed": true,
	"spriteSourceSize": {"x":86,"y":48,"w":85,"h":167},
	"sourceSize": {"w":240,"h":240}
},
"character_bubbles_celebrate0040.png":
{
	"frame": {"x":89,"y":2,"w":85,"h":167},
	"rotated": false,
	"trimmed": true,
	"spriteSourceSize": {"x":86,"y":48,"w":85,"h":167},
	"sourceSize": {"w":240,"h":240}
},
"character_bubbles_celebrate0041.png":
{
	"frame": {"x":364,"y":169,"w":92,"h":165},
	"rotated": false,
	"trimmed": true,
	"spriteSourceSize": {"x":89,"y":50,"w":92,"h":165},
	"sourceSize": {"w":240,"h":240}
},
"character_bubbles_celebrate0042.png":
{
	"frame": {"x":364,"y":169,"w":92,"h":165},
	"rotated": false,
	"trimmed": true,
	"spriteSourceSize": {"x":89,"y":50,"w":92,"h":165},
	"sourceSize": {"w":240,"h":240}
},
"character_bubbles_celebrate0043.png":
{
	"frame": {"x":448,"y":2,"w":92,"h":165},
	"rotated": false,
	"trimmed": true,
	"spriteSourceSize": {"x":89,"y":50,"w":92,"h":165},
	"sourceSize": {"w":240,"h":240}
},
"character_bubbles_celebrate0044.png":
{
	"frame": {"x":448,"y":2,"w":92,"h":165},
	"rotated": false,
	"trimmed": true,
	"spriteSourceSize": {"x":89,"y":50,"w":92,"h":165},
	"sourceSize": {"w":240,"h":240}
},
"character_bubbles_celebrate0045.png":
{
	"frame": {"x":261,"y":2,"w":91,"h":166},
	"rotated": false,
	"trimmed": true,
	"spriteSourceSize": {"x":88,"y":49,"w":91,"h":166},
	"sourceSize": {"w":240,"h":240}
},
"character_bubbles_celebrate0046.png":
{
	"frame": {"x":261,"y":2,"w":91,"h":166},
	"rotated": false,
	"trimmed": true,
	"spriteSourceSize": {"x":88,"y":49,"w":91,"h":166},
	"sourceSize": {"w":240,"h":240}
},
"character_bubbles_celebrate0047.png":
{
	"frame": {"x":2,"y":172,"w":85,"h":168},
	"rotated": false,
	"trimmed": true,
	"spriteSourceSize": {"x":87,"y":47,"w":85,"h":168},
	"sourceSize": {"w":240,"h":240}
},
"character_bubbles_celebrate0048.png":
{
	"frame": {"x":2,"y":172,"w":85,"h":168},
	"rotated": false,
	"trimmed": true,
	"spriteSourceSize": {"x":87,"y":47,"w":85,"h":168},
	"sourceSize": {"w":240,"h":240}
},
"character_bubbles_celebrate0049.png":
{
	"frame": {"x":89,"y":171,"w":85,"h":167},
	"rotated": false,
	"trimmed": true,
	"spriteSourceSize": {"x":89,"y":48,"w":85,"h":167},
	"sourceSize": {"w":240,"h":240}
},
"character_bubbles_celebrate0050.png":
{
	"frame": {"x":89,"y":171,"w":85,"h":167},
	"rotated": false,
	"trimmed": true,
	"spriteSourceSize": {"x":89,"y":48,"w":85,"h":167},
	"sourceSize": {"w":240,"h":240}
},
"character_bubbles_celebrate0051.png":
{
	"frame": {"x":89,"y":171,"w":85,"h":167},
	"rotated": false,
	"trimmed": true,
	"spriteSourceSize": {"x":89,"y":48,"w":85,"h":167},
	"sourceSize": {"w":240,"h":240}
},
"character_bubbles_celebrate0052.png":
{
	"frame": {"x":89,"y":171,"w":85,"h":167},
	"rotated": false,
	"trimmed": true,
	"spriteSourceSize": {"x":89,"y":48,"w":85,"h":167},
	"sourceSize": {"w":240,"h":240}
},
"character_bubbles_celebrate0053.png":
{
	"frame": {"x":270,"y":170,"w":92,"h":165},
	"rotated": false,
	"trimmed": true,
	"spriteSourceSize": {"x":79,"y":50,"w":92,"h":165},
	"sourceSize": {"w":240,"h":240}
},
"character_bubbles_celebrate0054.png":
{
	"frame": {"x":270,"y":170,"w":92,"h":165},
	"rotated": false,
	"trimmed": true,
	"spriteSourceSize": {"x":79,"y":50,"w":92,"h":165},
	"sourceSize": {"w":240,"h":240}
},
"character_bubbles_celebrate0055.png":
{
	"frame": {"x":354,"y":2,"w":92,"h":165},
	"rotated": false,
	"trimmed": true,
	"spriteSourceSize": {"x":79,"y":50,"w":92,"h":165},
	"sourceSize": {"w":240,"h":240}
},
"character_bubbles_celebrate0056.png":
{
	"frame": {"x":354,"y":2,"w":92,"h":165},
	"rotated": false,
	"trimmed": true,
	"spriteSourceSize": {"x":79,"y":50,"w":92,"h":165},
	"sourceSize": {"w":240,"h":240}
},
"character_bubbles_celebrate0057.png":
{
	"frame": {"x":176,"y":171,"w":92,"h":166},
	"rotated": false,
	"trimmed": true,
	"spriteSourceSize": {"x":81,"y":49,"w":92,"h":166},
	"sourceSize": {"w":240,"h":240}
},
"character_bubbles_celebrate0058.png":
{
	"frame": {"x":176,"y":171,"w":92,"h":166},
	"rotated": false,
	"trimmed": true,
	"spriteSourceSize": {"x":81,"y":49,"w":92,"h":166},
	"sourceSize": {"w":240,"h":240}
},
"character_bubbles_celebrate0059.png":
{
	"frame": {"x":2,"y":2,"w":85,"h":168},
	"rotated": false,
	"trimmed": true,
	"spriteSourceSize": {"x":88,"y":47,"w":85,"h":168},
	"sourceSize": {"w":240,"h":240}
},
"character_bubbles_celebrate0060.png":
{
	"frame": {"x":2,"y":2,"w":85,"h":168},
	"rotated": false,
	"trimmed": true,
	"spriteSourceSize": {"x":88,"y":47,"w":85,"h":168},
	"sourceSize": {"w":240,"h":240}
},
"character_bubbles_celebrate0061.png":
{
	"frame": {"x":176,"y":2,"w":83,"h":167},
	"rotated": false,
	"trimmed": true,
	"spriteSourceSize": {"x":88,"y":48,"w":83,"h":167},
	"sourceSize": {"w":240,"h":240}
},
"character_bubbles_celebrate0062.png":
{
	"frame": {"x":176,"y":2,"w":83,"h":167},
	"rotated": false,
	"trimmed": true,
	"spriteSourceSize": {"x":88,"y":48,"w":83,"h":167},
	"sourceSize": {"w":240,"h":240}
},
"character_bubbles_celebrate0063.png":
{
	"frame": {"x":176,"y":2,"w":83,"h":167},
	"rotated": false,
	"trimmed": true,
	"spriteSourceSize": {"x":88,"y":48,"w":83,"h":167},
	"sourceSize": {"w":240,"h":240}
},
"character_bubbles_celebrate0064.png":
{
	"frame": {"x":89,"y":2,"w":85,"h":167},
	"rotated": false,
	"trimmed": true,
	"spriteSourceSize": {"x":86,"y":48,"w":85,"h":167},
	"sourceSize": {"w":240,"h":240}
},
"character_bubbles_celebrate0065.png":
{
	"frame": {"x":89,"y":2,"w":85,"h":167},
	"rotated": false,
	"trimmed": true,
	"spriteSourceSize": {"x":86,"y":48,"w":85,"h":167},
	"sourceSize": {"w":240,"h":240}
},
"character_bubbles_celebrate0066.png":
{
	"frame": {"x":542,"y":2,"w":85,"h":161},
	"rotated": false,
	"trimmed": true,
	"spriteSourceSize": {"x":86,"y":54,"w":85,"h":161},
	"sourceSize": {"w":240,"h":240}
},
"character_bubbles_celebrate0067.png":
{
	"frame": {"x":542,"y":2,"w":85,"h":161},
	"rotated": false,
	"trimmed": true,
	"spriteSourceSize": {"x":86,"y":54,"w":85,"h":161},
	"sourceSize": {"w":240,"h":240}
},
"character_bubbles_celebrate0068.png":
{
	"frame": {"x":629,"y":2,"w":85,"h":158},
	"rotated": false,
	"trimmed": true,
	"spriteSourceSize": {"x":86,"y":57,"w":85,"h":158},
	"sourceSize": {"w":240,"h":240}
},
"character_bubbles_celebrate0069.png":
{
	"frame": {"x":629,"y":2,"w":85,"h":158},
	"rotated": false,
	"trimmed": true,
	"spriteSourceSize": {"x":86,"y":57,"w":85,"h":158},
	"sourceSize": {"w":240,"h":240}
},
"character_bubbles_celebrate0070.png":
{
	"frame": {"x":545,"y":327,"w":90,"h":158},
	"rotated": false,
	"trimmed": true,
	"spriteSourceSize": {"x":83,"y":57,"w":90,"h":158},
	"sourceSize": {"w":240,"h":240}
},
"character_bubbles_celebrate0071.png":
{
	"frame": {"x":545,"y":327,"w":90,"h":158},
	"rotated": false,
	"trimmed": true,
	"spriteSourceSize": {"x":83,"y":57,"w":90,"h":158},
	"sourceSize": {"w":240,"h":240}
},
"character_bubbles_celebrate0072.png":
{
	"frame": {"x":716,"y":2,"w":90,"h":156},
	"rotated": false,
	"trimmed": true,
	"spriteSourceSize": {"x":83,"y":59,"w":90,"h":156},
	"sourceSize": {"w":240,"h":240}
},
"character_bubbles_celebrate0073.png":
{
	"frame": {"x":716,"y":2,"w":90,"h":156},
	"rotated": false,
	"trimmed": true,
	"spriteSourceSize": {"x":83,"y":59,"w":90,"h":156},
	"sourceSize": {"w":240,"h":240}
},
"character_bubbles_celebrate0074.png":
{
	"frame": {"x":545,"y":327,"w":90,"h":158},
	"rotated": false,
	"trimmed": true,
	"spriteSourceSize": {"x":83,"y":57,"w":90,"h":158},
	"sourceSize": {"w":240,"h":240}
},
"character_bubbles_celebrate0075.png":
{
	"frame": {"x":545,"y":327,"w":90,"h":158},
	"rotated": false,
	"trimmed": true,
	"spriteSourceSize": {"x":83,"y":57,"w":90,"h":158},
	"sourceSize": {"w":240,"h":240}
},
"character_bubbles_celebrate0076.png":
{
	"frame": {"x":716,"y":2,"w":90,"h":156},
	"rotated": false,
	"trimmed": true,
	"spriteSourceSize": {"x":83,"y":59,"w":90,"h":156},
	"sourceSize": {"w":240,"h":240}
},
"character_bubbles_celebrate0077.png":
{
	"frame": {"x":716,"y":2,"w":90,"h":156},
	"rotated": false,
	"trimmed": true,
	"spriteSourceSize": {"x":83,"y":59,"w":90,"h":156},
	"sourceSize": {"w":240,"h":240}
},
"character_bubbles_celebrate0078.png":
{
	"frame": {"x":545,"y":327,"w":90,"h":158},
	"rotated": false,
	"trimmed": true,
	"spriteSourceSize": {"x":83,"y":57,"w":90,"h":158},
	"sourceSize": {"w":240,"h":240}
},
"character_bubbles_celebrate0079.png":
{
	"frame": {"x":545,"y":327,"w":90,"h":158},
	"rotated": false,
	"trimmed": true,
	"spriteSourceSize": {"x":83,"y":57,"w":90,"h":158},
	"sourceSize": {"w":240,"h":240}
},
"character_bubbles_celebrate0080.png":
{
	"frame": {"x":716,"y":2,"w":90,"h":156},
	"rotated": false,
	"trimmed": true,
	"spriteSourceSize": {"x":83,"y":59,"w":90,"h":156},
	"sourceSize": {"w":240,"h":240}
},
"character_bubbles_celebrate0081.png":
{
	"frame": {"x":716,"y":2,"w":90,"h":156},
	"rotated": false,
	"trimmed": true,
	"spriteSourceSize": {"x":83,"y":59,"w":90,"h":156},
	"sourceSize": {"w":240,"h":240}
},
"character_bubbles_celebrate0082.png":
{
	"frame": {"x":545,"y":327,"w":90,"h":158},
	"rotated": false,
	"trimmed": true,
	"spriteSourceSize": {"x":83,"y":57,"w":90,"h":158},
	"sourceSize": {"w":240,"h":240}
},
"character_bubbles_celebrate0083.png":
{
	"frame": {"x":545,"y":327,"w":90,"h":158},
	"rotated": false,
	"trimmed": true,
	"spriteSourceSize": {"x":83,"y":57,"w":90,"h":158},
	"sourceSize": {"w":240,"h":240}
},
"character_bubbles_celebrate0084.png":
{
	"frame": {"x":716,"y":2,"w":90,"h":156},
	"rotated": false,
	"trimmed": true,
	"spriteSourceSize": {"x":83,"y":59,"w":90,"h":156},
	"sourceSize": {"w":240,"h":240}
},
"character_bubbles_celebrate0085.png":
{
	"frame": {"x":716,"y":2,"w":90,"h":156},
	"rotated": false,
	"trimmed": true,
	"spriteSourceSize": {"x":83,"y":59,"w":90,"h":156},
	"sourceSize": {"w":240,"h":240}
},
"character_bubbles_celebrate0086.png":
{
	"frame": {"x":545,"y":327,"w":90,"h":158},
	"rotated": false,
	"trimmed": true,
	"spriteSourceSize": {"x":83,"y":57,"w":90,"h":158},
	"sourceSize": {"w":240,"h":240}
},
"character_bubbles_celebrate0087.png":
{
	"frame": {"x":545,"y":327,"w":90,"h":158},
	"rotated": false,
	"trimmed": true,
	"spriteSourceSize": {"x":83,"y":57,"w":90,"h":158},
	"sourceSize": {"w":240,"h":240}
},
"character_bubbles_celebrate0088.png":
{
	"frame": {"x":716,"y":2,"w":90,"h":156},
	"rotated": false,
	"trimmed": true,
	"spriteSourceSize": {"x":83,"y":59,"w":90,"h":156},
	"sourceSize": {"w":240,"h":240}
},
"character_bubbles_celebrate0089.png":
{
	"frame": {"x":716,"y":2,"w":90,"h":156},
	"rotated": false,
	"trimmed": true,
	"spriteSourceSize": {"x":83,"y":59,"w":90,"h":156},
	"sourceSize": {"w":240,"h":240}
},
"character_bubbles_dash0001.png":
{
	"frame": {"x":831,"y":379,"w":140,"h":108},
	"rotated": false,
	"trimmed": true,
	"spriteSourceSize": {"x":31,"y":111,"w":140,"h":108},
	"sourceSize": {"w":240,"h":240}
},
"character_bubbles_dash0002.png":
{
	"frame": {"x":831,"y":379,"w":140,"h":108},
	"rotated": false,
	"trimmed": true,
	"spriteSourceSize": {"x":31,"y":111,"w":140,"h":108},
	"sourceSize": {"w":240,"h":240}
},
"character_bubbles_dash0003.png":
{
	"frame": {"x":1333,"y":352,"w":139,"h":111},
	"rotated": false,
	"trimmed": true,
	"spriteSourceSize": {"x":37,"y":108,"w":139,"h":111},
	"sourceSize": {"w":240,"h":240}
},
"character_bubbles_dash0004.png":
{
	"frame": {"x":1333,"y":352,"w":139,"h":111},
	"rotated": false,
	"trimmed": true,
	"spriteSourceSize": {"x":37,"y":108,"w":139,"h":111},
	"sourceSize": {"w":240,"h":240}
},
"character_bubbles_dash0005.png":
{
	"frame": {"x":1153,"y":2,"w":120,"h":115},
	"rotated": false,
	"trimmed": true,
	"spriteSourceSize": {"x":58,"y":104,"w":120,"h":115},
	"sourceSize": {"w":240,"h":240}
},
"character_bubbles_dash0006.png":
{
	"frame": {"x":1153,"y":2,"w":120,"h":115},
	"rotated": false,
	"trimmed": true,
	"spriteSourceSize": {"x":58,"y":104,"w":120,"h":115},
	"sourceSize": {"w":240,"h":240}
},
"character_bubbles_dash0007.png":
{
	"frame": {"x":1426,"y":116,"w":91,"h":110},
	"rotated": false,
	"trimmed": true,
	"spriteSourceSize": {"x":83,"y":109,"w":91,"h":110},
	"sourceSize": {"w":240,"h":240}
},
"character_bubbles_dash0008.png":
{
	"frame": {"x":1426,"y":116,"w":91,"h":110},
	"rotated": false,
	"trimmed": true,
	"spriteSourceSize": {"x":83,"y":109,"w":91,"h":110},
	"sourceSize": {"w":240,"h":240}
},
"character_bubbles_dash0009.png":
{
	"frame": {"x":831,"y":379,"w":140,"h":108},
	"rotated": false,
	"trimmed": true,
	"spriteSourceSize": {"x":31,"y":111,"w":140,"h":108},
	"sourceSize": {"w":240,"h":240}
},
"character_bubbles_dash0010.png":
{
	"frame": {"x":831,"y":379,"w":140,"h":108},
	"rotated": false,
	"trimmed": true,
	"spriteSourceSize": {"x":31,"y":111,"w":140,"h":108},
	"sourceSize": {"w":240,"h":240}
},
"character_bubbles_dash0011.png":
{
	"frame": {"x":1333,"y":352,"w":139,"h":111},
	"rotated": false,
	"trimmed": true,
	"spriteSourceSize": {"x":37,"y":108,"w":139,"h":111},
	"sourceSize": {"w":240,"h":240}
},
"character_bubbles_dash0012.png":
{
	"frame": {"x":1333,"y":352,"w":139,"h":111},
	"rotated": false,
	"trimmed": true,
	"spriteSourceSize": {"x":37,"y":108,"w":139,"h":111},
	"sourceSize": {"w":240,"h":240}
},
"character_bubbles_dash0013.png":
{
	"frame": {"x":1153,"y":2,"w":120,"h":115},
	"rotated": false,
	"trimmed": true,
	"spriteSourceSize": {"x":58,"y":104,"w":120,"h":115},
	"sourceSize": {"w":240,"h":240}
},
"character_bubbles_dash0014.png":
{
	"frame": {"x":1153,"y":2,"w":120,"h":115},
	"rotated": false,
	"trimmed": true,
	"spriteSourceSize": {"x":58,"y":104,"w":120,"h":115},
	"sourceSize": {"w":240,"h":240}
},
"character_bubbles_dash0015.png":
{
	"frame": {"x":1426,"y":116,"w":91,"h":110},
	"rotated": false,
	"trimmed": true,
	"spriteSourceSize": {"x":83,"y":109,"w":91,"h":110},
	"sourceSize": {"w":240,"h":240}
},
"character_bubbles_dash0016.png":
{
	"frame": {"x":1426,"y":116,"w":91,"h":110},
	"rotated": false,
	"trimmed": true,
	"spriteSourceSize": {"x":83,"y":109,"w":91,"h":110},
	"sourceSize": {"w":240,"h":240}
},
"character_bubbles_fall0001.png":
{
	"frame": {"x":1062,"y":362,"w":87,"h":115},
	"rotated": false,
	"trimmed": true,
	"spriteSourceSize": {"x":78,"y":104,"w":87,"h":115},
	"sourceSize": {"w":240,"h":240}
},
"character_bubbles_fall0002.png":
{
	"frame": {"x":1062,"y":362,"w":87,"h":115},
	"rotated": false,
	"trimmed": true,
	"spriteSourceSize": {"x":78,"y":104,"w":87,"h":115},
	"sourceSize": {"w":240,"h":240}
},
"character_bubbles_fall0003.png":
{
	"frame": {"x":375,"y":336,"w":87,"h":131},
	"rotated": false,
	"trimmed": true,
	"spriteSourceSize": {"x":78,"y":88,"w":87,"h":131},
	"sourceSize": {"w":240,"h":240}
},
"character_bubbles_fall0004.png":
{
	"frame": {"x":375,"y":336,"w":87,"h":131},
	"rotated": false,
	"trimmed": true,
	"spriteSourceSize": {"x":78,"y":88,"w":87,"h":131},
	"sourceSize": {"w":240,"h":240}
},
"character_bubbles_fall0005.png":
{
	"frame": {"x":1261,"y":236,"w":87,"h":114},
	"rotated": false,
	"trimmed": true,
	"spriteSourceSize": {"x":74,"y":105,"w":87,"h":114},
	"sourceSize": {"w":240,"h":240}
},
"character_bubbles_fall0006.png":
{
	"frame": {"x":1261,"y":236,"w":87,"h":114},
	"rotated": false,
	"trimmed": true,
	"spriteSourceSize": {"x":74,"y":105,"w":87,"h":114},
	"sourceSize": {"w":240,"h":240}
},
"character_bubbles_fall0007.png":
{
	"frame": {"x":984,"y":2,"w":78,"h":121},
	"rotated": false,
	"trimmed": true,
	"spriteSourceSize": {"x":82,"y":98,"w":78,"h":121},
	"sourceSize": {"w":240,"h":240}
},
"character_bubbles_fall0008.png":
{
	"frame": {"x":984,"y":2,"w":78,"h":121},
	"rotated": false,
	"trimmed": true,
	"spriteSourceSize": {"x":82,"y":98,"w":78,"h":121},
	"sourceSize": {"w":240,"h":240}
},
"character_bubbles_fall0009.png":
{
	"frame": {"x":810,"y":129,"w":87,"h":123},
	"rotated": false,
	"trimmed": true,
	"spriteSourceSize": {"x":78,"y":96,"w":87,"h":123},
	"sourceSize": {"w":240,"h":240}
},
"character_bubbles_fall0010.png":
{
	"frame": {"x":810,"y":129,"w":87,"h":123},
	"rotated": false,
	"trimmed": true,
	"spriteSourceSize": {"x":78,"y":96,"w":87,"h":123},
	"sourceSize": {"w":240,"h":240}
},
"character_bubbles_fall0011.png":
{
	"frame": {"x":1083,"y":239,"w":87,"h":115},
	"rotated": false,
	"trimmed": true,
	"spriteSourceSize": {"x":81,"y":104,"w":87,"h":115},
	"sourceSize": {"w":240,"h":240}
},
"character_bubbles_fall0012.png":
{
	"frame": {"x":1083,"y":239,"w":87,"h":115},
	"rotated": false,
	"trimmed": true,
	"spriteSourceSize": {"x":81,"y":104,"w":87,"h":115},
	"sourceSize": {"w":240,"h":240}
},
"character_bubbles_fall0013.png":
{
	"frame": {"x":464,"y":336,"w":79,"h":131},
	"rotated": false,
	"trimmed": true,
	"spriteSourceSize": {"x":81,"y":88,"w":79,"h":131},
	"sourceSize": {"w":240,"h":240}
},
"character_bubbles_fall0014.png":
{
	"frame": {"x":464,"y":336,"w":79,"h":131},
	"rotated": false,
	"trimmed": true,
	"spriteSourceSize": {"x":81,"y":88,"w":79,"h":131},
	"sourceSize": {"w":240,"h":240}
},
"character_bubbles_fall0015.png":
{
	"frame": {"x":1275,"y":2,"w":91,"h":114},
	"rotated": false,
	"trimmed": true,
	"spriteSourceSize": {"x":74,"y":105,"w":91,"h":114},
	"sourceSize": {"w":240,"h":240}
},
"character_bubbles_fall0016.png":
{
	"frame": {"x":1275,"y":2,"w":91,"h":114},
	"rotated": false,
	"trimmed": true,
	"spriteSourceSize": {"x":74,"y":105,"w":91,"h":114},
	"sourceSize": {"w":240,"h":240}
},
"character_bubbles_fall0017.png":
{
	"frame": {"x":984,"y":2,"w":78,"h":121},
	"rotated": false,
	"trimmed": true,
	"spriteSourceSize": {"x":82,"y":98,"w":78,"h":121},
	"sourceSize": {"w":240,"h":240}
},
"character_bubbles_fall0018.png":
{
	"frame": {"x":984,"y":2,"w":78,"h":121},
	"rotated": false,
	"trimmed": true,
	"spriteSourceSize": {"x":82,"y":98,"w":78,"h":121},
	"sourceSize": {"w":240,"h":240}
},
"character_bubbles_fall0019.png":
{
	"frame": {"x":821,"y":254,"w":82,"h":123},
	"rotated": false,
	"trimmed": true,
	"spriteSourceSize": {"x":78,"y":96,"w":82,"h":123},
	"sourceSize": {"w":240,"h":240}
},
"character_bubbles_fall0020.png":
{
	"frame": {"x":821,"y":254,"w":82,"h":123},
	"rotated": false,
	"trimmed": true,
	"spriteSourceSize": {"x":78,"y":96,"w":82,"h":123},
	"sourceSize": {"w":240,"h":240}
},
"character_bubbles_fall0021.png":
{
	"frame": {"x":1166,"y":119,"w":87,"h":115},
	"rotated": false,
	"trimmed": true,
	"spriteSourceSize": {"x":81,"y":104,"w":87,"h":115},
	"sourceSize": {"w":240,"h":240}
},
"character_bubbles_fall0022.png":
{
	"frame": {"x":1166,"y":119,"w":87,"h":115},
	"rotated": false,
	"trimmed": true,
	"spriteSourceSize": {"x":81,"y":104,"w":87,"h":115},
	"sourceSize": {"w":240,"h":240}
},
"character_bubbles_fall0023.png":
{
	"frame": {"x":1077,"y":121,"w":87,"h":116},
	"rotated": false,
	"trimmed": true,
	"spriteSourceSize": {"x":62,"y":103,"w":87,"h":116},
	"sourceSize": {"w":240,"h":240}
},
"character_bubbles_fall0024.png":
{
	"frame": {"x":1077,"y":121,"w":87,"h":116},
	"rotated": false,
	"trimmed": true,
	"spriteSourceSize": {"x":62,"y":103,"w":87,"h":116},
	"sourceSize": {"w":240,"h":240}
},
"character_bubbles_fall0025.png":
{
	"frame": {"x":1712,"y":214,"w":79,"h":97},
	"rotated": false,
	"trimmed": true,
	"spriteSourceSize": {"x":58,"y":122,"w":79,"h":97},
	"sourceSize": {"w":240,"h":240}
},
"character_bubbles_fall0026.png":
{
	"frame": {"x":1712,"y":214,"w":79,"h":97},
	"rotated": false,
	"trimmed": true,
	"spriteSourceSize": {"x":58,"y":122,"w":79,"h":97},
	"sourceSize": {"w":240,"h":240}
},
"character_bubbles_fall0027.png":
{
	"frame": {"x":732,"y":414,"w":97,"h":73},
	"rotated": false,
	"trimmed": true,
	"spriteSourceSize": {"x":42,"y":148,"w":97,"h":73},
	"sourceSize": {"w":240,"h":240}
},
"character_bubbles_fall0028.png":
{
	"frame": {"x":732,"y":414,"w":97,"h":73},
	"rotated": false,
	"trimmed": true,
	"spriteSourceSize": {"x":42,"y":148,"w":97,"h":73},
	"sourceSize": {"w":240,"h":240}
},
"character_bubbles_fall0029.png":
{
	"frame": {"x":732,"y":414,"w":97,"h":73},
	"rotated": false,
	"trimmed": true,
	"spriteSourceSize": {"x":42,"y":148,"w":97,"h":73},
	"sourceSize": {"w":240,"h":240}
},
"character_bubbles_fall0030.png":
{
	"frame": {"x":732,"y":414,"w":97,"h":73},
	"rotated": false,
	"trimmed": true,
	"spriteSourceSize": {"x":42,"y":148,"w":97,"h":73},
	"sourceSize": {"w":240,"h":240}
},
"character_bubbles_fall0031.png":
{
	"frame": {"x":1793,"y":200,"w":87,"h":92},
	"rotated": false,
	"trimmed": true,
	"spriteSourceSize": {"x":65,"y":129,"w":87,"h":92},
	"sourceSize": {"w":240,"h":240}
},
"character_bubbles_fall0032.png":
{
	"frame": {"x":1793,"y":200,"w":87,"h":92},
	"rotated": false,
	"trimmed": true,
	"spriteSourceSize": {"x":65,"y":129,"w":87,"h":92},
	"sourceSize": {"w":240,"h":240}
},
"character_bubbles_fall0033.png":
{
	"frame": {"x":1928,"y":162,"w":95,"h":77},
	"rotated": false,
	"trimmed": true,
	"spriteSourceSize": {"x":73,"y":141,"w":95,"h":77},
	"sourceSize": {"w":240,"h":240}
},
"character_bubbles_fall0034.png":
{
	"frame": {"x":1928,"y":162,"w":95,"h":77},
	"rotated": false,
	"trimmed": true,
	"spriteSourceSize": {"x":73,"y":141,"w":95,"h":77},
	"sourceSize": {"w":240,"h":240}
},
"character_bubbles_fall0035.png":
{
	"frame": {"x":1928,"y":241,"w":94,"h":81},
	"rotated": false,
	"trimmed": true,
	"spriteSourceSize": {"x":78,"y":136,"w":94,"h":81},
	"sourceSize": {"w":240,"h":240}
},
"character_bubbles_fall0036.png":
{
	"frame": {"x":1928,"y":241,"w":94,"h":81},
	"rotated": false,
	"trimmed": true,
	"spriteSourceSize": {"x":78,"y":136,"w":94,"h":81},
	"sourceSize": {"w":240,"h":240}
},
"character_bubbles_fall0037.png":
{
	"frame": {"x":1928,"y":324,"w":94,"h":77},
	"rotated": false,
	"trimmed": true,
	"spriteSourceSize": {"x":78,"y":141,"w":94,"h":77},
	"sourceSize": {"w":240,"h":240}
},
"character_bubbles_fall0038.png":
{
	"frame": {"x":1928,"y":324,"w":94,"h":77},
	"rotated": false,
	"trimmed": true,
	"spriteSourceSize": {"x":78,"y":141,"w":94,"h":77},
	"sourceSize": {"w":240,"h":240}
},
"character_bubbles_fall0039.png":
{
	"frame": {"x":1928,"y":324,"w":94,"h":77},
	"rotated": false,
	"trimmed": true,
	"spriteSourceSize": {"x":78,"y":141,"w":94,"h":77},
	"sourceSize": {"w":240,"h":240}
},
"character_bubbles_fall0040.png":
{
	"frame": {"x":1928,"y":324,"w":94,"h":77},
	"rotated": false,
	"trimmed": true,
	"spriteSourceSize": {"x":78,"y":141,"w":94,"h":77},
	"sourceSize": {"w":240,"h":240}
},
"character_bubbles_fall0041.png":
{
	"frame": {"x":1928,"y":324,"w":94,"h":77},
	"rotated": false,
	"trimmed": true,
	"spriteSourceSize": {"x":78,"y":141,"w":94,"h":77},
	"sourceSize": {"w":240,"h":240}
},
"character_bubbles_fall0042.png":
{
	"frame": {"x":1928,"y":324,"w":94,"h":77},
	"rotated": false,
	"trimmed": true,
	"spriteSourceSize": {"x":78,"y":141,"w":94,"h":77},
	"sourceSize": {"w":240,"h":240}
},
"character_bubbles_fall0043.png":
{
	"frame": {"x":1928,"y":324,"w":94,"h":77},
	"rotated": false,
	"trimmed": true,
	"spriteSourceSize": {"x":78,"y":141,"w":94,"h":77},
	"sourceSize": {"w":240,"h":240}
},
"character_bubbles_fall0044.png":
{
	"frame": {"x":1928,"y":324,"w":94,"h":77},
	"rotated": false,
	"trimmed": true,
	"spriteSourceSize": {"x":78,"y":141,"w":94,"h":77},
	"sourceSize": {"w":240,"h":240}
},
"character_bubbles_fall0045.png":
{
	"frame": {"x":1928,"y":324,"w":94,"h":77},
	"rotated": false,
	"trimmed": true,
	"spriteSourceSize": {"x":78,"y":141,"w":94,"h":77},
	"sourceSize": {"w":240,"h":240}
},
"character_bubbles_fall0046.png":
{
	"frame": {"x":1928,"y":324,"w":94,"h":77},
	"rotated": false,
	"trimmed": true,
	"spriteSourceSize": {"x":78,"y":141,"w":94,"h":77},
	"sourceSize": {"w":240,"h":240}
},
"character_bubbles_fall0047.png":
{
	"frame": {"x":1928,"y":324,"w":94,"h":77},
	"rotated": false,
	"trimmed": true,
	"spriteSourceSize": {"x":78,"y":141,"w":94,"h":77},
	"sourceSize": {"w":240,"h":240}
},
"character_bubbles_fall0048.png":
{
	"frame": {"x":1928,"y":324,"w":94,"h":77},
	"rotated": false,
	"trimmed": true,
	"spriteSourceSize": {"x":78,"y":141,"w":94,"h":77},
	"sourceSize": {"w":240,"h":240}
},
"character_bubbles_fall0049.png":
{
	"frame": {"x":1928,"y":324,"w":94,"h":77},
	"rotated": false,
	"trimmed": true,
	"spriteSourceSize": {"x":78,"y":141,"w":94,"h":77},
	"sourceSize": {"w":240,"h":240}
},
"character_bubbles_fall0050.png":
{
	"frame": {"x":1928,"y":324,"w":94,"h":77},
	"rotated": false,
	"trimmed": true,
	"spriteSourceSize": {"x":78,"y":141,"w":94,"h":77},
	"sourceSize": {"w":240,"h":240}
},
"character_bubbles_fall0051.png":
{
	"frame": {"x":1928,"y":324,"w":94,"h":77},
	"rotated": false,
	"trimmed": true,
	"spriteSourceSize": {"x":78,"y":141,"w":94,"h":77},
	"sourceSize": {"w":240,"h":240}
},
"character_bubbles_fall0052.png":
{
	"frame": {"x":1928,"y":324,"w":94,"h":77},
	"rotated": false,
	"trimmed": true,
	"spriteSourceSize": {"x":78,"y":141,"w":94,"h":77},
	"sourceSize": {"w":240,"h":240}
},
"character_bubbles_fall0053.png":
{
	"frame": {"x":1928,"y":324,"w":94,"h":77},
	"rotated": false,
	"trimmed": true,
	"spriteSourceSize": {"x":78,"y":141,"w":94,"h":77},
	"sourceSize": {"w":240,"h":240}
},
"character_bubbles_fall0054.png":
{
	"frame": {"x":1928,"y":324,"w":94,"h":77},
	"rotated": false,
	"trimmed": true,
	"spriteSourceSize": {"x":78,"y":141,"w":94,"h":77},
	"sourceSize": {"w":240,"h":240}
},
"character_bubbles_fall0055.png":
{
	"frame": {"x":1928,"y":324,"w":94,"h":77},
	"rotated": false,
	"trimmed": true,
	"spriteSourceSize": {"x":78,"y":141,"w":94,"h":77},
	"sourceSize": {"w":240,"h":240}
},
"character_bubbles_fall0056.png":
{
	"frame": {"x":1928,"y":324,"w":94,"h":77},
	"rotated": false,
	"trimmed": true,
	"spriteSourceSize": {"x":78,"y":141,"w":94,"h":77},
	"sourceSize": {"w":240,"h":240}
},
"character_bubbles_fall0057.png":
{
	"frame": {"x":1928,"y":324,"w":94,"h":77},
	"rotated": false,
	"trimmed": true,
	"spriteSourceSize": {"x":78,"y":141,"w":94,"h":77},
	"sourceSize": {"w":240,"h":240}
},
"character_bubbles_fall0058.png":
{
	"frame": {"x":1928,"y":324,"w":94,"h":77},
	"rotated": false,
	"trimmed": true,
	"spriteSourceSize": {"x":78,"y":141,"w":94,"h":77},
	"sourceSize": {"w":240,"h":240}
},
"character_bubbles_fall0059.png":
{
	"frame": {"x":1928,"y":324,"w":94,"h":77},
	"rotated": false,
	"trimmed": true,
	"spriteSourceSize": {"x":78,"y":141,"w":94,"h":77},
	"sourceSize": {"w":240,"h":240}
},
"character_bubbles_fall0060.png":
{
	"frame": {"x":1928,"y":324,"w":94,"h":77},
	"rotated": false,
	"trimmed": true,
	"spriteSourceSize": {"x":78,"y":141,"w":94,"h":77},
	"sourceSize": {"w":240,"h":240}
},
"character_bubbles_kick0001.png":
{
	"frame": {"x":973,"y":370,"w":87,"h":117},
	"rotated": false,
	"trimmed": true,
	"spriteSourceSize": {"x":72,"y":102,"w":87,"h":117},
	"sourceSize": {"w":240,"h":240}
},
"character_bubbles_kick0002.png":
{
	"frame": {"x":897,"y":2,"w":85,"h":123},
	"rotated": false,
	"trimmed": true,
	"spriteSourceSize": {"x":65,"y":96,"w":85,"h":123},
	"sourceSize": {"w":240,"h":240}
},
"character_bubbles_kick0003.png":
{
	"frame": {"x":897,"y":2,"w":85,"h":123},
	"rotated": false,
	"trimmed": true,
	"spriteSourceSize": {"x":65,"y":96,"w":85,"h":123},
	"sourceSize": {"w":240,"h":240}
},
"character_bubbles_kick0004.png":
{
	"frame": {"x":1240,"y":353,"w":91,"h":114},
	"rotated": false,
	"trimmed": true,
	"spriteSourceSize": {"x":86,"y":106,"w":91,"h":114},
	"sourceSize": {"w":240,"h":240}
},
"character_bubbles_kick0005.png":
{
	"frame": {"x":1240,"y":353,"w":91,"h":114},
	"rotated": false,
	"trimmed": true,
	"spriteSourceSize": {"x":86,"y":106,"w":91,"h":114},
	"sourceSize": {"w":240,"h":240}
},
"character_bubbles_kick0006.png":
{
	"frame": {"x":1442,"y":228,"w":89,"h":109},
	"rotated": false,
	"trimmed": true,
	"spriteSourceSize": {"x":91,"y":111,"w":89,"h":109},
	"sourceSize": {"w":240,"h":240}
},
"character_bubbles_kick0007.png":
{
	"frame": {"x":1442,"y":228,"w":89,"h":109},
	"rotated": false,
	"trimmed": true,
	"spriteSourceSize": {"x":91,"y":111,"w":89,"h":109},
	"sourceSize": {"w":240,"h":240}
},
"character_bubbles_kick0008.png":
{
	"frame": {"x":1575,"y":2,"w":90,"h":108},
	"rotated": false,
	"trimmed": true,
	"spriteSourceSize": {"x":96,"y":112,"w":90,"h":108},
	"sourceSize": {"w":240,"h":240}
},
"character_bubbles_kick0009.png":
{
	"frame": {"x":1575,"y":2,"w":90,"h":108},
	"rotated": false,
	"trimmed": true,
	"spriteSourceSize": {"x":96,"y":112,"w":90,"h":108},
	"sourceSize": {"w":240,"h":240}
},
"character_bubbles_kick0010.png":
{
	"frame": {"x":1519,"y":114,"w":107,"h":108},
	"rotated": false,
	"trimmed": true,
	"spriteSourceSize": {"x":95,"y":112,"w":107,"h":108},
	"sourceSize": {"w":240,"h":240}
},
"character_bubbles_kick0011.png":
{
	"frame": {"x":1368,"y":2,"w":114,"h":112},
	"rotated": false,
	"trimmed": true,
	"spriteSourceSize": {"x":95,"y":112,"w":114,"h":112},
	"sourceSize": {"w":240,"h":240}
},
"character_bubbles_kick0012.png":
{
	"frame": {"x":1533,"y":224,"w":86,"h":108},
	"rotated": false,
	"trimmed": true,
	"spriteSourceSize": {"x":95,"y":112,"w":86,"h":108},
	"sourceSize": {"w":240,"h":240}
},
"character_bubbles_lose0001.png":
{
	"frame": {"x":1151,"y":356,"w":87,"h":115},
	"rotated": false,
	"trimmed": true,
	"spriteSourceSize": {"x":72,"y":104,"w":87,"h":115},
	"sourceSize": {"w":240,"h":240}
},
"character_bubbles_lose0002.png":
{
	"frame": {"x":1151,"y":356,"w":87,"h":115},
	"rotated": false,
	"trimmed": true,
	"spriteSourceSize": {"x":72,"y":104,"w":87,"h":115},
	"sourceSize": {"w":240,"h":240}
},
"character_bubbles_lose0003.png":
{
	"frame": {"x":1667,"y":2,"w":87,"h":100},
	"rotated": false,
	"trimmed": true,
	"spriteSourceSize": {"x":72,"y":118,"w":87,"h":100},
	"sourceSize": {"w":240,"h":240}
},
"character_bubbles_lose0004.png":
{
	"frame": {"x":1667,"y":2,"w":87,"h":100},
	"rotated": false,
	"trimmed": true,
	"spriteSourceSize": {"x":72,"y":118,"w":87,"h":100},
	"sourceSize": {"w":240,"h":240}
},
"character_bubbles_lose0005.png":
{
	"frame": {"x":1667,"y":2,"w":87,"h":100},
	"rotated": false,
	"trimmed": true,
	"spriteSourceSize": {"x":72,"y":118,"w":87,"h":100},
	"sourceSize": {"w":240,"h":240}
},
"character_bubbles_lose0006.png":
{
	"frame": {"x":1737,"y":313,"w":87,"h":93},
	"rotated": false,
	"trimmed": true,
	"spriteSourceSize": {"x":72,"y":127,"w":87,"h":93},
	"sourceSize": {"w":240,"h":240}
},
"character_bubbles_lose0007.png":
{
	"frame": {"x":1737,"y":313,"w":87,"h":93},
	"rotated": false,
	"trimmed": true,
	"spriteSourceSize": {"x":72,"y":127,"w":87,"h":93},
	"sourceSize": {"w":240,"h":240}
},
"character_bubbles_lose0008.png":
{
	"frame": {"x":1737,"y":313,"w":87,"h":93},
	"rotated": false,
	"trimmed": true,
	"spriteSourceSize": {"x":72,"y":127,"w":87,"h":93},
	"sourceSize": {"w":240,"h":240}
},
"character_bubbles_lose0009.png":
{
	"frame": {"x":1826,"y":294,"w":87,"h":90},
	"rotated": false,
	"trimmed": true,
	"spriteSourceSize": {"x":72,"y":130,"w":87,"h":90},
	"sourceSize": {"w":240,"h":240}
},
"character_bubbles_lose0010.png":
{
	"frame": {"x":1826,"y":294,"w":87,"h":90},
	"rotated": false,
	"trimmed": true,
	"spriteSourceSize": {"x":72,"y":130,"w":87,"h":90},
	"sourceSize": {"w":240,"h":240}
},
"character_bubbles_lose0011.png":
{
	"frame": {"x":1826,"y":294,"w":87,"h":90},
	"rotated": false,
	"trimmed": true,
	"spriteSourceSize": {"x":72,"y":130,"w":87,"h":90},
	"sourceSize": {"w":240,"h":240}
},
"character_bubbles_lose0012.png":
{
	"frame": {"x":1826,"y":294,"w":87,"h":90},
	"rotated": false,
	"trimmed": true,
	"spriteSourceSize": {"x":72,"y":130,"w":87,"h":90},
	"sourceSize": {"w":240,"h":240}
},
"character_bubbles_lose0013.png":
{
	"frame": {"x":1834,"y":386,"w":92,"h":86},
	"rotated": false,
	"trimmed": true,
	"spriteSourceSize": {"x":70,"y":134,"w":92,"h":86},
	"sourceSize": {"w":240,"h":240}
},
"character_bubbles_lose0014.png":
{
	"frame": {"x":1834,"y":386,"w":92,"h":86},
	"rotated": false,
	"trimmed": true,
	"spriteSourceSize": {"x":70,"y":134,"w":92,"h":86},
	"sourceSize": {"w":240,"h":240}
},
"character_bubbles_lose0015.png":
{
	"frame": {"x":1834,"y":386,"w":92,"h":86},
	"rotated": false,
	"trimmed": true,
	"spriteSourceSize": {"x":70,"y":134,"w":92,"h":86},
	"sourceSize": {"w":240,"h":240}
},
"character_bubbles_lose0016.png":
{
	"frame": {"x":1860,"y":2,"w":96,"h":77},
	"rotated": false,
	"trimmed": true,
	"spriteSourceSize": {"x":63,"y":143,"w":96,"h":77},
	"sourceSize": {"w":240,"h":240}
},
"character_bubbles_lose0017.png":
{
	"frame": {"x":1860,"y":2,"w":96,"h":77},
	"rotated": false,
	"trimmed": true,
	"spriteSourceSize": {"x":63,"y":143,"w":96,"h":77},
	"sourceSize": {"w":240,"h":240}
},
"character_bubbles_lose0018.png":
{
	"frame": {"x":1860,"y":81,"w":95,"h":79},
	"rotated": false,
	"trimmed": true,
	"spriteSourceSize": {"x":66,"y":141,"w":95,"h":79},
	"sourceSize": {"w":240,"h":240}
},
"character_bubbles_lose0019.png":
{
	"frame": {"x":1860,"y":81,"w":95,"h":79},
	"rotated": false,
	"trimmed": true,
	"spriteSourceSize": {"x":66,"y":141,"w":95,"h":79},
	"sourceSize": {"w":240,"h":240}
},
"character_bubbles_lose0020.png":
{
	"frame": {"x":1737,"y":408,"w":95,"h":79},
	"rotated": false,
	"trimmed": true,
	"spriteSourceSize": {"x":67,"y":141,"w":95,"h":79},
	"sourceSize": {"w":240,"h":240}
},
"character_bubbles_lose0021.png":
{
	"frame": {"x":1737,"y":408,"w":95,"h":79},
	"rotated": false,
	"trimmed": true,
	"spriteSourceSize": {"x":67,"y":141,"w":95,"h":79},
	"sourceSize": {"w":240,"h":240}
},
"character_bubbles_lose0022.png":
{
	"frame": {"x":1737,"y":408,"w":95,"h":79},
	"rotated": false,
	"trimmed": true,
	"spriteSourceSize": {"x":67,"y":141,"w":95,"h":79},
	"sourceSize": {"w":240,"h":240}
},
"character_bubbles_lose0023.png":
{
	"frame": {"x":1737,"y":408,"w":95,"h":79},
	"rotated": false,
	"trimmed": true,
	"spriteSourceSize": {"x":67,"y":141,"w":95,"h":79},
	"sourceSize": {"w":240,"h":240}
},
"character_bubbles_lose0024.png":
{
	"frame": {"x":1737,"y":408,"w":95,"h":79},
	"rotated": false,
	"trimmed": true,
	"spriteSourceSize": {"x":67,"y":141,"w":95,"h":79},
	"sourceSize": {"w":240,"h":240}
},
"character_bubbles_lose0025.png":
{
	"frame": {"x":1737,"y":408,"w":95,"h":79},
	"rotated": false,
	"trimmed": true,
	"spriteSourceSize": {"x":67,"y":141,"w":95,"h":79},
	"sourceSize": {"w":240,"h":240}
},
"character_bubbles_lose0026.png":
{
	"frame": {"x":1737,"y":408,"w":95,"h":79},
	"rotated": false,
	"trimmed": true,
	"spriteSourceSize": {"x":67,"y":141,"w":95,"h":79},
	"sourceSize": {"w":240,"h":240}
},
"character_bubbles_lose0027.png":
{
	"frame": {"x":1737,"y":408,"w":95,"h":79},
	"rotated": false,
	"trimmed": true,
	"spriteSourceSize": {"x":67,"y":141,"w":95,"h":79},
	"sourceSize": {"w":240,"h":240}
},
"character_bubbles_lose0028.png":
{
	"frame": {"x":1737,"y":408,"w":95,"h":79},
	"rotated": false,
	"trimmed": true,
	"spriteSourceSize": {"x":67,"y":141,"w":95,"h":79},
	"sourceSize": {"w":240,"h":240}
},
"character_bubbles_lose0029.png":
{
	"frame": {"x":1737,"y":408,"w":95,"h":79},
	"rotated": false,
	"trimmed": true,
	"spriteSourceSize": {"x":67,"y":141,"w":95,"h":79},
	"sourceSize": {"w":240,"h":240}
},
"character_bubbles_lose0030.png":
{
	"frame": {"x":1737,"y":408,"w":95,"h":79},
	"rotated": false,
	"trimmed": true,
	"spriteSourceSize": {"x":67,"y":141,"w":95,"h":79},
	"sourceSize": {"w":240,"h":240}
},
"character_bubbles_lose0031.png":
{
	"frame": {"x":1737,"y":408,"w":95,"h":79},
	"rotated": false,
	"trimmed": true,
	"spriteSourceSize": {"x":67,"y":141,"w":95,"h":79},
	"sourceSize": {"w":240,"h":240}
},
"character_bubbles_lose0032.png":
{
	"frame": {"x":1737,"y":408,"w":95,"h":79},
	"rotated": false,
	"trimmed": true,
	"spriteSourceSize": {"x":67,"y":141,"w":95,"h":79},
	"sourceSize": {"w":240,"h":240}
},
"character_bubbles_lose0033.png":
{
	"frame": {"x":1737,"y":408,"w":95,"h":79},
	"rotated": false,
	"trimmed": true,
	"spriteSourceSize": {"x":67,"y":141,"w":95,"h":79},
	"sourceSize": {"w":240,"h":240}
},
"character_bubbles_lose0034.png":
{
	"frame": {"x":1737,"y":408,"w":95,"h":79},
	"rotated": false,
	"trimmed": true,
	"spriteSourceSize": {"x":67,"y":141,"w":95,"h":79},
	"sourceSize": {"w":240,"h":240}
},
"character_bubbles_lose0035.png":
{
	"frame": {"x":1737,"y":408,"w":95,"h":79},
	"rotated": false,
	"trimmed": true,
	"spriteSourceSize": {"x":67,"y":141,"w":95,"h":79},
	"sourceSize": {"w":240,"h":240}
},
"character_bubbles_lose0036.png":
{
	"frame": {"x":1737,"y":408,"w":95,"h":79},
	"rotated": false,
	"trimmed": true,
	"spriteSourceSize": {"x":67,"y":141,"w":95,"h":79},
	"sourceSize": {"w":240,"h":240}
},
"character_bubbles_lose0037.png":
{
	"frame": {"x":1737,"y":408,"w":95,"h":79},
	"rotated": false,
	"trimmed": true,
	"spriteSourceSize": {"x":67,"y":141,"w":95,"h":79},
	"sourceSize": {"w":240,"h":240}
},
"character_bubbles_lose0038.png":
{
	"frame": {"x":1737,"y":408,"w":95,"h":79},
	"rotated": false,
	"trimmed": true,
	"spriteSourceSize": {"x":67,"y":141,"w":95,"h":79},
	"sourceSize": {"w":240,"h":240}
},
"character_bubbles_lose0039.png":
{
	"frame": {"x":1737,"y":408,"w":95,"h":79},
	"rotated": false,
	"trimmed": true,
	"spriteSourceSize": {"x":67,"y":141,"w":95,"h":79},
	"sourceSize": {"w":240,"h":240}
},
"character_bubbles_lose0040.png":
{
	"frame": {"x":1737,"y":408,"w":95,"h":79},
	"rotated": false,
	"trimmed": true,
	"spriteSourceSize": {"x":67,"y":141,"w":95,"h":79},
	"sourceSize": {"w":240,"h":240}
},
"character_bubbles_lose0041.png":
{
	"frame": {"x":1737,"y":408,"w":95,"h":79},
	"rotated": false,
	"trimmed": true,
	"spriteSourceSize": {"x":67,"y":141,"w":95,"h":79},
	"sourceSize": {"w":240,"h":240}
},
"character_bubbles_lose0042.png":
{
	"frame": {"x":1737,"y":408,"w":95,"h":79},
	"rotated": false,
	"trimmed": true,
	"spriteSourceSize": {"x":67,"y":141,"w":95,"h":79},
	"sourceSize": {"w":240,"h":240}
},
"character_bubbles_lose0043.png":
{
	"frame": {"x":1737,"y":408,"w":95,"h":79},
	"rotated": false,
	"trimmed": true,
	"spriteSourceSize": {"x":67,"y":141,"w":95,"h":79},
	"sourceSize": {"w":240,"h":240}
},
"character_bubbles_run0001.png":
{
	"frame": {"x":1474,"y":339,"w":89,"h":108},
	"rotated": false,
	"trimmed": true,
	"spriteSourceSize": {"x":87,"y":111,"w":89,"h":108},
	"sourceSize": {"w":240,"h":240}
},
"character_bubbles_run0002.png":
{
	"frame": {"x":1474,"y":339,"w":89,"h":108},
	"rotated": false,
	"trimmed": true,
	"spriteSourceSize": {"x":87,"y":111,"w":89,"h":108},
	"sourceSize": {"w":240,"h":240}
},
"character_bubbles_run0003.png":
{
	"frame": {"x":1474,"y":339,"w":89,"h":108},
	"rotated": false,
	"trimmed": true,
	"spriteSourceSize": {"x":87,"y":111,"w":89,"h":108},
	"sourceSize": {"w":240,"h":240}
},
"character_bubbles_run0004.png":
{
	"frame": {"x":1474,"y":339,"w":89,"h":108},
	"rotated": false,
	"trimmed": true,
	"spriteSourceSize": {"x":87,"y":111,"w":89,"h":108},
	"sourceSize": {"w":240,"h":240}
},
"character_bubbles_run0005.png":
{
	"frame": {"x":1350,"y":233,"w":90,"h":111},
	"rotated": false,
	"trimmed": true,
	"spriteSourceSize": {"x":91,"y":108,"w":90,"h":111},
	"sourceSize": {"w":240,"h":240}
},
"character_bubbles_run0006.png":
{
	"frame": {"x":1350,"y":233,"w":90,"h":111},
	"rotated": false,
	"trimmed": true,
	"spriteSourceSize": {"x":91,"y":108,"w":90,"h":111},
	"sourceSize": {"w":240,"h":240}
},
"character_bubbles_run0007.png":
{
	"frame": {"x":1350,"y":233,"w":90,"h":111},
	"rotated": false,
	"trimmed": true,
	"spriteSourceSize": {"x":91,"y":108,"w":90,"h":111},
	"sourceSize": {"w":240,"h":240}
},
"character_bubbles_run0008.png":
{
	"frame": {"x":1350,"y":233,"w":90,"h":111},
	"rotated": false,
	"trimmed": true,
	"spriteSourceSize": {"x":91,"y":108,"w":90,"h":111},
	"sourceSize": {"w":240,"h":240}
},
"character_bubbles_run0009.png":
{
	"frame": {"x":1172,"y":236,"w":87,"h":115},
	"rotated": false,
	"trimmed": true,
	"spriteSourceSize": {"x":96,"y":104,"w":87,"h":115},
	"sourceSize": {"w":240,"h":240}
},
"character_bubbles_run0010.png":
{
	"frame": {"x":1172,"y":236,"w":87,"h":115},
	"rotated": false,
	"trimmed": true,
	"spriteSourceSize": {"x":96,"y":104,"w":87,"h":115},
	"sourceSize": {"w":240,"h":240}
},
"character_bubbles_run0011.png":
{
	"frame": {"x":1172,"y":236,"w":87,"h":115},
	"rotated": false,
	"trimmed": true,
	"spriteSourceSize": {"x":96,"y":104,"w":87,"h":115},
	"sourceSize": {"w":240,"h":240}
},
"character_bubbles_run0012.png":
{
	"frame": {"x":1172,"y":236,"w":87,"h":115},
	"rotated": false,
	"trimmed": true,
	"spriteSourceSize": {"x":96,"y":104,"w":87,"h":115},
	"sourceSize": {"w":240,"h":240}
},
"character_bubbles_run0013.png":
{
	"frame": {"x":1484,"y":2,"w":89,"h":110},
	"rotated": false,
	"trimmed": true,
	"spriteSourceSize": {"x":90,"y":109,"w":89,"h":110},
	"sourceSize": {"w":240,"h":240}
},
"character_bubbles_run0014.png":
{
	"frame": {"x":1484,"y":2,"w":89,"h":110},
	"rotated": false,
	"trimmed": true,
	"spriteSourceSize": {"x":90,"y":109,"w":89,"h":110},
	"sourceSize": {"w":240,"h":240}
},
"character_bubbles_run0015.png":
{
	"frame": {"x":1484,"y":2,"w":89,"h":110},
	"rotated": false,
	"trimmed": true,
	"spriteSourceSize": {"x":90,"y":109,"w":89,"h":110},
	"sourceSize": {"w":240,"h":240}
},
"character_bubbles_run0016.png":
{
	"frame": {"x":1484,"y":2,"w":89,"h":110},
	"rotated": false,
	"trimmed": true,
	"spriteSourceSize": {"x":90,"y":109,"w":89,"h":110},
	"sourceSize": {"w":240,"h":240}
},
"character_bubbles_stand0001.png":
{
	"frame": {"x":988,"y":125,"w":87,"h":117},
	"rotated": false,
	"trimmed": true,
	"spriteSourceSize": {"x":72,"y":102,"w":87,"h":117},
	"sourceSize": {"w":240,"h":240}
},
"character_bubbles_stand0002.png":
{
	"frame": {"x":988,"y":125,"w":87,"h":117},
	"rotated": false,
	"trimmed": true,
	"spriteSourceSize": {"x":72,"y":102,"w":87,"h":117},
	"sourceSize": {"w":240,"h":240}
},
"character_bubbles_stand0003.png":
{
	"frame": {"x":988,"y":125,"w":87,"h":117},
	"rotated": false,
	"trimmed": true,
	"spriteSourceSize": {"x":72,"y":102,"w":87,"h":117},
	"sourceSize": {"w":240,"h":240}
},
"character_bubbles_stand0004.png":
{
	"frame": {"x":1064,"y":2,"w":87,"h":117},
	"rotated": false,
	"trimmed": true,
	"spriteSourceSize": {"x":72,"y":102,"w":87,"h":117},
	"sourceSize": {"w":240,"h":240}
},
"character_bubbles_stand0005.png":
{
	"frame": {"x":1064,"y":2,"w":87,"h":117},
	"rotated": false,
	"trimmed": true,
	"spriteSourceSize": {"x":72,"y":102,"w":87,"h":117},
	"sourceSize": {"w":240,"h":240}
},
"character_bubbles_stand0006.png":
{
	"frame": {"x":1064,"y":2,"w":87,"h":117},
	"rotated": false,
	"trimmed": true,
	"spriteSourceSize": {"x":72,"y":102,"w":87,"h":117},
	"sourceSize": {"w":240,"h":240}
},
"character_bubbles_tackle0001.png":
{
	"frame": {"x":1255,"y":119,"w":87,"h":115},
	"rotated": false,
	"trimmed": true,
	"spriteSourceSize": {"x":85,"y":104,"w":87,"h":115},
	"sourceSize": {"w":240,"h":240}
},
"character_bubbles_tackle0002.png":
{
	"frame": {"x":1255,"y":119,"w":87,"h":115},
	"rotated": false,
	"trimmed": true,
	"spriteSourceSize": {"x":85,"y":104,"w":87,"h":115},
	"sourceSize": {"w":240,"h":240}
},
"character_bubbles_tackle0003.png":
{
	"frame": {"x":1255,"y":119,"w":87,"h":115},
	"rotated": false,
	"trimmed": true,
	"spriteSourceSize": {"x":85,"y":104,"w":87,"h":115},
	"sourceSize": {"w":240,"h":240}
},
"character_bubbles_tackle0004.png":
{
	"frame": {"x":732,"y":288,"w":87,"h":124},
	"rotated": false,
	"trimmed": true,
	"spriteSourceSize": {"x":85,"y":94,"w":87,"h":124},
	"sourceSize": {"w":240,"h":240}
},
"character_bubbles_tackle0005.png":
{
	"frame": {"x":732,"y":288,"w":87,"h":124},
	"rotated": false,
	"trimmed": true,
	"spriteSourceSize": {"x":85,"y":94,"w":87,"h":124},
	"sourceSize": {"w":240,"h":240}
},
"character_bubbles_tackle0006.png":
{
	"frame": {"x":1628,"y":112,"w":105,"h":100},
	"rotated": false,
	"trimmed": true,
	"spriteSourceSize": {"x":104,"y":119,"w":105,"h":100},
	"sourceSize": {"w":240,"h":240}
},
"character_bubbles_tackle0007.png":
{
	"frame": {"x":1628,"y":112,"w":105,"h":100},
	"rotated": false,
	"trimmed": true,
	"spriteSourceSize": {"x":104,"y":119,"w":105,"h":100},
	"sourceSize": {"w":240,"h":240}
},
"character_bubbles_tackle0008.png":
{
	"frame": {"x":1735,"y":104,"w":104,"h":94},
	"rotated": false,
	"trimmed": true,
	"spriteSourceSize": {"x":112,"y":125,"w":104,"h":94},
	"sourceSize": {"w":240,"h":240}
},
"character_bubbles_tackle0009.png":
{
	"frame": {"x":1735,"y":104,"w":104,"h":94},
	"rotated": false,
	"trimmed": true,
	"spriteSourceSize": {"x":112,"y":125,"w":104,"h":94},
	"sourceSize": {"w":240,"h":240}
},
"character_bubbles_tackle0010.png":
{
	"frame": {"x":1756,"y":2,"w":102,"h":94},
	"rotated": false,
	"trimmed": true,
	"spriteSourceSize": {"x":121,"y":125,"w":102,"h":94},
	"sourceSize": {"w":240,"h":240}
},
"character_bubbles_tackle0011.png":
{
	"frame": {"x":1756,"y":2,"w":102,"h":94},
	"rotated": false,
	"trimmed": true,
	"spriteSourceSize": {"x":121,"y":125,"w":102,"h":94},
	"sourceSize": {"w":240,"h":240}
}},
"meta": {
	"app": "http://www.codeandweb.com/texturepacker",
	"version": "1.0",
	"image": "bubbles_red.png",
	"format": "RGBA8888",
	"size": {"w":2036,"h":489},
	"scale": "1",
	"smartupdate": "$TexturePacker:SmartUpdate:9b81a68eae6f51cf6477d9f9d4e1c6dc:e3d233ca7259825bc590dc8f8c8a591d:0290d5312cc5bebf93b7fb2bf908788a$"
}
}
