{"frames": {

"characters_darwin_bicycle_kick0001.png":
{
	"frame": {"x":1715,"y":337,"w":91,"h":98},
	"rotated": false,
	"trimmed": true,
	"spriteSourceSize": {"x":77,"y":121,"w":91,"h":98},
	"sourceSize": {"w":240,"h":240}
},
"characters_darwin_bicycle_kick0002.png":
{
	"frame": {"x":1715,"y":337,"w":91,"h":98},
	"rotated": false,
	"trimmed": true,
	"spriteSourceSize": {"x":77,"y":121,"w":91,"h":98},
	"sourceSize": {"w":240,"h":240}
},
"characters_darwin_bicycle_kick0003.png":
{
	"frame": {"x":1715,"y":337,"w":91,"h":98},
	"rotated": false,
	"trimmed": true,
	"spriteSourceSize": {"x":77,"y":121,"w":91,"h":98},
	"sourceSize": {"w":240,"h":240}
},
"characters_darwin_bicycle_kick0004.png":
{
	"frame": {"x":347,"y":2,"w":101,"h":131},
	"rotated": false,
	"trimmed": true,
	"spriteSourceSize": {"x":72,"y":87,"w":101,"h":131},
	"sourceSize": {"w":240,"h":240}
},
"characters_darwin_bicycle_kick0005.png":
{
	"frame": {"x":347,"y":2,"w":101,"h":131},
	"rotated": false,
	"trimmed": true,
	"spriteSourceSize": {"x":72,"y":87,"w":101,"h":131},
	"sourceSize": {"w":240,"h":240}
},
"characters_darwin_bicycle_kick0006.png":
{
	"frame": {"x":118,"y":181,"w":111,"h":148},
	"rotated": false,
	"trimmed": true,
	"spriteSourceSize": {"x":60,"y":69,"w":111,"h":148},
	"sourceSize": {"w":240,"h":240}
},
"characters_darwin_bicycle_kick0007.png":
{
	"frame": {"x":118,"y":181,"w":111,"h":148},
	"rotated": false,
	"trimmed": true,
	"spriteSourceSize": {"x":60,"y":69,"w":111,"h":148},
	"sourceSize": {"w":240,"h":240}
},
"characters_darwin_bicycle_kick0008.png":
{
	"frame": {"x":118,"y":181,"w":111,"h":148},
	"rotated": false,
	"trimmed": true,
	"spriteSourceSize": {"x":60,"y":69,"w":111,"h":148},
	"sourceSize": {"w":240,"h":240}
},
"characters_darwin_bicycle_kick0009.png":
{
	"frame": {"x":2,"y":2,"w":115,"h":177},
	"rotated": false,
	"trimmed": true,
	"spriteSourceSize": {"x":56,"y":42,"w":115,"h":177},
	"sourceSize": {"w":240,"h":240}
},
"characters_darwin_bicycle_kick0010.png":
{
	"frame": {"x":2,"y":2,"w":115,"h":177},
	"rotated": false,
	"trimmed": true,
	"spriteSourceSize": {"x":56,"y":42,"w":115,"h":177},
	"sourceSize": {"w":240,"h":240}
},
"characters_darwin_bicycle_kick0011.png":
{
	"frame": {"x":2,"y":181,"w":114,"h":175},
	"rotated": false,
	"trimmed": true,
	"spriteSourceSize": {"x":42,"y":44,"w":114,"h":175},
	"sourceSize": {"w":240,"h":240}
},
"characters_darwin_bicycle_kick0012.png":
{
	"frame": {"x":2,"y":181,"w":114,"h":175},
	"rotated": false,
	"trimmed": true,
	"spriteSourceSize": {"x":42,"y":44,"w":114,"h":175},
	"sourceSize": {"w":240,"h":240}
},
"characters_darwin_bicycle_kick0013.png":
{
	"frame": {"x":119,"y":2,"w":107,"h":143},
	"rotated": false,
	"trimmed": true,
	"spriteSourceSize": {"x":59,"y":76,"w":107,"h":143},
	"sourceSize": {"w":240,"h":240}
},
"characters_darwin_bicycle_kick0014.png":
{
	"frame": {"x":119,"y":2,"w":107,"h":143},
	"rotated": false,
	"trimmed": true,
	"spriteSourceSize": {"x":59,"y":76,"w":107,"h":143},
	"sourceSize": {"w":240,"h":240}
},
"characters_darwin_bicycle_kick0015.png":
{
	"frame": {"x":1775,"y":2,"w":107,"h":99},
	"rotated": false,
	"trimmed": true,
	"spriteSourceSize": {"x":69,"y":120,"w":107,"h":99},
	"sourceSize": {"w":240,"h":240}
},
"characters_darwin_bicycle_kick0016.png":
{
	"frame": {"x":1775,"y":2,"w":107,"h":99},
	"rotated": false,
	"trimmed": true,
	"spriteSourceSize": {"x":69,"y":120,"w":107,"h":99},
	"sourceSize": {"w":240,"h":240}
},
"characters_darwin_bicycle_kick0017.png":
{
	"frame": {"x":738,"y":371,"w":107,"h":83},
	"rotated": false,
	"trimmed": true,
	"spriteSourceSize": {"x":69,"y":147,"w":107,"h":83},
	"sourceSize": {"w":240,"h":240}
},
"characters_darwin_bicycle_kick0018.png":
{
	"frame": {"x":738,"y":371,"w":107,"h":83},
	"rotated": false,
	"trimmed": true,
	"spriteSourceSize": {"x":69,"y":147,"w":107,"h":83},
	"sourceSize": {"w":240,"h":240}
},
"characters_darwin_bicycle_kick0019.png":
{
	"frame": {"x":971,"y":368,"w":107,"h":86},
	"rotated": false,
	"trimmed": true,
	"spriteSourceSize": {"x":69,"y":142,"w":107,"h":86},
	"sourceSize": {"w":240,"h":240}
},
"characters_darwin_bicycle_kick0020.png":
{
	"frame": {"x":971,"y":368,"w":107,"h":86},
	"rotated": false,
	"trimmed": true,
	"spriteSourceSize": {"x":69,"y":142,"w":107,"h":86},
	"sourceSize": {"w":240,"h":240}
},
"characters_darwin_bicycle_kick0021.png":
{
	"frame": {"x":1918,"y":275,"w":107,"h":83},
	"rotated": false,
	"trimmed": true,
	"spriteSourceSize": {"x":69,"y":147,"w":107,"h":83},
	"sourceSize": {"w":240,"h":240}
},
"characters_darwin_bicycle_kick0022.png":
{
	"frame": {"x":1918,"y":275,"w":107,"h":83},
	"rotated": false,
	"trimmed": true,
	"spriteSourceSize": {"x":69,"y":147,"w":107,"h":83},
	"sourceSize": {"w":240,"h":240}
},
"characters_darwin_celebrate0001.png":
{
	"frame": {"x":1188,"y":359,"w":107,"h":94},
	"rotated": false,
	"trimmed": true,
	"spriteSourceSize": {"x":67,"y":125,"w":107,"h":94},
	"sourceSize": {"w":240,"h":240}
},
"characters_darwin_celebrate0002.png":
{
	"frame": {"x":1188,"y":359,"w":107,"h":94},
	"rotated": false,
	"trimmed": true,
	"spriteSourceSize": {"x":67,"y":125,"w":107,"h":94},
	"sourceSize": {"w":240,"h":240}
},
"characters_darwin_celebrate0003.png":
{
	"frame": {"x":1808,"y":319,"w":108,"h":92},
	"rotated": false,
	"trimmed": true,
	"spriteSourceSize": {"x":67,"y":127,"w":108,"h":92},
	"sourceSize": {"w":240,"h":240}
},
"characters_darwin_celebrate0004.png":
{
	"frame": {"x":1808,"y":319,"w":108,"h":92},
	"rotated": false,
	"trimmed": true,
	"spriteSourceSize": {"x":67,"y":127,"w":108,"h":92},
	"sourceSize": {"w":240,"h":240}
},
"characters_darwin_celebrate0005.png":
{
	"frame": {"x":1808,"y":319,"w":108,"h":92},
	"rotated": false,
	"trimmed": true,
	"spriteSourceSize": {"x":67,"y":127,"w":108,"h":92},
	"sourceSize": {"w":240,"h":240}
},
"characters_darwin_celebrate0006.png":
{
	"frame": {"x":1808,"y":319,"w":108,"h":92},
	"rotated": false,
	"trimmed": true,
	"spriteSourceSize": {"x":67,"y":127,"w":108,"h":92},
	"sourceSize": {"w":240,"h":240}
},
"characters_darwin_celebrate0007.png":
{
	"frame": {"x":264,"y":329,"w":83,"h":125},
	"rotated": false,
	"trimmed": true,
	"spriteSourceSize": {"x":66,"y":94,"w":83,"h":125},
	"sourceSize": {"w":240,"h":240}
},
"characters_darwin_celebrate0008.png":
{
	"frame": {"x":264,"y":329,"w":83,"h":125},
	"rotated": false,
	"trimmed": true,
	"spriteSourceSize": {"x":66,"y":94,"w":83,"h":125},
	"sourceSize": {"w":240,"h":240}
},
"characters_darwin_celebrate0009.png":
{
	"frame": {"x":462,"y":131,"w":83,"h":122},
	"rotated": false,
	"trimmed": true,
	"spriteSourceSize": {"x":66,"y":97,"w":83,"h":122},
	"sourceSize": {"w":240,"h":240}
},
"characters_darwin_celebrate0010.png":
{
	"frame": {"x":462,"y":131,"w":83,"h":122},
	"rotated": false,
	"trimmed": true,
	"spriteSourceSize": {"x":66,"y":97,"w":83,"h":122},
	"sourceSize": {"w":240,"h":240}
},
"characters_darwin_celebrate0011.png":
{
	"frame": {"x":462,"y":131,"w":83,"h":122},
	"rotated": false,
	"trimmed": true,
	"spriteSourceSize": {"x":66,"y":97,"w":83,"h":122},
	"sourceSize": {"w":240,"h":240}
},
"characters_darwin_celebrate0012.png":
{
	"frame": {"x":462,"y":131,"w":83,"h":122},
	"rotated": false,
	"trimmed": true,
	"spriteSourceSize": {"x":66,"y":97,"w":83,"h":122},
	"sourceSize": {"w":240,"h":240}
},
"characters_darwin_celebrate0013.png":
{
	"frame": {"x":462,"y":131,"w":83,"h":122},
	"rotated": false,
	"trimmed": true,
	"spriteSourceSize": {"x":66,"y":97,"w":83,"h":122},
	"sourceSize": {"w":240,"h":240}
},
"characters_darwin_celebrate0014.png":
{
	"frame": {"x":462,"y":131,"w":83,"h":122},
	"rotated": false,
	"trimmed": true,
	"spriteSourceSize": {"x":66,"y":97,"w":83,"h":122},
	"sourceSize": {"w":240,"h":240}
},
"characters_darwin_celebrate0015.png":
{
	"frame": {"x":1155,"y":241,"w":87,"h":116},
	"rotated": false,
	"trimmed": true,
	"spriteSourceSize": {"x":67,"y":101,"w":87,"h":116},
	"sourceSize": {"w":240,"h":240}
},
"characters_darwin_celebrate0016.png":
{
	"frame": {"x":1155,"y":241,"w":87,"h":116},
	"rotated": false,
	"trimmed": true,
	"spriteSourceSize": {"x":67,"y":101,"w":87,"h":116},
	"sourceSize": {"w":240,"h":240}
},
"characters_darwin_celebrate0017.png":
{
	"frame": {"x":1155,"y":241,"w":87,"h":116},
	"rotated": false,
	"trimmed": true,
	"spriteSourceSize": {"x":67,"y":101,"w":87,"h":116},
	"sourceSize": {"w":240,"h":240}
},
"characters_darwin_celebrate0018.png":
{
	"frame": {"x":547,"y":131,"w":82,"h":122},
	"rotated": false,
	"trimmed": true,
	"spriteSourceSize": {"x":78,"y":95,"w":82,"h":122},
	"sourceSize": {"w":240,"h":240}
},
"characters_darwin_celebrate0019.png":
{
	"frame": {"x":547,"y":131,"w":82,"h":122},
	"rotated": false,
	"trimmed": true,
	"spriteSourceSize": {"x":78,"y":95,"w":82,"h":122},
	"sourceSize": {"w":240,"h":240}
},
"characters_darwin_celebrate0020.png":
{
	"frame": {"x":738,"y":248,"w":82,"h":121},
	"rotated": false,
	"trimmed": true,
	"spriteSourceSize": {"x":81,"y":96,"w":82,"h":121},
	"sourceSize": {"w":240,"h":240}
},
"characters_darwin_celebrate0021.png":
{
	"frame": {"x":738,"y":248,"w":82,"h":121},
	"rotated": false,
	"trimmed": true,
	"spriteSourceSize": {"x":81,"y":96,"w":82,"h":121},
	"sourceSize": {"w":240,"h":240}
},
"characters_darwin_celebrate0022.png":
{
	"frame": {"x":1279,"y":120,"w":84,"h":115},
	"rotated": false,
	"trimmed": true,
	"spriteSourceSize": {"x":78,"y":102,"w":84,"h":115},
	"sourceSize": {"w":240,"h":240}
},
"characters_darwin_celebrate0023.png":
{
	"frame": {"x":1279,"y":120,"w":84,"h":115},
	"rotated": false,
	"trimmed": true,
	"spriteSourceSize": {"x":78,"y":102,"w":84,"h":115},
	"sourceSize": {"w":240,"h":240}
},
"characters_darwin_celebrate0024.png":
{
	"frame": {"x":1244,"y":241,"w":91,"h":115},
	"rotated": false,
	"trimmed": true,
	"spriteSourceSize": {"x":66,"y":102,"w":91,"h":115},
	"sourceSize": {"w":240,"h":240}
},
"characters_darwin_celebrate0025.png":
{
	"frame": {"x":1244,"y":241,"w":91,"h":115},
	"rotated": false,
	"trimmed": true,
	"spriteSourceSize": {"x":66,"y":102,"w":91,"h":115},
	"sourceSize": {"w":240,"h":240}
},
"characters_darwin_celebrate0026.png":
{
	"frame": {"x":1058,"y":245,"w":95,"h":119},
	"rotated": false,
	"trimmed": true,
	"spriteSourceSize": {"x":56,"y":98,"w":95,"h":119},
	"sourceSize": {"w":240,"h":240}
},
"characters_darwin_celebrate0027.png":
{
	"frame": {"x":1058,"y":245,"w":95,"h":119},
	"rotated": false,
	"trimmed": true,
	"spriteSourceSize": {"x":56,"y":98,"w":95,"h":119},
	"sourceSize": {"w":240,"h":240}
},
"characters_darwin_celebrate0028.png":
{
	"frame": {"x":348,"y":135,"w":112,"h":128},
	"rotated": false,
	"trimmed": true,
	"spriteSourceSize": {"x":40,"y":89,"w":112,"h":128},
	"sourceSize": {"w":240,"h":240}
},
"characters_darwin_celebrate0029.png":
{
	"frame": {"x":348,"y":135,"w":112,"h":128},
	"rotated": false,
	"trimmed": true,
	"spriteSourceSize": {"x":40,"y":89,"w":112,"h":128},
	"sourceSize": {"w":240,"h":240}
},
"characters_darwin_celebrate0030.png":
{
	"frame": {"x":228,"y":2,"w":117,"h":131},
	"rotated": false,
	"trimmed": true,
	"spriteSourceSize": {"x":52,"y":86,"w":117,"h":131},
	"sourceSize": {"w":240,"h":240}
},
"characters_darwin_celebrate0031.png":
{
	"frame": {"x":228,"y":2,"w":117,"h":131},
	"rotated": false,
	"trimmed": true,
	"spriteSourceSize": {"x":52,"y":86,"w":117,"h":131},
	"sourceSize": {"w":240,"h":240}
},
"characters_darwin_celebrate0032.png":
{
	"frame": {"x":450,"y":2,"w":107,"h":127},
	"rotated": false,
	"trimmed": true,
	"spriteSourceSize": {"x":64,"y":90,"w":107,"h":127},
	"sourceSize": {"w":240,"h":240}
},
"characters_darwin_celebrate0033.png":
{
	"frame": {"x":450,"y":2,"w":107,"h":127},
	"rotated": false,
	"trimmed": true,
	"spriteSourceSize": {"x":64,"y":90,"w":107,"h":127},
	"sourceSize": {"w":240,"h":240}
},
"characters_darwin_celebrate0034.png":
{
	"frame": {"x":958,"y":246,"w":98,"h":120},
	"rotated": false,
	"trimmed": true,
	"spriteSourceSize": {"x":75,"y":97,"w":98,"h":120},
	"sourceSize": {"w":240,"h":240}
},
"characters_darwin_celebrate0035.png":
{
	"frame": {"x":958,"y":246,"w":98,"h":120},
	"rotated": false,
	"trimmed": true,
	"spriteSourceSize": {"x":75,"y":97,"w":98,"h":120},
	"sourceSize": {"w":240,"h":240}
},
"characters_darwin_celebrate0036.png":
{
	"frame": {"x":1213,"y":2,"w":91,"h":116},
	"rotated": false,
	"trimmed": true,
	"spriteSourceSize": {"x":78,"y":101,"w":91,"h":116},
	"sourceSize": {"w":240,"h":240}
},
"characters_darwin_celebrate0037.png":
{
	"frame": {"x":1213,"y":2,"w":91,"h":116},
	"rotated": false,
	"trimmed": true,
	"spriteSourceSize": {"x":78,"y":101,"w":91,"h":116},
	"sourceSize": {"w":240,"h":240}
},
"characters_darwin_celebrate0038.png":
{
	"frame": {"x":1578,"y":232,"w":85,"h":112},
	"rotated": false,
	"trimmed": true,
	"spriteSourceSize": {"x":80,"y":105,"w":85,"h":112},
	"sourceSize": {"w":240,"h":240}
},
"characters_darwin_celebrate0039.png":
{
	"frame": {"x":1578,"y":232,"w":85,"h":112},
	"rotated": false,
	"trimmed": true,
	"spriteSourceSize": {"x":80,"y":105,"w":85,"h":112},
	"sourceSize": {"w":240,"h":240}
},
"characters_darwin_celebrate0040.png":
{
	"frame": {"x":1605,"y":116,"w":84,"h":111},
	"rotated": false,
	"trimmed": true,
	"spriteSourceSize": {"x":75,"y":106,"w":84,"h":111},
	"sourceSize": {"w":240,"h":240}
},
"characters_darwin_celebrate0041.png":
{
	"frame": {"x":1605,"y":116,"w":84,"h":111},
	"rotated": false,
	"trimmed": true,
	"spriteSourceSize": {"x":75,"y":106,"w":84,"h":111},
	"sourceSize": {"w":240,"h":240}
},
"characters_darwin_celebrate0042.png":
{
	"frame": {"x":1605,"y":116,"w":84,"h":111},
	"rotated": false,
	"trimmed": true,
	"spriteSourceSize": {"x":75,"y":106,"w":84,"h":111},
	"sourceSize": {"w":240,"h":240}
},
"characters_darwin_celebrate0043.png":
{
	"frame": {"x":1605,"y":116,"w":84,"h":111},
	"rotated": false,
	"trimmed": true,
	"spriteSourceSize": {"x":75,"y":106,"w":84,"h":111},
	"sourceSize": {"w":240,"h":240}
},
"characters_darwin_celebrate0044.png":
{
	"frame": {"x":1605,"y":116,"w":84,"h":111},
	"rotated": false,
	"trimmed": true,
	"spriteSourceSize": {"x":75,"y":106,"w":84,"h":111},
	"sourceSize": {"w":240,"h":240}
},
"characters_darwin_celebrate0045.png":
{
	"frame": {"x":738,"y":248,"w":82,"h":121},
	"rotated": false,
	"trimmed": true,
	"spriteSourceSize": {"x":81,"y":96,"w":82,"h":121},
	"sourceSize": {"w":240,"h":240}
},
"characters_darwin_celebrate0046.png":
{
	"frame": {"x":738,"y":248,"w":82,"h":121},
	"rotated": false,
	"trimmed": true,
	"spriteSourceSize": {"x":81,"y":96,"w":82,"h":121},
	"sourceSize": {"w":240,"h":240}
},
"characters_darwin_celebrate0047.png":
{
	"frame": {"x":1279,"y":120,"w":84,"h":115},
	"rotated": false,
	"trimmed": true,
	"spriteSourceSize": {"x":78,"y":102,"w":84,"h":115},
	"sourceSize": {"w":240,"h":240}
},
"characters_darwin_celebrate0048.png":
{
	"frame": {"x":1279,"y":120,"w":84,"h":115},
	"rotated": false,
	"trimmed": true,
	"spriteSourceSize": {"x":78,"y":102,"w":84,"h":115},
	"sourceSize": {"w":240,"h":240}
},
"characters_darwin_celebrate0049.png":
{
	"frame": {"x":1244,"y":241,"w":91,"h":115},
	"rotated": false,
	"trimmed": true,
	"spriteSourceSize": {"x":66,"y":102,"w":91,"h":115},
	"sourceSize": {"w":240,"h":240}
},
"characters_darwin_celebrate0050.png":
{
	"frame": {"x":1244,"y":241,"w":91,"h":115},
	"rotated": false,
	"trimmed": true,
	"spriteSourceSize": {"x":66,"y":102,"w":91,"h":115},
	"sourceSize": {"w":240,"h":240}
},
"characters_darwin_celebrate0051.png":
{
	"frame": {"x":1058,"y":245,"w":95,"h":119},
	"rotated": false,
	"trimmed": true,
	"spriteSourceSize": {"x":56,"y":98,"w":95,"h":119},
	"sourceSize": {"w":240,"h":240}
},
"characters_darwin_celebrate0052.png":
{
	"frame": {"x":1058,"y":245,"w":95,"h":119},
	"rotated": false,
	"trimmed": true,
	"spriteSourceSize": {"x":56,"y":98,"w":95,"h":119},
	"sourceSize": {"w":240,"h":240}
},
"characters_darwin_celebrate0053.png":
{
	"frame": {"x":348,"y":135,"w":112,"h":128},
	"rotated": false,
	"trimmed": true,
	"spriteSourceSize": {"x":40,"y":89,"w":112,"h":128},
	"sourceSize": {"w":240,"h":240}
},
"characters_darwin_celebrate0054.png":
{
	"frame": {"x":348,"y":135,"w":112,"h":128},
	"rotated": false,
	"trimmed": true,
	"spriteSourceSize": {"x":40,"y":89,"w":112,"h":128},
	"sourceSize": {"w":240,"h":240}
},
"characters_darwin_celebrate0055.png":
{
	"frame": {"x":228,"y":2,"w":117,"h":131},
	"rotated": false,
	"trimmed": true,
	"spriteSourceSize": {"x":52,"y":86,"w":117,"h":131},
	"sourceSize": {"w":240,"h":240}
},
"characters_darwin_celebrate0056.png":
{
	"frame": {"x":228,"y":2,"w":117,"h":131},
	"rotated": false,
	"trimmed": true,
	"spriteSourceSize": {"x":52,"y":86,"w":117,"h":131},
	"sourceSize": {"w":240,"h":240}
},
"characters_darwin_celebrate0057.png":
{
	"frame": {"x":450,"y":2,"w":107,"h":127},
	"rotated": false,
	"trimmed": true,
	"spriteSourceSize": {"x":64,"y":90,"w":107,"h":127},
	"sourceSize": {"w":240,"h":240}
},
"characters_darwin_celebrate0058.png":
{
	"frame": {"x":450,"y":2,"w":107,"h":127},
	"rotated": false,
	"trimmed": true,
	"spriteSourceSize": {"x":64,"y":90,"w":107,"h":127},
	"sourceSize": {"w":240,"h":240}
},
"characters_darwin_celebrate0059.png":
{
	"frame": {"x":958,"y":246,"w":98,"h":120},
	"rotated": false,
	"trimmed": true,
	"spriteSourceSize": {"x":75,"y":97,"w":98,"h":120},
	"sourceSize": {"w":240,"h":240}
},
"characters_darwin_celebrate0060.png":
{
	"frame": {"x":958,"y":246,"w":98,"h":120},
	"rotated": false,
	"trimmed": true,
	"spriteSourceSize": {"x":75,"y":97,"w":98,"h":120},
	"sourceSize": {"w":240,"h":240}
},
"characters_darwin_celebrate0061.png":
{
	"frame": {"x":1213,"y":2,"w":91,"h":116},
	"rotated": false,
	"trimmed": true,
	"spriteSourceSize": {"x":78,"y":101,"w":91,"h":116},
	"sourceSize": {"w":240,"h":240}
},
"characters_darwin_celebrate0062.png":
{
	"frame": {"x":1213,"y":2,"w":91,"h":116},
	"rotated": false,
	"trimmed": true,
	"spriteSourceSize": {"x":78,"y":101,"w":91,"h":116},
	"sourceSize": {"w":240,"h":240}
},
"characters_darwin_celebrate0063.png":
{
	"frame": {"x":1578,"y":232,"w":85,"h":112},
	"rotated": false,
	"trimmed": true,
	"spriteSourceSize": {"x":80,"y":105,"w":85,"h":112},
	"sourceSize": {"w":240,"h":240}
},
"characters_darwin_celebrate0064.png":
{
	"frame": {"x":1578,"y":232,"w":85,"h":112},
	"rotated": false,
	"trimmed": true,
	"spriteSourceSize": {"x":80,"y":105,"w":85,"h":112},
	"sourceSize": {"w":240,"h":240}
},
"characters_darwin_celebrate0065.png":
{
	"frame": {"x":1605,"y":116,"w":84,"h":111},
	"rotated": false,
	"trimmed": true,
	"spriteSourceSize": {"x":75,"y":106,"w":84,"h":111},
	"sourceSize": {"w":240,"h":240}
},
"characters_darwin_celebrate0066.png":
{
	"frame": {"x":1605,"y":116,"w":84,"h":111},
	"rotated": false,
	"trimmed": true,
	"spriteSourceSize": {"x":75,"y":106,"w":84,"h":111},
	"sourceSize": {"w":240,"h":240}
},
"characters_darwin_dash0001.png":
{
	"frame": {"x":847,"y":369,"w":122,"h":86},
	"rotated": false,
	"trimmed": true,
	"spriteSourceSize": {"x":45,"y":133,"w":122,"h":86},
	"sourceSize": {"w":240,"h":240}
},
"characters_darwin_dash0002.png":
{
	"frame": {"x":1450,"y":2,"w":125,"h":113},
	"rotated": false,
	"trimmed": true,
	"spriteSourceSize": {"x":45,"y":106,"w":125,"h":113},
	"sourceSize": {"w":240,"h":240}
},
"characters_darwin_dash0003.png":
{
	"frame": {"x":125,"y":331,"w":137,"h":122},
	"rotated": false,
	"trimmed": true,
	"spriteSourceSize": {"x":40,"y":97,"w":137,"h":122},
	"sourceSize": {"w":240,"h":240}
},
"characters_darwin_dash0004.png":
{
	"frame": {"x":760,"y":125,"w":138,"h":120},
	"rotated": false,
	"trimmed": true,
	"spriteSourceSize": {"x":51,"y":99,"w":138,"h":120},
	"sourceSize": {"w":240,"h":240}
},
"characters_darwin_dash0005.png":
{
	"frame": {"x":1080,"y":366,"w":106,"h":89},
	"rotated": false,
	"trimmed": true,
	"spriteSourceSize": {"x":64,"y":130,"w":106,"h":89},
	"sourceSize": {"w":240,"h":240}
},
"characters_darwin_dash0006.png":
{
	"frame": {"x":698,"y":2,"w":126,"h":121},
	"rotated": false,
	"trimmed": true,
	"spriteSourceSize": {"x":52,"y":98,"w":126,"h":121},
	"sourceSize": {"w":240,"h":240}
},
"characters_darwin_dash0007.png":
{
	"frame": {"x":349,"y":329,"w":127,"h":122},
	"rotated": false,
	"trimmed": true,
	"spriteSourceSize": {"x":47,"y":97,"w":127,"h":122},
	"sourceSize": {"w":240,"h":240}
},
"characters_darwin_dash0008.png":
{
	"frame": {"x":1365,"y":118,"w":132,"h":113},
	"rotated": false,
	"trimmed": true,
	"spriteSourceSize": {"x":57,"y":107,"w":132,"h":113},
	"sourceSize": {"w":240,"h":240}
},
"characters_darwin_dash0009.png":
{
	"frame": {"x":847,"y":369,"w":122,"h":86},
	"rotated": false,
	"trimmed": true,
	"spriteSourceSize": {"x":45,"y":133,"w":122,"h":86},
	"sourceSize": {"w":240,"h":240}
},
"characters_darwin_dash0010.png":
{
	"frame": {"x":1450,"y":2,"w":125,"h":113},
	"rotated": false,
	"trimmed": true,
	"spriteSourceSize": {"x":45,"y":106,"w":125,"h":113},
	"sourceSize": {"w":240,"h":240}
},
"characters_darwin_dash0011.png":
{
	"frame": {"x":125,"y":331,"w":137,"h":122},
	"rotated": false,
	"trimmed": true,
	"spriteSourceSize": {"x":40,"y":97,"w":137,"h":122},
	"sourceSize": {"w":240,"h":240}
},
"characters_darwin_dash0012.png":
{
	"frame": {"x":760,"y":125,"w":138,"h":120},
	"rotated": false,
	"trimmed": true,
	"spriteSourceSize": {"x":51,"y":99,"w":138,"h":120},
	"sourceSize": {"w":240,"h":240}
},
"characters_darwin_dash0013.png":
{
	"frame": {"x":1080,"y":366,"w":106,"h":89},
	"rotated": false,
	"trimmed": true,
	"spriteSourceSize": {"x":64,"y":130,"w":106,"h":89},
	"sourceSize": {"w":240,"h":240}
},
"characters_darwin_dash0014.png":
{
	"frame": {"x":698,"y":2,"w":126,"h":121},
	"rotated": false,
	"trimmed": true,
	"spriteSourceSize": {"x":52,"y":98,"w":126,"h":121},
	"sourceSize": {"w":240,"h":240}
},
"characters_darwin_dash0015.png":
{
	"frame": {"x":349,"y":329,"w":127,"h":122},
	"rotated": false,
	"trimmed": true,
	"spriteSourceSize": {"x":47,"y":97,"w":127,"h":122},
	"sourceSize": {"w":240,"h":240}
},
"characters_darwin_dash0016.png":
{
	"frame": {"x":1365,"y":118,"w":132,"h":113},
	"rotated": false,
	"trimmed": true,
	"spriteSourceSize": {"x":57,"y":107,"w":132,"h":113},
	"sourceSize": {"w":240,"h":240}
},
"characters_darwin_fall0001.png":
{
	"frame": {"x":1525,"y":348,"w":91,"h":107},
	"rotated": false,
	"trimmed": true,
	"spriteSourceSize": {"x":75,"y":112,"w":91,"h":107},
	"sourceSize": {"w":240,"h":240}
},
"characters_darwin_fall0002.png":
{
	"frame": {"x":1525,"y":348,"w":91,"h":107},
	"rotated": false,
	"trimmed": true,
	"spriteSourceSize": {"x":75,"y":112,"w":91,"h":107},
	"sourceSize": {"w":240,"h":240}
},
"characters_darwin_fall0003.png":
{
	"frame": {"x":231,"y":135,"w":115,"h":131},
	"rotated": false,
	"trimmed": true,
	"spriteSourceSize": {"x":62,"y":88,"w":115,"h":131},
	"sourceSize": {"w":240,"h":240}
},
"characters_darwin_fall0004.png":
{
	"frame": {"x":231,"y":135,"w":115,"h":131},
	"rotated": false,
	"trimmed": true,
	"spriteSourceSize": {"x":62,"y":88,"w":115,"h":131},
	"sourceSize": {"w":240,"h":240}
},
"characters_darwin_fall0005.png":
{
	"frame": {"x":1691,"y":114,"w":109,"h":104},
	"rotated": false,
	"trimmed": true,
	"spriteSourceSize": {"x":74,"y":115,"w":109,"h":104},
	"sourceSize": {"w":240,"h":240}
},
"characters_darwin_fall0006.png":
{
	"frame": {"x":1691,"y":114,"w":109,"h":104},
	"rotated": false,
	"trimmed": true,
	"spriteSourceSize": {"x":74,"y":115,"w":109,"h":104},
	"sourceSize": {"w":240,"h":240}
},
"characters_darwin_fall0007.png":
{
	"frame": {"x":231,"y":268,"w":124,"h":59},
	"rotated": false,
	"trimmed": true,
	"spriteSourceSize": {"x":76,"y":160,"w":124,"h":59},
	"sourceSize": {"w":240,"h":240}
},
"characters_darwin_fall0008.png":
{
	"frame": {"x":231,"y":268,"w":124,"h":59},
	"rotated": false,
	"trimmed": true,
	"spriteSourceSize": {"x":76,"y":160,"w":124,"h":59},
	"sourceSize": {"w":240,"h":240}
},
"characters_darwin_fall0009.png":
{
	"frame": {"x":462,"y":255,"w":124,"h":64},
	"rotated": false,
	"trimmed": true,
	"spriteSourceSize": {"x":76,"y":155,"w":124,"h":64},
	"sourceSize": {"w":240,"h":240}
},
"characters_darwin_fall0010.png":
{
	"frame": {"x":462,"y":255,"w":124,"h":64},
	"rotated": false,
	"trimmed": true,
	"spriteSourceSize": {"x":76,"y":155,"w":124,"h":64},
	"sourceSize": {"w":240,"h":240}
},
"characters_darwin_fall0011.png":
{
	"frame": {"x":231,"y":268,"w":124,"h":59},
	"rotated": false,
	"trimmed": true,
	"spriteSourceSize": {"x":76,"y":160,"w":124,"h":59},
	"sourceSize": {"w":240,"h":240}
},
"characters_darwin_kick0001.png":
{
	"frame": {"x":1618,"y":346,"w":95,"h":106},
	"rotated": false,
	"trimmed": true,
	"spriteSourceSize": {"x":74,"y":113,"w":95,"h":106},
	"sourceSize": {"w":240,"h":240}
},
"characters_darwin_kick0002.png":
{
	"frame": {"x":1419,"y":353,"w":104,"h":102},
	"rotated": false,
	"trimmed": true,
	"spriteSourceSize": {"x":68,"y":117,"w":104,"h":102},
	"sourceSize": {"w":240,"h":240}
},
"characters_darwin_kick0003.png":
{
	"frame": {"x":1419,"y":353,"w":104,"h":102},
	"rotated": false,
	"trimmed": true,
	"spriteSourceSize": {"x":68,"y":117,"w":104,"h":102},
	"sourceSize": {"w":240,"h":240}
},
"characters_darwin_kick0004.png":
{
	"frame": {"x":1419,"y":353,"w":104,"h":102},
	"rotated": false,
	"trimmed": true,
	"spriteSourceSize": {"x":68,"y":117,"w":104,"h":102},
	"sourceSize": {"w":240,"h":240}
},
"characters_darwin_kick0005.png":
{
	"frame": {"x":1154,"y":123,"w":123,"h":116},
	"rotated": false,
	"trimmed": true,
	"spriteSourceSize": {"x":81,"y":103,"w":123,"h":116},
	"sourceSize": {"w":240,"h":240}
},
"characters_darwin_kick0006.png":
{
	"frame": {"x":1154,"y":123,"w":123,"h":116},
	"rotated": false,
	"trimmed": true,
	"spriteSourceSize": {"x":81,"y":103,"w":123,"h":116},
	"sourceSize": {"w":240,"h":240}
},
"characters_darwin_kick0007.png":
{
	"frame": {"x":1035,"y":124,"w":117,"h":119},
	"rotated": false,
	"trimmed": true,
	"spriteSourceSize": {"x":88,"y":100,"w":117,"h":119},
	"sourceSize": {"w":240,"h":240}
},
"characters_darwin_kick0008.png":
{
	"frame": {"x":1035,"y":124,"w":117,"h":119},
	"rotated": false,
	"trimmed": true,
	"spriteSourceSize": {"x":88,"y":100,"w":117,"h":119},
	"sourceSize": {"w":240,"h":240}
},
"characters_darwin_kick0009.png":
{
	"frame": {"x":1094,"y":2,"w":117,"h":119},
	"rotated": false,
	"trimmed": true,
	"spriteSourceSize": {"x":88,"y":100,"w":117,"h":119},
	"sourceSize": {"w":240,"h":240}
},
"characters_darwin_kick0010.png":
{
	"frame": {"x":1094,"y":2,"w":117,"h":119},
	"rotated": false,
	"trimmed": true,
	"spriteSourceSize": {"x":88,"y":100,"w":117,"h":119},
	"sourceSize": {"w":240,"h":240}
},
"characters_darwin_lose0001.png":
{
	"frame": {"x":1525,"y":348,"w":91,"h":107},
	"rotated": false,
	"trimmed": true,
	"spriteSourceSize": {"x":77,"y":112,"w":91,"h":107},
	"sourceSize": {"w":240,"h":240}
},
"characters_darwin_lose0002.png":
{
	"frame": {"x":1525,"y":348,"w":91,"h":107},
	"rotated": false,
	"trimmed": true,
	"spriteSourceSize": {"x":77,"y":112,"w":91,"h":107},
	"sourceSize": {"w":240,"h":240}
},
"characters_darwin_lose0003.png":
{
	"frame": {"x":231,"y":135,"w":115,"h":131},
	"rotated": false,
	"trimmed": true,
	"spriteSourceSize": {"x":64,"y":88,"w":115,"h":131},
	"sourceSize": {"w":240,"h":240}
},
"characters_darwin_lose0004.png":
{
	"frame": {"x":231,"y":135,"w":115,"h":131},
	"rotated": false,
	"trimmed": true,
	"spriteSourceSize": {"x":64,"y":88,"w":115,"h":131},
	"sourceSize": {"w":240,"h":240}
},
"characters_darwin_lose0005.png":
{
	"frame": {"x":1691,"y":114,"w":109,"h":104},
	"rotated": false,
	"trimmed": true,
	"spriteSourceSize": {"x":76,"y":115,"w":109,"h":104},
	"sourceSize": {"w":240,"h":240}
},
"characters_darwin_lose0006.png":
{
	"frame": {"x":1691,"y":114,"w":109,"h":104},
	"rotated": false,
	"trimmed": true,
	"spriteSourceSize": {"x":76,"y":115,"w":109,"h":104},
	"sourceSize": {"w":240,"h":240}
},
"characters_darwin_lose0007.png":
{
	"frame": {"x":231,"y":268,"w":124,"h":59},
	"rotated": false,
	"trimmed": true,
	"spriteSourceSize": {"x":78,"y":160,"w":124,"h":59},
	"sourceSize": {"w":240,"h":240}
},
"characters_darwin_lose0008.png":
{
	"frame": {"x":231,"y":268,"w":124,"h":59},
	"rotated": false,
	"trimmed": true,
	"spriteSourceSize": {"x":78,"y":160,"w":124,"h":59},
	"sourceSize": {"w":240,"h":240}
},
"characters_darwin_lose0009.png":
{
	"frame": {"x":462,"y":255,"w":124,"h":64},
	"rotated": false,
	"trimmed": true,
	"spriteSourceSize": {"x":78,"y":155,"w":124,"h":64},
	"sourceSize": {"w":240,"h":240}
},
"characters_darwin_lose0010.png":
{
	"frame": {"x":462,"y":255,"w":124,"h":64},
	"rotated": false,
	"trimmed": true,
	"spriteSourceSize": {"x":78,"y":155,"w":124,"h":64},
	"sourceSize": {"w":240,"h":240}
},
"characters_darwin_lose0011.png":
{
	"frame": {"x":231,"y":268,"w":124,"h":59},
	"rotated": false,
	"trimmed": true,
	"spriteSourceSize": {"x":78,"y":160,"w":124,"h":59},
	"sourceSize": {"w":240,"h":240}
},
"characters_darwin_run0001.png":
{
	"frame": {"x":1924,"y":2,"w":104,"h":85},
	"rotated": false,
	"trimmed": true,
	"spriteSourceSize": {"x":63,"y":134,"w":104,"h":85},
	"sourceSize": {"w":240,"h":240}
},
"characters_darwin_run0002.png":
{
	"frame": {"x":1924,"y":89,"w":101,"h":91},
	"rotated": false,
	"trimmed": true,
	"spriteSourceSize": {"x":65,"y":128,"w":101,"h":91},
	"sourceSize": {"w":240,"h":240}
},
"characters_darwin_run0003.png":
{
	"frame": {"x":1499,"y":117,"w":104,"h":113},
	"rotated": false,
	"trimmed": true,
	"spriteSourceSize": {"x":66,"y":106,"w":104,"h":113},
	"sourceSize": {"w":240,"h":240}
},
"characters_darwin_run0004.png":
{
	"frame": {"x":900,"y":124,"w":133,"h":120},
	"rotated": false,
	"trimmed": true,
	"spriteSourceSize": {"x":45,"y":99,"w":133,"h":120},
	"sourceSize": {"w":240,"h":240}
},
"characters_darwin_run0005.png":
{
	"frame": {"x":559,"y":2,"w":137,"h":121},
	"rotated": false,
	"trimmed": true,
	"spriteSourceSize": {"x":40,"y":98,"w":137,"h":121},
	"sourceSize": {"w":240,"h":240}
},
"characters_darwin_run0006.png":
{
	"frame": {"x":478,"y":321,"w":129,"h":121},
	"rotated": false,
	"trimmed": true,
	"spriteSourceSize": {"x":48,"y":98,"w":129,"h":121},
	"sourceSize": {"w":240,"h":240}
},
"characters_darwin_run0007.png":
{
	"frame": {"x":826,"y":2,"w":138,"h":120},
	"rotated": false,
	"trimmed": true,
	"spriteSourceSize": {"x":51,"y":99,"w":138,"h":120},
	"sourceSize": {"w":240,"h":240}
},
"characters_darwin_run0008.png":
{
	"frame": {"x":1306,"y":2,"w":142,"h":114},
	"rotated": false,
	"trimmed": true,
	"spriteSourceSize": {"x":49,"y":107,"w":142,"h":114},
	"sourceSize": {"w":240,"h":240}
},
"characters_darwin_run0009.png":
{
	"frame": {"x":1918,"y":360,"w":106,"h":89},
	"rotated": false,
	"trimmed": true,
	"spriteSourceSize": {"x":64,"y":130,"w":106,"h":89},
	"sourceSize": {"w":240,"h":240}
},
"characters_darwin_run0010.png":
{
	"frame": {"x":1924,"y":182,"w":101,"h":91},
	"rotated": false,
	"trimmed": true,
	"spriteSourceSize": {"x":65,"y":128,"w":101,"h":91},
	"sourceSize": {"w":240,"h":240}
},
"characters_darwin_run0011.png":
{
	"frame": {"x":1471,"y":233,"w":105,"h":113},
	"rotated": false,
	"trimmed": true,
	"spriteSourceSize": {"x":65,"y":106,"w":105,"h":113},
	"sourceSize": {"w":240,"h":240}
},
"characters_darwin_run0012.png":
{
	"frame": {"x":966,"y":2,"w":126,"h":120},
	"rotated": false,
	"trimmed": true,
	"spriteSourceSize": {"x":52,"y":99,"w":126,"h":120},
	"sourceSize": {"w":240,"h":240}
},
"characters_darwin_run0013.png":
{
	"frame": {"x":609,"y":255,"w":127,"h":121},
	"rotated": false,
	"trimmed": true,
	"spriteSourceSize": {"x":47,"y":98,"w":127,"h":121},
	"sourceSize": {"w":240,"h":240}
},
"characters_darwin_run0014.png":
{
	"frame": {"x":631,"y":125,"w":127,"h":121},
	"rotated": false,
	"trimmed": true,
	"spriteSourceSize": {"x":47,"y":98,"w":127,"h":121},
	"sourceSize": {"w":240,"h":240}
},
"characters_darwin_run0015.png":
{
	"frame": {"x":822,"y":247,"w":134,"h":120},
	"rotated": false,
	"trimmed": true,
	"spriteSourceSize": {"x":56,"y":99,"w":134,"h":120},
	"sourceSize": {"w":240,"h":240}
},
"characters_darwin_run0016.png":
{
	"frame": {"x":1337,"y":237,"w":132,"h":114},
	"rotated": false,
	"trimmed": true,
	"spriteSourceSize": {"x":57,"y":107,"w":132,"h":114},
	"sourceSize": {"w":240,"h":240}
},
"characters_darwin_stand0001.png":
{
	"frame": {"x":1690,"y":2,"w":83,"h":110},
	"rotated": false,
	"trimmed": true,
	"spriteSourceSize": {"x":79,"y":108,"w":83,"h":110},
	"sourceSize": {"w":240,"h":240}
},
"characters_darwin_stand0002.png":
{
	"frame": {"x":1690,"y":2,"w":83,"h":110},
	"rotated": false,
	"trimmed": true,
	"spriteSourceSize": {"x":79,"y":108,"w":83,"h":110},
	"sourceSize": {"w":240,"h":240}
},
"characters_darwin_stand0003.png":
{
	"frame": {"x":1665,"y":229,"w":83,"h":106},
	"rotated": false,
	"trimmed": true,
	"spriteSourceSize": {"x":79,"y":112,"w":83,"h":106},
	"sourceSize": {"w":240,"h":240}
},
"characters_darwin_tackle0001.png":
{
	"frame": {"x":1577,"y":2,"w":111,"h":112},
	"rotated": false,
	"trimmed": true,
	"spriteSourceSize": {"x":62,"y":107,"w":111,"h":112},
	"sourceSize": {"w":240,"h":240}
},
"characters_darwin_tackle0002.png":
{
	"frame": {"x":1577,"y":2,"w":111,"h":112},
	"rotated": false,
	"trimmed": true,
	"spriteSourceSize": {"x":62,"y":107,"w":111,"h":112},
	"sourceSize": {"w":240,"h":240}
},
"characters_darwin_tackle0003.png":
{
	"frame": {"x":1297,"y":358,"w":120,"h":97},
	"rotated": false,
	"trimmed": true,
	"spriteSourceSize": {"x":61,"y":122,"w":120,"h":97},
	"sourceSize": {"w":240,"h":240}
},
"characters_darwin_tackle0004.png":
{
	"frame": {"x":1297,"y":358,"w":120,"h":97},
	"rotated": false,
	"trimmed": true,
	"spriteSourceSize": {"x":61,"y":122,"w":120,"h":97},
	"sourceSize": {"w":240,"h":240}
},
"characters_darwin_tackle0005.png":
{
	"frame": {"x":2,"y":358,"w":121,"h":97},
	"rotated": false,
	"trimmed": true,
	"spriteSourceSize": {"x":68,"y":122,"w":121,"h":97},
	"sourceSize": {"w":240,"h":240}
},
"characters_darwin_tackle0006.png":
{
	"frame": {"x":2,"y":358,"w":121,"h":97},
	"rotated": false,
	"trimmed": true,
	"spriteSourceSize": {"x":68,"y":122,"w":121,"h":97},
	"sourceSize": {"w":240,"h":240}
},
"characters_darwin_tackle0007.png":
{
	"frame": {"x":1750,"y":220,"w":120,"h":97},
	"rotated": false,
	"trimmed": true,
	"spriteSourceSize": {"x":71,"y":122,"w":120,"h":97},
	"sourceSize": {"w":240,"h":240}
},
"characters_darwin_tackle0008.png":
{
	"frame": {"x":1750,"y":220,"w":120,"h":97},
	"rotated": false,
	"trimmed": true,
	"spriteSourceSize": {"x":71,"y":122,"w":120,"h":97},
	"sourceSize": {"w":240,"h":240}
},
"characters_darwin_tackle0009.png":
{
	"frame": {"x":1802,"y":103,"w":120,"h":97},
	"rotated": false,
	"trimmed": true,
	"spriteSourceSize": {"x":71,"y":122,"w":120,"h":97},
	"sourceSize": {"w":240,"h":240}
}},
"meta": {
	"app": "http://www.codeandweb.com/texturepacker",
	"version": "1.0",
	"image": "darwin_red.png",
	"format": "RGBA8888",
	"size": {"w":2030,"h":457},
	"scale": "1",
	"smartupdate": "$TexturePacker:SmartUpdate:2e6b071d07aa2a7bdeae4f2a568f5259:b0e30fcc76f7598749dab313cf00fb3a:04e7076a854fa40226ae227a5e0a11fc$"
}
}
