{"frames": {

"characters_finn_bicycle_kick0001.png":
{
	"frame": {"x":583,"y":472,"w":79,"h":148},
	"rotated": false,
	"trimmed": true,
	"spriteSourceSize": {"x":66,"y":75,"w":79,"h":148},
	"sourceSize": {"w":240,"h":240}
},
"characters_finn_bicycle_kick0002.png":
{
	"frame": {"x":583,"y":472,"w":79,"h":148},
	"rotated": false,
	"trimmed": true,
	"spriteSourceSize": {"x":66,"y":75,"w":79,"h":148},
	"sourceSize": {"w":240,"h":240}
},
"characters_finn_bicycle_kick0003.png":
{
	"frame": {"x":583,"y":472,"w":79,"h":148},
	"rotated": false,
	"trimmed": true,
	"spriteSourceSize": {"x":66,"y":75,"w":79,"h":148},
	"sourceSize": {"w":240,"h":240}
},
"characters_finn_bicycle_kick0004.png":
{
	"frame": {"x":806,"y":2,"w":125,"h":202},
	"rotated": false,
	"trimmed": true,
	"spriteSourceSize": {"x":32,"y":19,"w":125,"h":202},
	"sourceSize": {"w":240,"h":240}
},
"characters_finn_bicycle_kick0005.png":
{
	"frame": {"x":806,"y":2,"w":125,"h":202},
	"rotated": false,
	"trimmed": true,
	"spriteSourceSize": {"x":32,"y":19,"w":125,"h":202},
	"sourceSize": {"w":240,"h":240}
},
"characters_finn_bicycle_kick0006.png":
{
	"frame": {"x":2,"y":687,"w":128,"h":216},
	"rotated": false,
	"trimmed": true,
	"spriteSourceSize": {"x":15,"y":5,"w":128,"h":216},
	"sourceSize": {"w":240,"h":240}
},
"characters_finn_bicycle_kick0007.png":
{
	"frame": {"x":2,"y":687,"w":128,"h":216},
	"rotated": false,
	"trimmed": true,
	"spriteSourceSize": {"x":15,"y":5,"w":128,"h":216},
	"sourceSize": {"w":240,"h":240}
},
"characters_finn_bicycle_kick0008.png":
{
	"frame": {"x":2,"y":687,"w":128,"h":216},
	"rotated": false,
	"trimmed": true,
	"spriteSourceSize": {"x":15,"y":5,"w":128,"h":216},
	"sourceSize": {"w":240,"h":240}
},
"characters_finn_bicycle_kick0009.png":
{
	"frame": {"x":2,"y":472,"w":148,"h":213},
	"rotated": false,
	"trimmed": true,
	"spriteSourceSize": {"x":19,"y":8,"w":148,"h":213},
	"sourceSize": {"w":240,"h":240}
},
"characters_finn_bicycle_kick0010.png":
{
	"frame": {"x":2,"y":472,"w":148,"h":213},
	"rotated": false,
	"trimmed": true,
	"spriteSourceSize": {"x":19,"y":8,"w":148,"h":213},
	"sourceSize": {"w":240,"h":240}
},
"characters_finn_bicycle_kick0011.png":
{
	"frame": {"x":663,"y":2,"w":141,"h":204},
	"rotated": false,
	"trimmed": true,
	"spriteSourceSize": {"x":7,"y":17,"w":141,"h":204},
	"sourceSize": {"w":240,"h":240}
},
"characters_finn_bicycle_kick0012.png":
{
	"frame": {"x":663,"y":2,"w":141,"h":204},
	"rotated": false,
	"trimmed": true,
	"spriteSourceSize": {"x":7,"y":17,"w":141,"h":204},
	"sourceSize": {"w":240,"h":240}
},
"characters_finn_bicycle_kick0013.png":
{
	"frame": {"x":279,"y":866,"w":135,"h":150},
	"rotated": false,
	"trimmed": true,
	"spriteSourceSize": {"x":20,"y":71,"w":135,"h":150},
	"sourceSize": {"w":240,"h":240}
},
"characters_finn_bicycle_kick0014.png":
{
	"frame": {"x":279,"y":866,"w":135,"h":150},
	"rotated": false,
	"trimmed": true,
	"spriteSourceSize": {"x":20,"y":71,"w":135,"h":150},
	"sourceSize": {"w":240,"h":240}
},
"characters_finn_bicycle_kick0015.png":
{
	"frame": {"x":784,"y":208,"w":147,"h":97},
	"rotated": false,
	"trimmed": true,
	"spriteSourceSize": {"x":20,"y":124,"w":147,"h":97},
	"sourceSize": {"w":240,"h":240}
},
"characters_finn_bicycle_kick0016.png":
{
	"frame": {"x":784,"y":208,"w":147,"h":97},
	"rotated": false,
	"trimmed": true,
	"spriteSourceSize": {"x":20,"y":124,"w":147,"h":97},
	"sourceSize": {"w":240,"h":240}
},
"characters_finn_bicycle_kick0017.png":
{
	"frame": {"x":1238,"y":443,"w":130,"h":94},
	"rotated": false,
	"trimmed": true,
	"spriteSourceSize": {"x":42,"y":127,"w":130,"h":94},
	"sourceSize": {"w":240,"h":240}
},
"characters_finn_bicycle_kick0018.png":
{
	"frame": {"x":1238,"y":443,"w":130,"h":94},
	"rotated": false,
	"trimmed": true,
	"spriteSourceSize": {"x":42,"y":127,"w":130,"h":94},
	"sourceSize": {"w":240,"h":240}
},
"characters_finn_bicycle_kick0019.png":
{
	"frame": {"x":784,"y":307,"w":130,"h":97},
	"rotated": false,
	"trimmed": true,
	"spriteSourceSize": {"x":42,"y":124,"w":130,"h":97},
	"sourceSize": {"w":240,"h":240}
},
"characters_finn_bicycle_kick0020.png":
{
	"frame": {"x":784,"y":307,"w":130,"h":97},
	"rotated": false,
	"trimmed": true,
	"spriteSourceSize": {"x":42,"y":124,"w":130,"h":97},
	"sourceSize": {"w":240,"h":240}
},
"characters_finn_bicycle_kick0021.png":
{
	"frame": {"x":1238,"y":443,"w":130,"h":94},
	"rotated": false,
	"trimmed": true,
	"spriteSourceSize": {"x":42,"y":127,"w":130,"h":94},
	"sourceSize": {"w":240,"h":240}
},
"characters_finn_bicycle_kick0022.png":
{
	"frame": {"x":1238,"y":443,"w":130,"h":94},
	"rotated": false,
	"trimmed": true,
	"spriteSourceSize": {"x":42,"y":127,"w":130,"h":94},
	"sourceSize": {"w":240,"h":240}
},
"characters_finn_celebrate0001.png":
{
	"frame": {"x":1317,"y":539,"w":79,"h":148},
	"rotated": false,
	"trimmed": true,
	"spriteSourceSize": {"x":75,"y":74,"w":79,"h":148},
	"sourceSize": {"w":240,"h":240}
},
"characters_finn_celebrate0002.png":
{
	"frame": {"x":1317,"y":539,"w":79,"h":148},
	"rotated": false,
	"trimmed": true,
	"spriteSourceSize": {"x":75,"y":74,"w":79,"h":148},
	"sourceSize": {"w":240,"h":240}
},
"characters_finn_celebrate0003.png":
{
	"frame": {"x":583,"y":622,"w":84,"h":138},
	"rotated": false,
	"trimmed": true,
	"spriteSourceSize": {"x":74,"y":84,"w":84,"h":138},
	"sourceSize": {"w":240,"h":240}
},
"characters_finn_celebrate0004.png":
{
	"frame": {"x":583,"y":622,"w":84,"h":138},
	"rotated": false,
	"trimmed": true,
	"spriteSourceSize": {"x":74,"y":84,"w":84,"h":138},
	"sourceSize": {"w":240,"h":240}
},
"characters_finn_celebrate0005.png":
{
	"frame": {"x":787,"y":745,"w":99,"h":130},
	"rotated": false,
	"trimmed": true,
	"spriteSourceSize": {"x":71,"y":92,"w":99,"h":130},
	"sourceSize": {"w":240,"h":240}
},
"characters_finn_celebrate0006.png":
{
	"frame": {"x":787,"y":745,"w":99,"h":130},
	"rotated": false,
	"trimmed": true,
	"spriteSourceSize": {"x":71,"y":92,"w":99,"h":130},
	"sourceSize": {"w":240,"h":240}
},
"characters_finn_celebrate0007.png":
{
	"frame": {"x":787,"y":745,"w":99,"h":130},
	"rotated": false,
	"trimmed": true,
	"spriteSourceSize": {"x":71,"y":92,"w":99,"h":130},
	"sourceSize": {"w":240,"h":240}
},
"characters_finn_celebrate0008.png":
{
	"frame": {"x":663,"y":208,"w":119,"h":212},
	"rotated": false,
	"trimmed": true,
	"spriteSourceSize": {"x":60,"y":11,"w":119,"h":212},
	"sourceSize": {"w":240,"h":240}
},
"characters_finn_celebrate0009.png":
{
	"frame": {"x":663,"y":208,"w":119,"h":212},
	"rotated": false,
	"trimmed": true,
	"spriteSourceSize": {"x":60,"y":11,"w":119,"h":212},
	"sourceSize": {"w":240,"h":240}
},
"characters_finn_celebrate0010.png":
{
	"frame": {"x":152,"y":472,"w":123,"h":195},
	"rotated": false,
	"trimmed": true,
	"spriteSourceSize": {"x":53,"y":34,"w":123,"h":195},
	"sourceSize": {"w":240,"h":240}
},
"characters_finn_celebrate0011.png":
{
	"frame": {"x":152,"y":472,"w":123,"h":195},
	"rotated": false,
	"trimmed": true,
	"spriteSourceSize": {"x":53,"y":34,"w":123,"h":195},
	"sourceSize": {"w":240,"h":240}
},
"characters_finn_celebrate0012.png":
{
	"frame": {"x":152,"y":472,"w":123,"h":195},
	"rotated": false,
	"trimmed": true,
	"spriteSourceSize": {"x":53,"y":34,"w":123,"h":195},
	"sourceSize": {"w":240,"h":240}
},
"characters_finn_celebrate0013.png":
{
	"frame": {"x":152,"y":472,"w":123,"h":195},
	"rotated": false,
	"trimmed": true,
	"spriteSourceSize": {"x":53,"y":34,"w":123,"h":195},
	"sourceSize": {"w":240,"h":240}
},
"characters_finn_celebrate0014.png":
{
	"frame": {"x":152,"y":472,"w":123,"h":195},
	"rotated": false,
	"trimmed": true,
	"spriteSourceSize": {"x":53,"y":34,"w":123,"h":195},
	"sourceSize": {"w":240,"h":240}
},
"characters_finn_celebrate0015.png":
{
	"frame": {"x":1294,"y":689,"w":89,"h":146},
	"rotated": false,
	"trimmed": true,
	"spriteSourceSize": {"x":68,"y":76,"w":89,"h":146},
	"sourceSize": {"w":240,"h":240}
},
"characters_finn_celebrate0016.png":
{
	"frame": {"x":1294,"y":689,"w":89,"h":146},
	"rotated": false,
	"trimmed": true,
	"spriteSourceSize": {"x":68,"y":76,"w":89,"h":146},
	"sourceSize": {"w":240,"h":240}
},
"characters_finn_celebrate0017.png":
{
	"frame": {"x":1294,"y":689,"w":89,"h":146},
	"rotated": false,
	"trimmed": true,
	"spriteSourceSize": {"x":68,"y":76,"w":89,"h":146},
	"sourceSize": {"w":240,"h":240}
},
"characters_finn_celebrate0018.png":
{
	"frame": {"x":1211,"y":539,"w":104,"h":143},
	"rotated": false,
	"trimmed": true,
	"spriteSourceSize": {"x":61,"y":79,"w":104,"h":143},
	"sourceSize": {"w":240,"h":240}
},
"characters_finn_celebrate0019.png":
{
	"frame": {"x":1211,"y":539,"w":104,"h":143},
	"rotated": false,
	"trimmed": true,
	"spriteSourceSize": {"x":61,"y":79,"w":104,"h":143},
	"sourceSize": {"w":240,"h":240}
},
"characters_finn_celebrate0020.png":
{
	"frame": {"x":1211,"y":539,"w":104,"h":143},
	"rotated": false,
	"trimmed": true,
	"spriteSourceSize": {"x":61,"y":79,"w":104,"h":143},
	"sourceSize": {"w":240,"h":240}
},
"characters_finn_celebrate0021.png":
{
	"frame": {"x":1100,"y":149,"w":138,"h":138},
	"rotated": false,
	"trimmed": true,
	"spriteSourceSize": {"x":50,"y":84,"w":138,"h":138},
	"sourceSize": {"w":240,"h":240}
},
"characters_finn_celebrate0022.png":
{
	"frame": {"x":1100,"y":149,"w":138,"h":138},
	"rotated": false,
	"trimmed": true,
	"spriteSourceSize": {"x":50,"y":84,"w":138,"h":138},
	"sourceSize": {"w":240,"h":240}
},
"characters_finn_celebrate0023.png":
{
	"frame": {"x":1100,"y":149,"w":138,"h":138},
	"rotated": false,
	"trimmed": true,
	"spriteSourceSize": {"x":50,"y":84,"w":138,"h":138},
	"sourceSize": {"w":240,"h":240}
},
"characters_finn_celebrate0024.png":
{
	"frame": {"x":888,"y":718,"w":95,"h":155},
	"rotated": false,
	"trimmed": true,
	"spriteSourceSize": {"x":75,"y":67,"w":95,"h":155},
	"sourceSize": {"w":240,"h":240}
},
"characters_finn_celebrate0025.png":
{
	"frame": {"x":888,"y":718,"w":95,"h":155},
	"rotated": false,
	"trimmed": true,
	"spriteSourceSize": {"x":75,"y":67,"w":95,"h":155},
	"sourceSize": {"w":240,"h":240}
},
"characters_finn_celebrate0026.png":
{
	"frame": {"x":888,"y":718,"w":95,"h":155},
	"rotated": false,
	"trimmed": true,
	"spriteSourceSize": {"x":75,"y":67,"w":95,"h":155},
	"sourceSize": {"w":240,"h":240}
},
"characters_finn_celebrate0027.png":
{
	"frame": {"x":985,"y":714,"w":97,"h":149},
	"rotated": false,
	"trimmed": true,
	"spriteSourceSize": {"x":69,"y":73,"w":97,"h":149},
	"sourceSize": {"w":240,"h":240}
},
"characters_finn_celebrate0028.png":
{
	"frame": {"x":985,"y":714,"w":97,"h":149},
	"rotated": false,
	"trimmed": true,
	"spriteSourceSize": {"x":69,"y":73,"w":97,"h":149},
	"sourceSize": {"w":240,"h":240}
},
"characters_finn_celebrate0029.png":
{
	"frame": {"x":985,"y":714,"w":97,"h":149},
	"rotated": false,
	"trimmed": true,
	"spriteSourceSize": {"x":69,"y":73,"w":97,"h":149},
	"sourceSize": {"w":240,"h":240}
},
"characters_finn_celebrate0030.png":
{
	"frame": {"x":792,"y":877,"w":119,"h":145},
	"rotated": false,
	"trimmed": true,
	"spriteSourceSize": {"x":49,"y":77,"w":119,"h":145},
	"sourceSize": {"w":240,"h":240}
},
"characters_finn_dash0001.png":
{
	"frame": {"x":1086,"y":2,"w":152,"h":145},
	"rotated": false,
	"trimmed": true,
	"spriteSourceSize": {"x":14,"y":79,"w":152,"h":145},
	"sourceSize": {"w":240,"h":240}
},
"characters_finn_dash0002.png":
{
	"frame": {"x":1240,"y":2,"w":144,"h":148},
	"rotated": false,
	"trimmed": true,
	"spriteSourceSize": {"x":14,"y":76,"w":144,"h":148},
	"sourceSize": {"w":240,"h":240}
},
"characters_finn_dash0003.png":
{
	"frame": {"x":277,"y":472,"w":148,"h":156},
	"rotated": false,
	"trimmed": true,
	"spriteSourceSize": {"x":21,"y":68,"w":148,"h":156},
	"sourceSize": {"w":240,"h":240}
},
"characters_finn_dash0004.png":
{
	"frame": {"x":933,"y":2,"w":151,"h":162},
	"rotated": false,
	"trimmed": true,
	"spriteSourceSize": {"x":21,"y":62,"w":151,"h":162},
	"sourceSize": {"w":240,"h":240}
},
"characters_finn_dash0005.png":
{
	"frame": {"x":445,"y":617,"w":136,"h":144},
	"rotated": false,
	"trimmed": true,
	"spriteSourceSize": {"x":44,"y":80,"w":136,"h":144},
	"sourceSize": {"w":240,"h":240}
},
"characters_finn_dash0006.png":
{
	"frame": {"x":152,"y":669,"w":123,"h":149},
	"rotated": false,
	"trimmed": true,
	"spriteSourceSize": {"x":44,"y":75,"w":123,"h":149},
	"sourceSize": {"w":240,"h":240}
},
"characters_finn_dash0007.png":
{
	"frame": {"x":778,"y":586,"w":95,"h":157},
	"rotated": false,
	"trimmed": true,
	"spriteSourceSize": {"x":67,"y":67,"w":95,"h":157},
	"sourceSize": {"w":240,"h":240}
},
"characters_finn_dash0008.png":
{
	"frame": {"x":1386,"y":2,"w":107,"h":163},
	"rotated": false,
	"trimmed": true,
	"spriteSourceSize": {"x":57,"y":61,"w":107,"h":163},
	"sourceSize": {"w":240,"h":240}
},
"characters_finn_dash0009.png":
{
	"frame": {"x":1086,"y":2,"w":152,"h":145},
	"rotated": false,
	"trimmed": true,
	"spriteSourceSize": {"x":14,"y":79,"w":152,"h":145},
	"sourceSize": {"w":240,"h":240}
},
"characters_finn_dash0010.png":
{
	"frame": {"x":1240,"y":2,"w":144,"h":148},
	"rotated": false,
	"trimmed": true,
	"spriteSourceSize": {"x":14,"y":76,"w":144,"h":148},
	"sourceSize": {"w":240,"h":240}
},
"characters_finn_dash0011.png":
{
	"frame": {"x":277,"y":472,"w":148,"h":156},
	"rotated": false,
	"trimmed": true,
	"spriteSourceSize": {"x":21,"y":68,"w":148,"h":156},
	"sourceSize": {"w":240,"h":240}
},
"characters_finn_dash0012.png":
{
	"frame": {"x":933,"y":2,"w":151,"h":162},
	"rotated": false,
	"trimmed": true,
	"spriteSourceSize": {"x":21,"y":62,"w":151,"h":162},
	"sourceSize": {"w":240,"h":240}
},
"characters_finn_dash0013.png":
{
	"frame": {"x":445,"y":617,"w":136,"h":144},
	"rotated": false,
	"trimmed": true,
	"spriteSourceSize": {"x":44,"y":80,"w":136,"h":144},
	"sourceSize": {"w":240,"h":240}
},
"characters_finn_dash0014.png":
{
	"frame": {"x":152,"y":669,"w":123,"h":149},
	"rotated": false,
	"trimmed": true,
	"spriteSourceSize": {"x":44,"y":75,"w":123,"h":149},
	"sourceSize": {"w":240,"h":240}
},
"characters_finn_dash0015.png":
{
	"frame": {"x":778,"y":586,"w":95,"h":157},
	"rotated": false,
	"trimmed": true,
	"spriteSourceSize": {"x":67,"y":67,"w":95,"h":157},
	"sourceSize": {"w":240,"h":240}
},
"characters_finn_dash0016.png":
{
	"frame": {"x":1386,"y":2,"w":107,"h":163},
	"rotated": false,
	"trimmed": true,
	"spriteSourceSize": {"x":57,"y":61,"w":107,"h":163},
	"sourceSize": {"w":240,"h":240}
},
"characters_finn_fall0001.png":
{
	"frame": {"x":1379,"y":167,"w":113,"h":153},
	"rotated": false,
	"trimmed": true,
	"spriteSourceSize": {"x":51,"y":70,"w":113,"h":153},
	"sourceSize": {"w":240,"h":240}
},
"characters_finn_fall0002.png":
{
	"frame": {"x":1379,"y":167,"w":113,"h":153},
	"rotated": false,
	"trimmed": true,
	"spriteSourceSize": {"x":51,"y":70,"w":113,"h":153},
	"sourceSize": {"w":240,"h":240}
},
"characters_finn_fall0003.png":
{
	"frame": {"x":970,"y":559,"w":109,"h":153},
	"rotated": false,
	"trimmed": true,
	"spriteSourceSize": {"x":39,"y":70,"w":109,"h":153},
	"sourceSize": {"w":240,"h":240}
},
"characters_finn_fall0004.png":
{
	"frame": {"x":970,"y":559,"w":109,"h":153},
	"rotated": false,
	"trimmed": true,
	"spriteSourceSize": {"x":39,"y":70,"w":109,"h":153},
	"sourceSize": {"w":240,"h":240}
},
"characters_finn_fall0005.png":
{
	"frame": {"x":1385,"y":689,"w":108,"h":100},
	"rotated": false,
	"trimmed": true,
	"spriteSourceSize": {"x":39,"y":123,"w":108,"h":100},
	"sourceSize": {"w":240,"h":240}
},
"characters_finn_fall0006.png":
{
	"frame": {"x":1385,"y":689,"w":108,"h":100},
	"rotated": false,
	"trimmed": true,
	"spriteSourceSize": {"x":39,"y":123,"w":108,"h":100},
	"sourceSize": {"w":240,"h":240}
},
"characters_finn_fall0007.png":
{
	"frame": {"x":1181,"y":834,"w":106,"h":94},
	"rotated": false,
	"trimmed": true,
	"spriteSourceSize": {"x":46,"y":129,"w":106,"h":94},
	"sourceSize": {"w":240,"h":240}
},
"characters_finn_fall0008.png":
{
	"frame": {"x":1181,"y":834,"w":106,"h":94},
	"rotated": false,
	"trimmed": true,
	"spriteSourceSize": {"x":46,"y":129,"w":106,"h":94},
	"sourceSize": {"w":240,"h":240}
},
"characters_finn_fall0009.png":
{
	"frame": {"x":1385,"y":791,"w":108,"h":91},
	"rotated": false,
	"trimmed": true,
	"spriteSourceSize": {"x":49,"y":132,"w":108,"h":91},
	"sourceSize": {"w":240,"h":240}
},
"characters_finn_kick0001.png":
{
	"frame": {"x":1084,"y":669,"w":106,"h":148},
	"rotated": false,
	"trimmed": true,
	"spriteSourceSize": {"x":48,"y":75,"w":106,"h":148},
	"sourceSize": {"w":240,"h":240}
},
"characters_finn_kick0002.png":
{
	"frame": {"x":785,"y":406,"w":131,"h":151},
	"rotated": false,
	"trimmed": true,
	"spriteSourceSize": {"x":51,"y":72,"w":131,"h":151},
	"sourceSize": {"w":240,"h":240}
},
"characters_finn_kick0003.png":
{
	"frame": {"x":785,"y":406,"w":131,"h":151},
	"rotated": false,
	"trimmed": true,
	"spriteSourceSize": {"x":51,"y":72,"w":131,"h":151},
	"sourceSize": {"w":240,"h":240}
},
"characters_finn_kick0004.png":
{
	"frame": {"x":785,"y":406,"w":131,"h":151},
	"rotated": false,
	"trimmed": true,
	"spriteSourceSize": {"x":51,"y":72,"w":131,"h":151},
	"sourceSize": {"w":240,"h":240}
},
"characters_finn_kick0005.png":
{
	"frame": {"x":427,"y":472,"w":154,"h":143},
	"rotated": false,
	"trimmed": true,
	"spriteSourceSize": {"x":64,"y":77,"w":154,"h":143},
	"sourceSize": {"w":240,"h":240}
},
"characters_finn_kick0006.png":
{
	"frame": {"x":427,"y":472,"w":154,"h":143},
	"rotated": false,
	"trimmed": true,
	"spriteSourceSize": {"x":64,"y":77,"w":154,"h":143},
	"sourceSize": {"w":240,"h":240}
},
"characters_finn_kick0007.png":
{
	"frame": {"x":1240,"y":152,"w":137,"h":143},
	"rotated": false,
	"trimmed": true,
	"spriteSourceSize": {"x":87,"y":77,"w":137,"h":143},
	"sourceSize": {"w":240,"h":240}
},
"characters_finn_kick0008.png":
{
	"frame": {"x":918,"y":413,"w":132,"h":144},
	"rotated": false,
	"trimmed": true,
	"spriteSourceSize": {"x":92,"y":76,"w":132,"h":144},
	"sourceSize": {"w":240,"h":240}
},
"characters_finn_kick0009.png":
{
	"frame": {"x":1238,"y":297,"w":132,"h":144},
	"rotated": false,
	"trimmed": true,
	"spriteSourceSize": {"x":92,"y":76,"w":132,"h":144},
	"sourceSize": {"w":240,"h":240}
},
"characters_finn_kick0010.png":
{
	"frame": {"x":1238,"y":297,"w":132,"h":144},
	"rotated": false,
	"trimmed": true,
	"spriteSourceSize": {"x":92,"y":76,"w":132,"h":144},
	"sourceSize": {"w":240,"h":240}
},
"characters_finn_lose0001.png":
{
	"frame": {"x":416,"y":882,"w":103,"h":140},
	"rotated": false,
	"trimmed": true,
	"spriteSourceSize": {"x":52,"y":82,"w":103,"h":140},
	"sourceSize": {"w":240,"h":240}
},
"characters_finn_lose0002.png":
{
	"frame": {"x":416,"y":882,"w":103,"h":140},
	"rotated": false,
	"trimmed": true,
	"spriteSourceSize": {"x":52,"y":82,"w":103,"h":140},
	"sourceSize": {"w":240,"h":240}
},
"characters_finn_lose0003.png":
{
	"frame": {"x":521,"y":882,"w":100,"h":140},
	"rotated": false,
	"trimmed": true,
	"spriteSourceSize": {"x":40,"y":82,"w":100,"h":140},
	"sourceSize": {"w":240,"h":240}
},
"characters_finn_lose0004.png":
{
	"frame": {"x":521,"y":882,"w":100,"h":140},
	"rotated": false,
	"trimmed": true,
	"spriteSourceSize": {"x":40,"y":82,"w":100,"h":140},
	"sourceSize": {"w":240,"h":240}
},
"characters_finn_lose0005.png":
{
	"frame": {"x":1181,"y":930,"w":99,"h":92},
	"rotated": false,
	"trimmed": true,
	"spriteSourceSize": {"x":40,"y":130,"w":99,"h":92},
	"sourceSize": {"w":240,"h":240}
},
"characters_finn_lose0006.png":
{
	"frame": {"x":1181,"y":930,"w":99,"h":92},
	"rotated": false,
	"trimmed": true,
	"spriteSourceSize": {"x":40,"y":130,"w":99,"h":92},
	"sourceSize": {"w":240,"h":240}
},
"characters_finn_lose0007.png":
{
	"frame": {"x":1282,"y":930,"w":97,"h":87},
	"rotated": false,
	"trimmed": true,
	"spriteSourceSize": {"x":47,"y":135,"w":97,"h":87},
	"sourceSize": {"w":240,"h":240}
},
"characters_finn_lose0008.png":
{
	"frame": {"x":1282,"y":930,"w":97,"h":87},
	"rotated": false,
	"trimmed": true,
	"spriteSourceSize": {"x":47,"y":135,"w":97,"h":87},
	"sourceSize": {"w":240,"h":240}
},
"characters_finn_lose0009.png":
{
	"frame": {"x":1381,"y":884,"w":100,"h":82},
	"rotated": false,
	"trimmed": true,
	"spriteSourceSize": {"x":49,"y":139,"w":100,"h":82},
	"sourceSize": {"w":240,"h":240}
},
"characters_finn_run0001.png":
{
	"frame": {"x":1372,"y":322,"w":116,"h":145},
	"rotated": false,
	"trimmed": true,
	"spriteSourceSize": {"x":52,"y":79,"w":116,"h":145},
	"sourceSize": {"w":240,"h":240}
},
"characters_finn_run0002.png":
{
	"frame": {"x":1372,"y":322,"w":116,"h":145},
	"rotated": false,
	"trimmed": true,
	"spriteSourceSize": {"x":52,"y":79,"w":116,"h":145},
	"sourceSize": {"w":240,"h":240}
},
"characters_finn_run0003.png":
{
	"frame": {"x":1192,"y":684,"w":100,"h":148},
	"rotated": false,
	"trimmed": true,
	"spriteSourceSize": {"x":60,"y":76,"w":100,"h":148},
	"sourceSize": {"w":240,"h":240}
},
"characters_finn_run0004.png":
{
	"frame": {"x":1192,"y":684,"w":100,"h":148},
	"rotated": false,
	"trimmed": true,
	"spriteSourceSize": {"x":60,"y":76,"w":100,"h":148},
	"sourceSize": {"w":240,"h":240}
},
"characters_finn_run0005.png":
{
	"frame": {"x":175,"y":866,"w":102,"h":156},
	"rotated": false,
	"trimmed": true,
	"spriteSourceSize": {"x":67,"y":68,"w":102,"h":156},
	"sourceSize": {"w":240,"h":240}
},
"characters_finn_run0006.png":
{
	"frame": {"x":175,"y":866,"w":102,"h":156},
	"rotated": false,
	"trimmed": true,
	"spriteSourceSize": {"x":67,"y":68,"w":102,"h":156},
	"sourceSize": {"w":240,"h":240}
},
"characters_finn_run0007.png":
{
	"frame": {"x":664,"y":422,"w":119,"h":162},
	"rotated": false,
	"trimmed": true,
	"spriteSourceSize": {"x":53,"y":62,"w":119,"h":162},
	"sourceSize": {"w":240,"h":240}
},
"characters_finn_run0008.png":
{
	"frame": {"x":664,"y":422,"w":119,"h":162},
	"rotated": false,
	"trimmed": true,
	"spriteSourceSize": {"x":53,"y":62,"w":119,"h":162},
	"sourceSize": {"w":240,"h":240}
},
"characters_finn_run0009.png":
{
	"frame": {"x":1081,"y":523,"w":128,"h":144},
	"rotated": false,
	"trimmed": true,
	"spriteSourceSize": {"x":52,"y":80,"w":128,"h":144},
	"sourceSize": {"w":240,"h":240}
},
"characters_finn_run0010.png":
{
	"frame": {"x":1081,"y":523,"w":128,"h":144},
	"rotated": false,
	"trimmed": true,
	"spriteSourceSize": {"x":52,"y":80,"w":128,"h":144},
	"sourceSize": {"w":240,"h":240}
},
"characters_finn_run0011.png":
{
	"frame": {"x":990,"y":865,"w":112,"h":149},
	"rotated": false,
	"trimmed": true,
	"spriteSourceSize": {"x":55,"y":75,"w":112,"h":149},
	"sourceSize": {"w":240,"h":240}
},
"characters_finn_run0012.png":
{
	"frame": {"x":990,"y":865,"w":112,"h":149},
	"rotated": false,
	"trimmed": true,
	"spriteSourceSize": {"x":55,"y":75,"w":112,"h":149},
	"sourceSize": {"w":240,"h":240}
},
"characters_finn_run0013.png":
{
	"frame": {"x":875,"y":559,"w":93,"h":157},
	"rotated": false,
	"trimmed": true,
	"spriteSourceSize": {"x":69,"y":67,"w":93,"h":157},
	"sourceSize": {"w":240,"h":240}
},
"characters_finn_run0014.png":
{
	"frame": {"x":875,"y":559,"w":93,"h":157},
	"rotated": false,
	"trimmed": true,
	"spriteSourceSize": {"x":69,"y":67,"w":93,"h":157},
	"sourceSize": {"w":240,"h":240}
},
"characters_finn_run0015.png":
{
	"frame": {"x":669,"y":586,"w":107,"h":163},
	"rotated": false,
	"trimmed": true,
	"spriteSourceSize": {"x":57,"y":61,"w":107,"h":163},
	"sourceSize": {"w":240,"h":240}
},
"characters_finn_run0016.png":
{
	"frame": {"x":669,"y":586,"w":107,"h":163},
	"rotated": false,
	"trimmed": true,
	"spriteSourceSize": {"x":57,"y":61,"w":107,"h":163},
	"sourceSize": {"w":240,"h":240}
},
"characters_finn_stand0001.png":
{
	"frame": {"x":913,"y":875,"w":75,"h":147},
	"rotated": false,
	"trimmed": true,
	"spriteSourceSize": {"x":75,"y":77,"w":75,"h":147},
	"sourceSize": {"w":240,"h":240}
},
"characters_finn_stand0002.png":
{
	"frame": {"x":913,"y":875,"w":75,"h":147},
	"rotated": false,
	"trimmed": true,
	"spriteSourceSize": {"x":75,"y":77,"w":75,"h":147},
	"sourceSize": {"w":240,"h":240}
},
"characters_finn_stand0003.png":
{
	"frame": {"x":913,"y":875,"w":75,"h":147},
	"rotated": false,
	"trimmed": true,
	"spriteSourceSize": {"x":75,"y":77,"w":75,"h":147},
	"sourceSize": {"w":240,"h":240}
},
"characters_finn_stand0004.png":
{
	"frame": {"x":1104,"y":819,"w":75,"h":146},
	"rotated": false,
	"trimmed": true,
	"spriteSourceSize": {"x":75,"y":78,"w":75,"h":146},
	"sourceSize": {"w":240,"h":240}
},
"characters_finn_stand0005.png":
{
	"frame": {"x":1104,"y":819,"w":75,"h":146},
	"rotated": false,
	"trimmed": true,
	"spriteSourceSize": {"x":75,"y":78,"w":75,"h":146},
	"sourceSize": {"w":240,"h":240}
},
"characters_finn_stand0006.png":
{
	"frame": {"x":1104,"y":819,"w":75,"h":146},
	"rotated": false,
	"trimmed": true,
	"spriteSourceSize": {"x":75,"y":78,"w":75,"h":146},
	"sourceSize": {"w":240,"h":240}
},
"characters_finn_tackle0001.png":
{
	"frame": {"x":933,"y":285,"w":133,"h":126},
	"rotated": false,
	"trimmed": true,
	"spriteSourceSize": {"x":47,"y":98,"w":133,"h":126},
	"sourceSize": {"w":240,"h":240}
},
"characters_finn_tackle0002.png":
{
	"frame": {"x":933,"y":285,"w":133,"h":126},
	"rotated": false,
	"trimmed": true,
	"spriteSourceSize": {"x":47,"y":98,"w":133,"h":126},
	"sourceSize": {"w":240,"h":240}
},
"characters_finn_tackle0003.png":
{
	"frame": {"x":933,"y":166,"w":165,"h":117},
	"rotated": false,
	"trimmed": true,
	"spriteSourceSize": {"x":16,"y":107,"w":165,"h":117},
	"sourceSize": {"w":240,"h":240}
},
"characters_finn_tackle0004.png":
{
	"frame": {"x":933,"y":166,"w":165,"h":117},
	"rotated": false,
	"trimmed": true,
	"spriteSourceSize": {"x":16,"y":107,"w":165,"h":117},
	"sourceSize": {"w":240,"h":240}
},
"characters_finn_tackle0005.png":
{
	"frame": {"x":277,"y":630,"w":166,"h":117},
	"rotated": false,
	"trimmed": true,
	"spriteSourceSize": {"x":22,"y":107,"w":166,"h":117},
	"sourceSize": {"w":240,"h":240}
},
"characters_finn_tackle0006.png":
{
	"frame": {"x":277,"y":630,"w":166,"h":117},
	"rotated": false,
	"trimmed": true,
	"spriteSourceSize": {"x":22,"y":107,"w":166,"h":117},
	"sourceSize": {"w":240,"h":240}
},
"characters_finn_tackle0007.png":
{
	"frame": {"x":443,"y":763,"w":169,"h":117},
	"rotated": false,
	"trimmed": true,
	"spriteSourceSize": {"x":26,"y":107,"w":169,"h":117},
	"sourceSize": {"w":240,"h":240}
},
"characters_finn_tackle0008.png":
{
	"frame": {"x":443,"y":763,"w":169,"h":117},
	"rotated": false,
	"trimmed": true,
	"spriteSourceSize": {"x":26,"y":107,"w":169,"h":117},
	"sourceSize": {"w":240,"h":240}
},
"characters_finn_tackle0009.png":
{
	"frame": {"x":2,"y":905,"w":171,"h":117},
	"rotated": false,
	"trimmed": true,
	"spriteSourceSize": {"x":29,"y":107,"w":171,"h":117},
	"sourceSize": {"w":240,"h":240}
},
"characters_finn_tackle0010.png":
{
	"frame": {"x":2,"y":905,"w":171,"h":117},
	"rotated": false,
	"trimmed": true,
	"spriteSourceSize": {"x":29,"y":107,"w":171,"h":117},
	"sourceSize": {"w":240,"h":240}
},
"characters_finn_tackle0011.png":
{
	"frame": {"x":614,"y":762,"w":171,"h":117},
	"rotated": false,
	"trimmed": true,
	"spriteSourceSize": {"x":29,"y":107,"w":171,"h":117},
	"sourceSize": {"w":240,"h":240}
},
"characters_finn_tackle_up0001.png":
{
	"frame": {"x":277,"y":749,"w":164,"h":115},
	"rotated": false,
	"trimmed": true,
	"spriteSourceSize": {"x":16,"y":110,"w":164,"h":115},
	"sourceSize": {"w":240,"h":240}
},
"characters_finn_tackle_up0002.png":
{
	"frame": {"x":277,"y":749,"w":164,"h":115},
	"rotated": false,
	"trimmed": true,
	"spriteSourceSize": {"x":16,"y":110,"w":164,"h":115},
	"sourceSize": {"w":240,"h":240}
},
"characters_finn_tackle_up0003.png":
{
	"frame": {"x":623,"y":881,"w":167,"h":115},
	"rotated": false,
	"trimmed": true,
	"spriteSourceSize": {"x":19,"y":110,"w":167,"h":115},
	"sourceSize": {"w":240,"h":240}
},
"characters_finn_tackle_up0004.png":
{
	"frame": {"x":623,"y":881,"w":167,"h":115},
	"rotated": false,
	"trimmed": true,
	"spriteSourceSize": {"x":19,"y":110,"w":167,"h":115},
	"sourceSize": {"w":240,"h":240}
},
"characters_finn_tackle_up0005.png":
{
	"frame": {"x":1068,"y":289,"w":168,"h":115},
	"rotated": false,
	"trimmed": true,
	"spriteSourceSize": {"x":23,"y":110,"w":168,"h":115},
	"sourceSize": {"w":240,"h":240}
},
"characters_finn_tackle_up0006.png":
{
	"frame": {"x":1068,"y":289,"w":168,"h":115},
	"rotated": false,
	"trimmed": true,
	"spriteSourceSize": {"x":23,"y":110,"w":168,"h":115},
	"sourceSize": {"w":240,"h":240}
},
"characters_finn_tackle_up0007.png":
{
	"frame": {"x":1068,"y":406,"w":168,"h":115},
	"rotated": false,
	"trimmed": true,
	"spriteSourceSize": {"x":23,"y":110,"w":168,"h":115},
	"sourceSize": {"w":240,"h":240}
},
"characters_finn_tackle_up0008.png":
{
	"frame": {"x":1068,"y":406,"w":168,"h":115},
	"rotated": false,
	"trimmed": true,
	"spriteSourceSize": {"x":23,"y":110,"w":168,"h":115},
	"sourceSize": {"w":240,"h":240}
},
"super_shot_finn_red.png":
{
	"frame": {"x":2,"y":2,"w":659,"h":468},
	"rotated": false,
	"trimmed": false,
	"spriteSourceSize": {"x":0,"y":0,"w":659,"h":468},
	"sourceSize": {"w":659,"h":468}
}},
"meta": {
	"app": "http://www.codeandweb.com/texturepacker",
	"version": "1.0",
	"image": "finn_red.png",
	"format": "RGBA8888",
	"size": {"w":1495,"h":1024},
	"scale": "1",
	"smartupdate": "$TexturePacker:SmartUpdate:c17f9b7a35ec61ff400028de40741fb8:62a3d18fed92a05c67d8064653f62574:034a757a0d1bd8a6afec70b250e3876e$"
}
}
