{"frames": {

"characters_fourarms_blue_celebrate0001.png":
{
	"frame": {"x":463,"y":885,"w":119,"h":154},
	"rotated": false,
	"trimmed": true,
	"spriteSourceSize": {"x":57,"y":77,"w":119,"h":154},
	"sourceSize": {"w":240,"h":240}
},
"characters_fourarms_blue_celebrate0002.png":
{
	"frame": {"x":356,"y":151,"w":139,"h":154},
	"rotated": false,
	"trimmed": true,
	"spriteSourceSize": {"x":58,"y":77,"w":139,"h":154},
	"sourceSize": {"w":240,"h":240}
},
"characters_fourarms_blue_celebrate0003.png":
{
	"frame": {"x":356,"y":151,"w":139,"h":154},
	"rotated": false,
	"trimmed": true,
	"spriteSourceSize": {"x":58,"y":77,"w":139,"h":154},
	"sourceSize": {"w":240,"h":240}
},
"characters_fourarms_blue_celebrate0004.png":
{
	"frame": {"x":799,"y":150,"w":126,"h":151},
	"rotated": false,
	"trimmed": true,
	"spriteSourceSize": {"x":58,"y":80,"w":126,"h":151},
	"sourceSize": {"w":240,"h":240}
},
"characters_fourarms_blue_celebrate0005.png":
{
	"frame": {"x":799,"y":150,"w":126,"h":151},
	"rotated": false,
	"trimmed": true,
	"spriteSourceSize": {"x":58,"y":80,"w":126,"h":151},
	"sourceSize": {"w":240,"h":240}
},
"characters_fourarms_blue_celebrate0006.png":
{
	"frame": {"x":838,"y":871,"w":120,"h":145},
	"rotated": false,
	"trimmed": true,
	"spriteSourceSize": {"x":61,"y":86,"w":120,"h":145},
	"sourceSize": {"w":240,"h":240}
},
"characters_fourarms_blue_celebrate0007.png":
{
	"frame": {"x":838,"y":871,"w":120,"h":145},
	"rotated": false,
	"trimmed": true,
	"spriteSourceSize": {"x":61,"y":86,"w":120,"h":145},
	"sourceSize": {"w":240,"h":240}
},
"characters_fourarms_blue_celebrate0008.png":
{
	"frame": {"x":838,"y":871,"w":120,"h":145},
	"rotated": false,
	"trimmed": true,
	"spriteSourceSize": {"x":61,"y":86,"w":120,"h":145},
	"sourceSize": {"w":240,"h":240}
},
"characters_fourarms_blue_celebrate0009.png":
{
	"frame": {"x":838,"y":871,"w":120,"h":145},
	"rotated": false,
	"trimmed": true,
	"spriteSourceSize": {"x":61,"y":86,"w":120,"h":145},
	"sourceSize": {"w":240,"h":240}
},
"characters_fourarms_blue_celebrate0010.png":
{
	"frame": {"x":2,"y":2,"w":177,"h":193},
	"rotated": false,
	"trimmed": true,
	"spriteSourceSize": {"x":21,"y":38,"w":177,"h":193},
	"sourceSize": {"w":240,"h":240}
},
"characters_fourarms_blue_celebrate0011.png":
{
	"frame": {"x":2,"y":2,"w":177,"h":193},
	"rotated": false,
	"trimmed": true,
	"spriteSourceSize": {"x":21,"y":38,"w":177,"h":193},
	"sourceSize": {"w":240,"h":240}
},
"characters_fourarms_blue_celebrate0012.png":
{
	"frame": {"x":2,"y":2,"w":177,"h":193},
	"rotated": false,
	"trimmed": true,
	"spriteSourceSize": {"x":21,"y":38,"w":177,"h":193},
	"sourceSize": {"w":240,"h":240}
},
"characters_fourarms_blue_celebrate0013.png":
{
	"frame": {"x":2,"y":197,"w":173,"h":191},
	"rotated": false,
	"trimmed": true,
	"spriteSourceSize": {"x":23,"y":40,"w":173,"h":191},
	"sourceSize": {"w":240,"h":240}
},
"characters_fourarms_blue_celebrate0014.png":
{
	"frame": {"x":2,"y":197,"w":173,"h":191},
	"rotated": false,
	"trimmed": true,
	"spriteSourceSize": {"x":23,"y":40,"w":173,"h":191},
	"sourceSize": {"w":240,"h":240}
},
"characters_fourarms_blue_celebrate0015.png":
{
	"frame": {"x":2,"y":197,"w":173,"h":191},
	"rotated": false,
	"trimmed": true,
	"spriteSourceSize": {"x":23,"y":40,"w":173,"h":191},
	"sourceSize": {"w":240,"h":240}
},
"characters_fourarms_blue_celebrate0016.png":
{
	"frame": {"x":2,"y":197,"w":173,"h":191},
	"rotated": false,
	"trimmed": true,
	"spriteSourceSize": {"x":23,"y":40,"w":173,"h":191},
	"sourceSize": {"w":240,"h":240}
},
"characters_fourarms_blue_celebrate0017.png":
{
	"frame": {"x":2,"y":197,"w":173,"h":191},
	"rotated": false,
	"trimmed": true,
	"spriteSourceSize": {"x":23,"y":40,"w":173,"h":191},
	"sourceSize": {"w":240,"h":240}
},
"characters_fourarms_blue_celebrate0018.png":
{
	"frame": {"x":497,"y":150,"w":147,"h":153},
	"rotated": false,
	"trimmed": true,
	"spriteSourceSize": {"x":36,"y":78,"w":147,"h":153},
	"sourceSize": {"w":240,"h":240}
},
"characters_fourarms_blue_celebrate0019.png":
{
	"frame": {"x":506,"y":462,"w":132,"h":152},
	"rotated": false,
	"trimmed": true,
	"spriteSourceSize": {"x":44,"y":79,"w":132,"h":152},
	"sourceSize": {"w":240,"h":240}
},
"characters_fourarms_blue_celebrate0020.png":
{
	"frame": {"x":506,"y":462,"w":132,"h":152},
	"rotated": false,
	"trimmed": true,
	"spriteSourceSize": {"x":44,"y":79,"w":132,"h":152},
	"sourceSize": {"w":240,"h":240}
},
"characters_fourarms_blue_celebrate0021.png":
{
	"frame": {"x":495,"y":307,"w":137,"h":153},
	"rotated": false,
	"trimmed": true,
	"spriteSourceSize": {"x":41,"y":78,"w":137,"h":153},
	"sourceSize": {"w":240,"h":240}
},
"characters_fourarms_blue_celebrate0022.png":
{
	"frame": {"x":495,"y":307,"w":137,"h":153},
	"rotated": false,
	"trimmed": true,
	"spriteSourceSize": {"x":41,"y":78,"w":137,"h":153},
	"sourceSize": {"w":240,"h":240}
},
"characters_fourarms_blue_celebrate0023.png":
{
	"frame": {"x":506,"y":462,"w":132,"h":152},
	"rotated": false,
	"trimmed": true,
	"spriteSourceSize": {"x":44,"y":79,"w":132,"h":152},
	"sourceSize": {"w":240,"h":240}
},
"characters_fourarms_blue_celebrate0024.png":
{
	"frame": {"x":506,"y":462,"w":132,"h":152},
	"rotated": false,
	"trimmed": true,
	"spriteSourceSize": {"x":44,"y":79,"w":132,"h":152},
	"sourceSize": {"w":240,"h":240}
},
"characters_fourarms_blue_celebrate0025.png":
{
	"frame": {"x":495,"y":307,"w":137,"h":153},
	"rotated": false,
	"trimmed": true,
	"spriteSourceSize": {"x":41,"y":78,"w":137,"h":153},
	"sourceSize": {"w":240,"h":240}
},
"characters_fourarms_blue_celebrate0026.png":
{
	"frame": {"x":495,"y":307,"w":137,"h":153},
	"rotated": false,
	"trimmed": true,
	"spriteSourceSize": {"x":41,"y":78,"w":137,"h":153},
	"sourceSize": {"w":240,"h":240}
},
"characters_fourarms_blue_celebrate0027.png":
{
	"frame": {"x":506,"y":462,"w":132,"h":152},
	"rotated": false,
	"trimmed": true,
	"spriteSourceSize": {"x":44,"y":79,"w":132,"h":152},
	"sourceSize": {"w":240,"h":240}
},
"characters_fourarms_blue_celebrate0028.png":
{
	"frame": {"x":506,"y":462,"w":132,"h":152},
	"rotated": false,
	"trimmed": true,
	"spriteSourceSize": {"x":44,"y":79,"w":132,"h":152},
	"sourceSize": {"w":240,"h":240}
},
"characters_fourarms_blue_celebrate0029.png":
{
	"frame": {"x":495,"y":307,"w":137,"h":153},
	"rotated": false,
	"trimmed": true,
	"spriteSourceSize": {"x":41,"y":78,"w":137,"h":153},
	"sourceSize": {"w":240,"h":240}
},
"characters_fourarms_blue_celebrate0030.png":
{
	"frame": {"x":495,"y":307,"w":137,"h":153},
	"rotated": false,
	"trimmed": true,
	"spriteSourceSize": {"x":41,"y":78,"w":137,"h":153},
	"sourceSize": {"w":240,"h":240}
},
"characters_fourarms_blue_celebrate0031.png":
{
	"frame": {"x":506,"y":462,"w":132,"h":152},
	"rotated": false,
	"trimmed": true,
	"spriteSourceSize": {"x":44,"y":79,"w":132,"h":152},
	"sourceSize": {"w":240,"h":240}
},
"characters_fourarms_blue_celebrate0032.png":
{
	"frame": {"x":506,"y":462,"w":132,"h":152},
	"rotated": false,
	"trimmed": true,
	"spriteSourceSize": {"x":44,"y":79,"w":132,"h":152},
	"sourceSize": {"w":240,"h":240}
},
"characters_fourarms_blue_celebrate0033.png":
{
	"frame": {"x":495,"y":307,"w":137,"h":153},
	"rotated": false,
	"trimmed": true,
	"spriteSourceSize": {"x":41,"y":78,"w":137,"h":153},
	"sourceSize": {"w":240,"h":240}
},
"characters_fourarms_blue_celebrate0034.png":
{
	"frame": {"x":495,"y":307,"w":137,"h":153},
	"rotated": false,
	"trimmed": true,
	"spriteSourceSize": {"x":41,"y":78,"w":137,"h":153},
	"sourceSize": {"w":240,"h":240}
},
"characters_fourarms_blue_celebrate0035.png":
{
	"frame": {"x":506,"y":462,"w":132,"h":152},
	"rotated": false,
	"trimmed": true,
	"spriteSourceSize": {"x":44,"y":79,"w":132,"h":152},
	"sourceSize": {"w":240,"h":240}
},
"characters_fourarms_blue_celebrate0036.png":
{
	"frame": {"x":506,"y":462,"w":132,"h":152},
	"rotated": false,
	"trimmed": true,
	"spriteSourceSize": {"x":44,"y":79,"w":132,"h":152},
	"sourceSize": {"w":240,"h":240}
},
"characters_fourarms_blue_celebrate0037.png":
{
	"frame": {"x":495,"y":307,"w":137,"h":153},
	"rotated": false,
	"trimmed": true,
	"spriteSourceSize": {"x":41,"y":78,"w":137,"h":153},
	"sourceSize": {"w":240,"h":240}
},
"characters_fourarms_blue_celebrate0038.png":
{
	"frame": {"x":495,"y":307,"w":137,"h":153},
	"rotated": false,
	"trimmed": true,
	"spriteSourceSize": {"x":41,"y":78,"w":137,"h":153},
	"sourceSize": {"w":240,"h":240}
},
"characters_fourarms_blue_celebrate0039.png":
{
	"frame": {"x":506,"y":462,"w":132,"h":152},
	"rotated": false,
	"trimmed": true,
	"spriteSourceSize": {"x":44,"y":79,"w":132,"h":152},
	"sourceSize": {"w":240,"h":240}
},
"characters_fourarms_blue_celebrate0040.png":
{
	"frame": {"x":506,"y":462,"w":132,"h":152},
	"rotated": false,
	"trimmed": true,
	"spriteSourceSize": {"x":44,"y":79,"w":132,"h":152},
	"sourceSize": {"w":240,"h":240}
},
"characters_fourarms_blue_celebrate0041.png":
{
	"frame": {"x":495,"y":307,"w":137,"h":153},
	"rotated": false,
	"trimmed": true,
	"spriteSourceSize": {"x":41,"y":78,"w":137,"h":153},
	"sourceSize": {"w":240,"h":240}
},
"characters_fourarms_blue_celebrate0042.png":
{
	"frame": {"x":495,"y":307,"w":137,"h":153},
	"rotated": false,
	"trimmed": true,
	"spriteSourceSize": {"x":41,"y":78,"w":137,"h":153},
	"sourceSize": {"w":240,"h":240}
},
"characters_fourarms_blue_celebrate0043.png":
{
	"frame": {"x":506,"y":462,"w":132,"h":152},
	"rotated": false,
	"trimmed": true,
	"spriteSourceSize": {"x":44,"y":79,"w":132,"h":152},
	"sourceSize": {"w":240,"h":240}
},
"characters_fourarms_blue_celebrate0044.png":
{
	"frame": {"x":506,"y":462,"w":132,"h":152},
	"rotated": false,
	"trimmed": true,
	"spriteSourceSize": {"x":44,"y":79,"w":132,"h":152},
	"sourceSize": {"w":240,"h":240}
},
"characters_fourarms_blue_celebrate0045.png":
{
	"frame": {"x":495,"y":307,"w":137,"h":153},
	"rotated": false,
	"trimmed": true,
	"spriteSourceSize": {"x":41,"y":78,"w":137,"h":153},
	"sourceSize": {"w":240,"h":240}
},
"characters_fourarms_blue_celebrate0046.png":
{
	"frame": {"x":495,"y":307,"w":137,"h":153},
	"rotated": false,
	"trimmed": true,
	"spriteSourceSize": {"x":41,"y":78,"w":137,"h":153},
	"sourceSize": {"w":240,"h":240}
},
"characters_fourarms_blue_celebrate0047.png":
{
	"frame": {"x":506,"y":462,"w":132,"h":152},
	"rotated": false,
	"trimmed": true,
	"spriteSourceSize": {"x":44,"y":79,"w":132,"h":152},
	"sourceSize": {"w":240,"h":240}
},
"characters_fourarms_blue_celebrate0048.png":
{
	"frame": {"x":506,"y":462,"w":132,"h":152},
	"rotated": false,
	"trimmed": true,
	"spriteSourceSize": {"x":44,"y":79,"w":132,"h":152},
	"sourceSize": {"w":240,"h":240}
},
"characters_fourarms_blue_celebrate0049.png":
{
	"frame": {"x":495,"y":307,"w":137,"h":153},
	"rotated": false,
	"trimmed": true,
	"spriteSourceSize": {"x":41,"y":78,"w":137,"h":153},
	"sourceSize": {"w":240,"h":240}
},
"characters_fourarms_blue_celebrate0050.png":
{
	"frame": {"x":495,"y":307,"w":137,"h":153},
	"rotated": false,
	"trimmed": true,
	"spriteSourceSize": {"x":41,"y":78,"w":137,"h":153},
	"sourceSize": {"w":240,"h":240}
},
"characters_fourarms_blue_celebrate0051.png":
{
	"frame": {"x":506,"y":462,"w":132,"h":152},
	"rotated": false,
	"trimmed": true,
	"spriteSourceSize": {"x":44,"y":79,"w":132,"h":152},
	"sourceSize": {"w":240,"h":240}
},
"characters_fourarms_blue_celebrate0052.png":
{
	"frame": {"x":506,"y":462,"w":132,"h":152},
	"rotated": false,
	"trimmed": true,
	"spriteSourceSize": {"x":44,"y":79,"w":132,"h":152},
	"sourceSize": {"w":240,"h":240}
},
"characters_fourarms_blue_celebrate0053.png":
{
	"frame": {"x":495,"y":307,"w":137,"h":153},
	"rotated": false,
	"trimmed": true,
	"spriteSourceSize": {"x":41,"y":78,"w":137,"h":153},
	"sourceSize": {"w":240,"h":240}
},
"characters_fourarms_blue_celebrate0054.png":
{
	"frame": {"x":495,"y":307,"w":137,"h":153},
	"rotated": false,
	"trimmed": true,
	"spriteSourceSize": {"x":41,"y":78,"w":137,"h":153},
	"sourceSize": {"w":240,"h":240}
},
"characters_fourarms_blue_celebrate0055.png":
{
	"frame": {"x":506,"y":462,"w":132,"h":152},
	"rotated": false,
	"trimmed": true,
	"spriteSourceSize": {"x":44,"y":79,"w":132,"h":152},
	"sourceSize": {"w":240,"h":240}
},
"characters_fourarms_blue_celebrate0056.png":
{
	"frame": {"x":506,"y":462,"w":132,"h":152},
	"rotated": false,
	"trimmed": true,
	"spriteSourceSize": {"x":44,"y":79,"w":132,"h":152},
	"sourceSize": {"w":240,"h":240}
},
"characters_fourarms_blue_celebrate0057.png":
{
	"frame": {"x":495,"y":307,"w":137,"h":153},
	"rotated": false,
	"trimmed": true,
	"spriteSourceSize": {"x":41,"y":78,"w":137,"h":153},
	"sourceSize": {"w":240,"h":240}
},
"characters_fourarms_blue_celebrate0058.png":
{
	"frame": {"x":495,"y":307,"w":137,"h":153},
	"rotated": false,
	"trimmed": true,
	"spriteSourceSize": {"x":41,"y":78,"w":137,"h":153},
	"sourceSize": {"w":240,"h":240}
},
"characters_fourarms_blue_dash0001.png":
{
	"frame": {"x":354,"y":462,"w":150,"h":142},
	"rotated": false,
	"trimmed": true,
	"spriteSourceSize": {"x":27,"y":88,"w":150,"h":142},
	"sourceSize": {"w":240,"h":240}
},
"characters_fourarms_blue_dash0002.png":
{
	"frame": {"x":486,"y":737,"w":145,"h":146},
	"rotated": false,
	"trimmed": true,
	"spriteSourceSize": {"x":27,"y":84,"w":145,"h":146},
	"sourceSize": {"w":240,"h":240}
},
"characters_fourarms_blue_dash0003.png":
{
	"frame": {"x":461,"y":1042,"w":129,"h":149},
	"rotated": false,
	"trimmed": true,
	"spriteSourceSize": {"x":34,"y":81,"w":129,"h":149},
	"sourceSize": {"w":240,"h":240}
},
"characters_fourarms_blue_dash0004.png":
{
	"frame": {"x":156,"y":1042,"w":151,"h":152},
	"rotated": false,
	"trimmed": true,
	"spriteSourceSize": {"x":34,"y":78,"w":151,"h":152},
	"sourceSize": {"w":240,"h":240}
},
"characters_fourarms_blue_dash0005.png":
{
	"frame": {"x":741,"y":303,"w":150,"h":142},
	"rotated": false,
	"trimmed": true,
	"spriteSourceSize": {"x":43,"y":88,"w":150,"h":142},
	"sourceSize": {"w":240,"h":240}
},
"characters_fourarms_blue_dash0006.png":
{
	"frame": {"x":838,"y":1018,"w":133,"h":145},
	"rotated": false,
	"trimmed": true,
	"spriteSourceSize": {"x":52,"y":85,"w":133,"h":145},
	"sourceSize": {"w":240,"h":240}
},
"characters_fourarms_blue_dash0007.png":
{
	"frame": {"x":893,"y":303,"w":97,"h":149},
	"rotated": false,
	"trimmed": true,
	"spriteSourceSize": {"x":61,"y":81,"w":97,"h":149},
	"sourceSize": {"w":240,"h":240}
},
"characters_fourarms_blue_dash0008.png":
{
	"frame": {"x":634,"y":305,"w":105,"h":152},
	"rotated": false,
	"trimmed": true,
	"spriteSourceSize": {"x":57,"y":78,"w":105,"h":152},
	"sourceSize": {"w":240,"h":240}
},
"characters_fourarms_blue_dash0009.png":
{
	"frame": {"x":354,"y":462,"w":150,"h":142},
	"rotated": false,
	"trimmed": true,
	"spriteSourceSize": {"x":27,"y":88,"w":150,"h":142},
	"sourceSize": {"w":240,"h":240}
},
"characters_fourarms_blue_dash0010.png":
{
	"frame": {"x":486,"y":737,"w":145,"h":146},
	"rotated": false,
	"trimmed": true,
	"spriteSourceSize": {"x":27,"y":84,"w":145,"h":146},
	"sourceSize": {"w":240,"h":240}
},
"characters_fourarms_blue_dash0011.png":
{
	"frame": {"x":461,"y":1042,"w":129,"h":149},
	"rotated": false,
	"trimmed": true,
	"spriteSourceSize": {"x":34,"y":81,"w":129,"h":149},
	"sourceSize": {"w":240,"h":240}
},
"characters_fourarms_blue_dash0012.png":
{
	"frame": {"x":156,"y":1042,"w":151,"h":152},
	"rotated": false,
	"trimmed": true,
	"spriteSourceSize": {"x":34,"y":78,"w":151,"h":152},
	"sourceSize": {"w":240,"h":240}
},
"characters_fourarms_blue_dash0013.png":
{
	"frame": {"x":741,"y":303,"w":150,"h":142},
	"rotated": false,
	"trimmed": true,
	"spriteSourceSize": {"x":43,"y":88,"w":150,"h":142},
	"sourceSize": {"w":240,"h":240}
},
"characters_fourarms_blue_dash0014.png":
{
	"frame": {"x":838,"y":1018,"w":133,"h":145},
	"rotated": false,
	"trimmed": true,
	"spriteSourceSize": {"x":52,"y":85,"w":133,"h":145},
	"sourceSize": {"w":240,"h":240}
},
"characters_fourarms_blue_dash0015.png":
{
	"frame": {"x":893,"y":303,"w":97,"h":149},
	"rotated": false,
	"trimmed": true,
	"spriteSourceSize": {"x":61,"y":81,"w":97,"h":149},
	"sourceSize": {"w":240,"h":240}
},
"characters_fourarms_blue_dash0016.png":
{
	"frame": {"x":634,"y":305,"w":105,"h":152},
	"rotated": false,
	"trimmed": true,
	"spriteSourceSize": {"x":57,"y":78,"w":105,"h":152},
	"sourceSize": {"w":240,"h":240}
},
"characters_fourarms_blue_fall0001.png":
{
	"frame": {"x":156,"y":885,"w":152,"h":155},
	"rotated": false,
	"trimmed": true,
	"spriteSourceSize": {"x":32,"y":75,"w":152,"h":155},
	"sourceSize": {"w":240,"h":240}
},
"characters_fourarms_blue_fall0002.png":
{
	"frame": {"x":156,"y":885,"w":152,"h":155},
	"rotated": false,
	"trimmed": true,
	"spriteSourceSize": {"x":32,"y":75,"w":152,"h":155},
	"sourceSize": {"w":240,"h":240}
},
"characters_fourarms_blue_fall0003.png":
{
	"frame": {"x":2,"y":842,"w":152,"h":168},
	"rotated": false,
	"trimmed": true,
	"spriteSourceSize": {"x":12,"y":62,"w":152,"h":168},
	"sourceSize": {"w":240,"h":240}
},
"characters_fourarms_blue_fall0004.png":
{
	"frame": {"x":2,"y":842,"w":152,"h":168},
	"rotated": false,
	"trimmed": true,
	"spriteSourceSize": {"x":12,"y":62,"w":152,"h":168},
	"sourceSize": {"w":240,"h":240}
},
"characters_fourarms_blue_fall0005.png":
{
	"frame": {"x":184,"y":599,"w":157,"h":141},
	"rotated": false,
	"trimmed": true,
	"spriteSourceSize": {"x":2,"y":89,"w":157,"h":141},
	"sourceSize": {"w":240,"h":240}
},
"characters_fourarms_blue_fall0006.png":
{
	"frame": {"x":184,"y":599,"w":157,"h":141},
	"rotated": false,
	"trimmed": true,
	"spriteSourceSize": {"x":2,"y":89,"w":157,"h":141},
	"sourceSize": {"w":240,"h":240}
},
"characters_fourarms_blue_fall0007.png":
{
	"frame": {"x":343,"y":606,"w":134,"h":119},
	"rotated": false,
	"trimmed": true,
	"spriteSourceSize": {"x":37,"y":111,"w":134,"h":119},
	"sourceSize": {"w":240,"h":240}
},
"characters_fourarms_blue_fall0008.png":
{
	"frame": {"x":343,"y":606,"w":134,"h":119},
	"rotated": false,
	"trimmed": true,
	"spriteSourceSize": {"x":37,"y":111,"w":134,"h":119},
	"sourceSize": {"w":240,"h":240}
},
"characters_fourarms_blue_fall0009.png":
{
	"frame": {"x":615,"y":616,"w":129,"h":113},
	"rotated": false,
	"trimmed": true,
	"spriteSourceSize": {"x":46,"y":117,"w":129,"h":113},
	"sourceSize": {"w":240,"h":240}
},
"characters_fourarms_blue_kick0001.png":
{
	"frame": {"x":354,"y":307,"w":139,"h":153},
	"rotated": false,
	"trimmed": true,
	"spriteSourceSize": {"x":48,"y":77,"w":139,"h":153},
	"sourceSize": {"w":240,"h":240}
},
"characters_fourarms_blue_kick0002.png":
{
	"frame": {"x":309,"y":1042,"w":150,"h":152},
	"rotated": false,
	"trimmed": true,
	"spriteSourceSize": {"x":46,"y":78,"w":150,"h":152},
	"sourceSize": {"w":240,"h":240}
},
"characters_fourarms_blue_kick0003.png":
{
	"frame": {"x":309,"y":1042,"w":150,"h":152},
	"rotated": false,
	"trimmed": true,
	"spriteSourceSize": {"x":46,"y":78,"w":150,"h":152},
	"sourceSize": {"w":240,"h":240}
},
"characters_fourarms_blue_kick0004.png":
{
	"frame": {"x":309,"y":1042,"w":150,"h":152},
	"rotated": false,
	"trimmed": true,
	"spriteSourceSize": {"x":46,"y":78,"w":150,"h":152},
	"sourceSize": {"w":240,"h":240}
},
"characters_fourarms_blue_kick0005.png":
{
	"frame": {"x":184,"y":299,"w":168,"h":148},
	"rotated": false,
	"trimmed": true,
	"spriteSourceSize": {"x":66,"y":82,"w":168,"h":148},
	"sourceSize": {"w":240,"h":240}
},
"characters_fourarms_blue_kick0006.png":
{
	"frame": {"x":184,"y":299,"w":168,"h":148},
	"rotated": false,
	"trimmed": true,
	"spriteSourceSize": {"x":66,"y":82,"w":168,"h":148},
	"sourceSize": {"w":240,"h":240}
},
"characters_fourarms_blue_kick0007.png":
{
	"frame": {"x":184,"y":449,"w":168,"h":148},
	"rotated": false,
	"trimmed": true,
	"spriteSourceSize": {"x":66,"y":82,"w":168,"h":148},
	"sourceSize": {"w":240,"h":240}
},
"characters_fourarms_blue_kick0008.png":
{
	"frame": {"x":2,"y":390,"w":180,"h":150},
	"rotated": false,
	"trimmed": true,
	"spriteSourceSize": {"x":60,"y":80,"w":180,"h":150},
	"sourceSize": {"w":240,"h":240}
},
"characters_fourarms_blue_kick0009.png":
{
	"frame": {"x":2,"y":542,"w":180,"h":150},
	"rotated": false,
	"trimmed": true,
	"spriteSourceSize": {"x":60,"y":80,"w":180,"h":150},
	"sourceSize": {"w":240,"h":240}
},
"characters_fourarms_blue_kick0010.png":
{
	"frame": {"x":2,"y":542,"w":180,"h":150},
	"rotated": false,
	"trimmed": true,
	"spriteSourceSize": {"x":60,"y":80,"w":180,"h":150},
	"sourceSize": {"w":240,"h":240}
},
"characters_fourarms_blue_lose0001.png":
{
	"frame": {"x":310,"y":885,"w":151,"h":155},
	"rotated": false,
	"trimmed": true,
	"spriteSourceSize": {"x":33,"y":75,"w":151,"h":155},
	"sourceSize": {"w":240,"h":240}
},
"characters_fourarms_blue_lose0002.png":
{
	"frame": {"x":310,"y":885,"w":151,"h":155},
	"rotated": false,
	"trimmed": true,
	"spriteSourceSize": {"x":33,"y":75,"w":151,"h":155},
	"sourceSize": {"w":240,"h":240}
},
"characters_fourarms_blue_lose0003.png":
{
	"frame": {"x":2,"y":1012,"w":152,"h":168},
	"rotated": false,
	"trimmed": true,
	"spriteSourceSize": {"x":12,"y":62,"w":152,"h":168},
	"sourceSize": {"w":240,"h":240}
},
"characters_fourarms_blue_lose0004.png":
{
	"frame": {"x":2,"y":1012,"w":152,"h":168},
	"rotated": false,
	"trimmed": true,
	"spriteSourceSize": {"x":12,"y":62,"w":152,"h":168},
	"sourceSize": {"w":240,"h":240}
},
"characters_fourarms_blue_lose0005.png":
{
	"frame": {"x":182,"y":742,"w":157,"h":141},
	"rotated": false,
	"trimmed": true,
	"spriteSourceSize": {"x":3,"y":89,"w":157,"h":141},
	"sourceSize": {"w":240,"h":240}
},
"characters_fourarms_blue_lose0006.png":
{
	"frame": {"x":182,"y":742,"w":157,"h":141},
	"rotated": false,
	"trimmed": true,
	"spriteSourceSize": {"x":3,"y":89,"w":157,"h":141},
	"sourceSize": {"w":240,"h":240}
},
"characters_fourarms_blue_lose0007.png":
{
	"frame": {"x":479,"y":616,"w":134,"h":119},
	"rotated": false,
	"trimmed": true,
	"spriteSourceSize": {"x":37,"y":111,"w":134,"h":119},
	"sourceSize": {"w":240,"h":240}
},
"characters_fourarms_blue_lose0008.png":
{
	"frame": {"x":479,"y":616,"w":134,"h":119},
	"rotated": false,
	"trimmed": true,
	"spriteSourceSize": {"x":37,"y":111,"w":134,"h":119},
	"sourceSize": {"w":240,"h":240}
},
"characters_fourarms_blue_lose0009.png":
{
	"frame": {"x":768,"y":756,"w":129,"h":113},
	"rotated": false,
	"trimmed": true,
	"spriteSourceSize": {"x":46,"y":117,"w":129,"h":113},
	"sourceSize": {"w":240,"h":240}
},
"characters_fourarms_blue_lose0010.png":
{
	"frame": {"x":768,"y":756,"w":129,"h":113},
	"rotated": false,
	"trimmed": true,
	"spriteSourceSize": {"x":46,"y":117,"w":129,"h":113},
	"sourceSize": {"w":240,"h":240}
},
"characters_fourarms_blue_lose0011.png":
{
	"frame": {"x":768,"y":756,"w":129,"h":113},
	"rotated": false,
	"trimmed": true,
	"spriteSourceSize": {"x":46,"y":117,"w":129,"h":113},
	"sourceSize": {"w":240,"h":240}
},
"characters_fourarms_blue_lose0012.png":
{
	"frame": {"x":768,"y":756,"w":129,"h":113},
	"rotated": false,
	"trimmed": true,
	"spriteSourceSize": {"x":46,"y":117,"w":129,"h":113},
	"sourceSize": {"w":240,"h":240}
},
"characters_fourarms_blue_lose0013.png":
{
	"frame": {"x":768,"y":756,"w":129,"h":113},
	"rotated": false,
	"trimmed": true,
	"spriteSourceSize": {"x":46,"y":117,"w":129,"h":113},
	"sourceSize": {"w":240,"h":240}
},
"characters_fourarms_blue_lose0014.png":
{
	"frame": {"x":768,"y":756,"w":129,"h":113},
	"rotated": false,
	"trimmed": true,
	"spriteSourceSize": {"x":46,"y":117,"w":129,"h":113},
	"sourceSize": {"w":240,"h":240}
},
"characters_fourarms_blue_lose0015.png":
{
	"frame": {"x":768,"y":756,"w":129,"h":113},
	"rotated": false,
	"trimmed": true,
	"spriteSourceSize": {"x":46,"y":117,"w":129,"h":113},
	"sourceSize": {"w":240,"h":240}
},
"characters_fourarms_blue_lose0016.png":
{
	"frame": {"x":768,"y":756,"w":129,"h":113},
	"rotated": false,
	"trimmed": true,
	"spriteSourceSize": {"x":46,"y":117,"w":129,"h":113},
	"sourceSize": {"w":240,"h":240}
},
"characters_fourarms_blue_lose0017.png":
{
	"frame": {"x":768,"y":756,"w":129,"h":113},
	"rotated": false,
	"trimmed": true,
	"spriteSourceSize": {"x":46,"y":117,"w":129,"h":113},
	"sourceSize": {"w":240,"h":240}
},
"characters_fourarms_blue_lose0018.png":
{
	"frame": {"x":768,"y":756,"w":129,"h":113},
	"rotated": false,
	"trimmed": true,
	"spriteSourceSize": {"x":46,"y":117,"w":129,"h":113},
	"sourceSize": {"w":240,"h":240}
},
"characters_fourarms_blue_lose0019.png":
{
	"frame": {"x":768,"y":756,"w":129,"h":113},
	"rotated": false,
	"trimmed": true,
	"spriteSourceSize": {"x":46,"y":117,"w":129,"h":113},
	"sourceSize": {"w":240,"h":240}
},
"characters_fourarms_blue_lose0020.png":
{
	"frame": {"x":768,"y":756,"w":129,"h":113},
	"rotated": false,
	"trimmed": true,
	"spriteSourceSize": {"x":46,"y":117,"w":129,"h":113},
	"sourceSize": {"w":240,"h":240}
},
"characters_fourarms_blue_lose0021.png":
{
	"frame": {"x":768,"y":756,"w":129,"h":113},
	"rotated": false,
	"trimmed": true,
	"spriteSourceSize": {"x":46,"y":117,"w":129,"h":113},
	"sourceSize": {"w":240,"h":240}
},
"characters_fourarms_blue_lose0022.png":
{
	"frame": {"x":768,"y":756,"w":129,"h":113},
	"rotated": false,
	"trimmed": true,
	"spriteSourceSize": {"x":46,"y":117,"w":129,"h":113},
	"sourceSize": {"w":240,"h":240}
},
"characters_fourarms_blue_lose0023.png":
{
	"frame": {"x":768,"y":756,"w":129,"h":113},
	"rotated": false,
	"trimmed": true,
	"spriteSourceSize": {"x":46,"y":117,"w":129,"h":113},
	"sourceSize": {"w":240,"h":240}
},
"characters_fourarms_blue_lose0024.png":
{
	"frame": {"x":768,"y":756,"w":129,"h":113},
	"rotated": false,
	"trimmed": true,
	"spriteSourceSize": {"x":46,"y":117,"w":129,"h":113},
	"sourceSize": {"w":240,"h":240}
},
"characters_fourarms_blue_lose0025.png":
{
	"frame": {"x":768,"y":756,"w":129,"h":113},
	"rotated": false,
	"trimmed": true,
	"spriteSourceSize": {"x":46,"y":117,"w":129,"h":113},
	"sourceSize": {"w":240,"h":240}
},
"characters_fourarms_blue_lose0026.png":
{
	"frame": {"x":768,"y":756,"w":129,"h":113},
	"rotated": false,
	"trimmed": true,
	"spriteSourceSize": {"x":46,"y":117,"w":129,"h":113},
	"sourceSize": {"w":240,"h":240}
},
"characters_fourarms_blue_lose0027.png":
{
	"frame": {"x":768,"y":756,"w":129,"h":113},
	"rotated": false,
	"trimmed": true,
	"spriteSourceSize": {"x":46,"y":117,"w":129,"h":113},
	"sourceSize": {"w":240,"h":240}
},
"characters_fourarms_blue_lose0028.png":
{
	"frame": {"x":768,"y":756,"w":129,"h":113},
	"rotated": false,
	"trimmed": true,
	"spriteSourceSize": {"x":46,"y":117,"w":129,"h":113},
	"sourceSize": {"w":240,"h":240}
},
"characters_fourarms_blue_lose0029.png":
{
	"frame": {"x":768,"y":756,"w":129,"h":113},
	"rotated": false,
	"trimmed": true,
	"spriteSourceSize": {"x":46,"y":117,"w":129,"h":113},
	"sourceSize": {"w":240,"h":240}
},
"characters_fourarms_blue_lose0030.png":
{
	"frame": {"x":768,"y":756,"w":129,"h":113},
	"rotated": false,
	"trimmed": true,
	"spriteSourceSize": {"x":46,"y":117,"w":129,"h":113},
	"sourceSize": {"w":240,"h":240}
},
"characters_fourarms_blue_lose0031.png":
{
	"frame": {"x":768,"y":756,"w":129,"h":113},
	"rotated": false,
	"trimmed": true,
	"spriteSourceSize": {"x":46,"y":117,"w":129,"h":113},
	"sourceSize": {"w":240,"h":240}
},
"characters_fourarms_blue_lose0032.png":
{
	"frame": {"x":768,"y":756,"w":129,"h":113},
	"rotated": false,
	"trimmed": true,
	"spriteSourceSize": {"x":46,"y":117,"w":129,"h":113},
	"sourceSize": {"w":240,"h":240}
},
"characters_fourarms_blue_lose0033.png":
{
	"frame": {"x":768,"y":756,"w":129,"h":113},
	"rotated": false,
	"trimmed": true,
	"spriteSourceSize": {"x":46,"y":117,"w":129,"h":113},
	"sourceSize": {"w":240,"h":240}
},
"characters_fourarms_blue_lose0034.png":
{
	"frame": {"x":768,"y":756,"w":129,"h":113},
	"rotated": false,
	"trimmed": true,
	"spriteSourceSize": {"x":46,"y":117,"w":129,"h":113},
	"sourceSize": {"w":240,"h":240}
},
"characters_fourarms_blue_lose0035.png":
{
	"frame": {"x":768,"y":756,"w":129,"h":113},
	"rotated": false,
	"trimmed": true,
	"spriteSourceSize": {"x":46,"y":117,"w":129,"h":113},
	"sourceSize": {"w":240,"h":240}
},
"characters_fourarms_blue_lose0036.png":
{
	"frame": {"x":768,"y":756,"w":129,"h":113},
	"rotated": false,
	"trimmed": true,
	"spriteSourceSize": {"x":46,"y":117,"w":129,"h":113},
	"sourceSize": {"w":240,"h":240}
},
"characters_fourarms_blue_lose0037.png":
{
	"frame": {"x":768,"y":756,"w":129,"h":113},
	"rotated": false,
	"trimmed": true,
	"spriteSourceSize": {"x":46,"y":117,"w":129,"h":113},
	"sourceSize": {"w":240,"h":240}
},
"characters_fourarms_blue_lose0038.png":
{
	"frame": {"x":768,"y":756,"w":129,"h":113},
	"rotated": false,
	"trimmed": true,
	"spriteSourceSize": {"x":46,"y":117,"w":129,"h":113},
	"sourceSize": {"w":240,"h":240}
},
"characters_fourarms_blue_lose0039.png":
{
	"frame": {"x":768,"y":756,"w":129,"h":113},
	"rotated": false,
	"trimmed": true,
	"spriteSourceSize": {"x":46,"y":117,"w":129,"h":113},
	"sourceSize": {"w":240,"h":240}
},
"characters_fourarms_blue_lose0040.png":
{
	"frame": {"x":768,"y":756,"w":129,"h":113},
	"rotated": false,
	"trimmed": true,
	"spriteSourceSize": {"x":46,"y":117,"w":129,"h":113},
	"sourceSize": {"w":240,"h":240}
},
"characters_fourarms_blue_run0001.png":
{
	"frame": {"x":747,"y":591,"w":135,"h":143},
	"rotated": false,
	"trimmed": true,
	"spriteSourceSize": {"x":43,"y":87,"w":135,"h":143},
	"sourceSize": {"w":240,"h":240}
},
"characters_fourarms_blue_run0002.png":
{
	"frame": {"x":747,"y":591,"w":135,"h":143},
	"rotated": false,
	"trimmed": true,
	"spriteSourceSize": {"x":43,"y":87,"w":135,"h":143},
	"sourceSize": {"w":240,"h":240}
},
"characters_fourarms_blue_run0003.png":
{
	"frame": {"x":716,"y":1036,"w":120,"h":146},
	"rotated": false,
	"trimmed": true,
	"spriteSourceSize": {"x":52,"y":84,"w":120,"h":146},
	"sourceSize": {"w":240,"h":240}
},
"characters_fourarms_blue_run0004.png":
{
	"frame": {"x":716,"y":1036,"w":120,"h":146},
	"rotated": false,
	"trimmed": true,
	"spriteSourceSize": {"x":52,"y":84,"w":120,"h":146},
	"sourceSize": {"w":240,"h":240}
},
"characters_fourarms_blue_run0005.png":
{
	"frame": {"x":884,"y":605,"w":103,"h":149},
	"rotated": false,
	"trimmed": true,
	"spriteSourceSize": {"x":61,"y":81,"w":103,"h":149},
	"sourceSize": {"w":240,"h":240}
},
"characters_fourarms_blue_run0006.png":
{
	"frame": {"x":884,"y":605,"w":103,"h":149},
	"rotated": false,
	"trimmed": true,
	"spriteSourceSize": {"x":61,"y":81,"w":103,"h":149},
	"sourceSize": {"w":240,"h":240}
},
"characters_fourarms_blue_run0007.png":
{
	"frame": {"x":584,"y":885,"w":128,"h":153},
	"rotated": false,
	"trimmed": true,
	"spriteSourceSize": {"x":57,"y":77,"w":128,"h":153},
	"sourceSize": {"w":240,"h":240}
},
"characters_fourarms_blue_run0008.png":
{
	"frame": {"x":584,"y":885,"w":128,"h":153},
	"rotated": false,
	"trimmed": true,
	"spriteSourceSize": {"x":57,"y":77,"w":128,"h":153},
	"sourceSize": {"w":240,"h":240}
},
"characters_fourarms_blue_run0009.png":
{
	"frame": {"x":646,"y":150,"w":151,"h":143},
	"rotated": false,
	"trimmed": true,
	"spriteSourceSize": {"x":43,"y":87,"w":151,"h":143},
	"sourceSize": {"w":240,"h":240}
},
"characters_fourarms_blue_run0010.png":
{
	"frame": {"x":646,"y":150,"w":151,"h":143},
	"rotated": false,
	"trimmed": true,
	"spriteSourceSize": {"x":43,"y":87,"w":151,"h":143},
	"sourceSize": {"w":240,"h":240}
},
"characters_fourarms_blue_run0011.png":
{
	"frame": {"x":633,"y":736,"w":133,"h":146},
	"rotated": false,
	"trimmed": true,
	"spriteSourceSize": {"x":52,"y":84,"w":133,"h":146},
	"sourceSize": {"w":240,"h":240}
},
"characters_fourarms_blue_run0012.png":
{
	"frame": {"x":633,"y":736,"w":133,"h":146},
	"rotated": false,
	"trimmed": true,
	"spriteSourceSize": {"x":52,"y":84,"w":133,"h":146},
	"sourceSize": {"w":240,"h":240}
},
"characters_fourarms_blue_run0013.png":
{
	"frame": {"x":893,"y":454,"w":97,"h":149},
	"rotated": false,
	"trimmed": true,
	"spriteSourceSize": {"x":61,"y":81,"w":97,"h":149},
	"sourceSize": {"w":240,"h":240}
},
"characters_fourarms_blue_run0014.png":
{
	"frame": {"x":893,"y":454,"w":97,"h":149},
	"rotated": false,
	"trimmed": true,
	"spriteSourceSize": {"x":61,"y":81,"w":97,"h":149},
	"sourceSize": {"w":240,"h":240}
},
"characters_fourarms_blue_run0015.png":
{
	"frame": {"x":640,"y":459,"w":105,"h":152},
	"rotated": false,
	"trimmed": true,
	"spriteSourceSize": {"x":57,"y":78,"w":105,"h":152},
	"sourceSize": {"w":240,"h":240}
},
"characters_fourarms_blue_run0016.png":
{
	"frame": {"x":640,"y":459,"w":105,"h":152},
	"rotated": false,
	"trimmed": true,
	"spriteSourceSize": {"x":57,"y":78,"w":105,"h":152},
	"sourceSize": {"w":240,"h":240}
},
"characters_fourarms_blue_stand0001.png":
{
	"frame": {"x":714,"y":884,"w":122,"h":150},
	"rotated": false,
	"trimmed": true,
	"spriteSourceSize": {"x":56,"y":80,"w":122,"h":150},
	"sourceSize": {"w":240,"h":240}
},
"characters_fourarms_blue_stand0002.png":
{
	"frame": {"x":714,"y":884,"w":122,"h":150},
	"rotated": false,
	"trimmed": true,
	"spriteSourceSize": {"x":56,"y":80,"w":122,"h":150},
	"sourceSize": {"w":240,"h":240}
},
"characters_fourarms_blue_stand0003.png":
{
	"frame": {"x":714,"y":884,"w":122,"h":150},
	"rotated": false,
	"trimmed": true,
	"spriteSourceSize": {"x":56,"y":80,"w":122,"h":150},
	"sourceSize": {"w":240,"h":240}
},
"characters_fourarms_blue_stand0004.png":
{
	"frame": {"x":714,"y":884,"w":122,"h":150},
	"rotated": false,
	"trimmed": true,
	"spriteSourceSize": {"x":56,"y":80,"w":122,"h":150},
	"sourceSize": {"w":240,"h":240}
},
"characters_fourarms_blue_stand0005.png":
{
	"frame": {"x":714,"y":884,"w":122,"h":150},
	"rotated": false,
	"trimmed": true,
	"spriteSourceSize": {"x":56,"y":80,"w":122,"h":150},
	"sourceSize": {"w":240,"h":240}
},
"characters_fourarms_blue_stand0006.png":
{
	"frame": {"x":592,"y":1040,"w":122,"h":149},
	"rotated": false,
	"trimmed": true,
	"spriteSourceSize": {"x":56,"y":81,"w":122,"h":149},
	"sourceSize": {"w":240,"h":240}
},
"characters_fourarms_blue_stand0007.png":
{
	"frame": {"x":592,"y":1040,"w":122,"h":149},
	"rotated": false,
	"trimmed": true,
	"spriteSourceSize": {"x":56,"y":81,"w":122,"h":149},
	"sourceSize": {"w":240,"h":240}
},
"characters_fourarms_blue_stand0008.png":
{
	"frame": {"x":592,"y":1040,"w":122,"h":149},
	"rotated": false,
	"trimmed": true,
	"spriteSourceSize": {"x":56,"y":81,"w":122,"h":149},
	"sourceSize": {"w":240,"h":240}
},
"characters_fourarms_blue_stand0009.png":
{
	"frame": {"x":592,"y":1040,"w":122,"h":149},
	"rotated": false,
	"trimmed": true,
	"spriteSourceSize": {"x":56,"y":81,"w":122,"h":149},
	"sourceSize": {"w":240,"h":240}
},
"characters_fourarms_blue_tackle0001.png":
{
	"frame": {"x":341,"y":742,"w":143,"h":141},
	"rotated": false,
	"trimmed": true,
	"spriteSourceSize": {"x":38,"y":98,"w":143,"h":141},
	"sourceSize": {"w":240,"h":240}
},
"characters_fourarms_blue_tackle0002.png":
{
	"frame": {"x":341,"y":742,"w":143,"h":141},
	"rotated": false,
	"trimmed": true,
	"spriteSourceSize": {"x":38,"y":98,"w":143,"h":141},
	"sourceSize": {"w":240,"h":240}
},
"characters_fourarms_blue_tackle0003.png":
{
	"frame": {"x":181,"y":151,"w":173,"h":146},
	"rotated": false,
	"trimmed": true,
	"spriteSourceSize": {"x":8,"y":93,"w":173,"h":146},
	"sourceSize": {"w":240,"h":240}
},
"characters_fourarms_blue_tackle0004.png":
{
	"frame": {"x":181,"y":151,"w":173,"h":146},
	"rotated": false,
	"trimmed": true,
	"spriteSourceSize": {"x":8,"y":93,"w":173,"h":146},
	"sourceSize": {"w":240,"h":240}
},
"characters_fourarms_blue_tackle0005.png":
{
	"frame": {"x":2,"y":694,"w":178,"h":146},
	"rotated": false,
	"trimmed": true,
	"spriteSourceSize": {"x":12,"y":93,"w":178,"h":146},
	"sourceSize": {"w":240,"h":240}
},
"characters_fourarms_blue_tackle0006.png":
{
	"frame": {"x":2,"y":694,"w":178,"h":146},
	"rotated": false,
	"trimmed": true,
	"spriteSourceSize": {"x":12,"y":93,"w":178,"h":146},
	"sourceSize": {"w":240,"h":240}
},
"characters_fourarms_blue_tackle0007.png":
{
	"frame": {"x":735,"y":2,"w":181,"h":146},
	"rotated": false,
	"trimmed": true,
	"spriteSourceSize": {"x":16,"y":93,"w":181,"h":146},
	"sourceSize": {"w":240,"h":240}
},
"characters_fourarms_blue_tackle0008.png":
{
	"frame": {"x":735,"y":2,"w":181,"h":146},
	"rotated": false,
	"trimmed": true,
	"spriteSourceSize": {"x":16,"y":93,"w":181,"h":146},
	"sourceSize": {"w":240,"h":240}
},
"characters_fourarms_blue_tackle0009.png":
{
	"frame": {"x":367,"y":2,"w":182,"h":146},
	"rotated": false,
	"trimmed": true,
	"spriteSourceSize": {"x":20,"y":93,"w":182,"h":146},
	"sourceSize": {"w":240,"h":240}
},
"characters_fourarms_blue_tackle0010.png":
{
	"frame": {"x":367,"y":2,"w":182,"h":146},
	"rotated": false,
	"trimmed": true,
	"spriteSourceSize": {"x":20,"y":93,"w":182,"h":146},
	"sourceSize": {"w":240,"h":240}
},
"characters_fourarms_blue_tackle0011.png":
{
	"frame": {"x":551,"y":2,"w":182,"h":146},
	"rotated": false,
	"trimmed": true,
	"spriteSourceSize": {"x":20,"y":93,"w":182,"h":146},
	"sourceSize": {"w":240,"h":240}
},
"characters_fourarms_blue_tackle_up0001.png":
{
	"frame": {"x":181,"y":2,"w":184,"h":147},
	"rotated": false,
	"trimmed": true,
	"spriteSourceSize": {"x":5,"y":92,"w":184,"h":147},
	"sourceSize": {"w":240,"h":240}
},
"characters_fourarms_blue_tackle_up0002.png":
{
	"frame": {"x":181,"y":2,"w":184,"h":147},
	"rotated": false,
	"trimmed": true,
	"spriteSourceSize": {"x":5,"y":92,"w":184,"h":147},
	"sourceSize": {"w":240,"h":240}
},
"characters_fourarms_blue_tackle_up0003.png":
{
	"frame": {"x":747,"y":447,"w":144,"h":142},
	"rotated": false,
	"trimmed": true,
	"spriteSourceSize": {"x":24,"y":97,"w":144,"h":142},
	"sourceSize": {"w":240,"h":240}
},
"characters_fourarms_blue_tackle_up0004.png":
{
	"frame": {"x":747,"y":447,"w":144,"h":142},
	"rotated": false,
	"trimmed": true,
	"spriteSourceSize": {"x":24,"y":97,"w":144,"h":142},
	"sourceSize": {"w":240,"h":240}
}},
"meta": {
	"app": "http://www.codeandweb.com/texturepacker",
	"version": "1.0",
	"image": "fourarms_blue.png",
	"format": "RGBA8888",
	"size": {"w":992,"h":1196},
	"scale": "1",
	"smartupdate": "$TexturePacker:SmartUpdate:0f7cd9bc8d8c7f238d5fa8aebab3f9d7:48ec8f0315f2dec4361de425d50245ea:2ed8376ce73dc0dba97152e8ff73994b$"
}
}
