{"frames": {

"characters_fourarms_celebrate0001.png":
{
	"frame": {"x":463,"y":885,"w":119,"h":154},
	"rotated": false,
	"trimmed": true,
	"spriteSourceSize": {"x":57,"y":77,"w":119,"h":154},
	"sourceSize": {"w":240,"h":240}
},
"characters_fourarms_celebrate0002.png":
{
	"frame": {"x":356,"y":151,"w":139,"h":154},
	"rotated": false,
	"trimmed": true,
	"spriteSourceSize": {"x":58,"y":77,"w":139,"h":154},
	"sourceSize": {"w":240,"h":240}
},
"characters_fourarms_celebrate0003.png":
{
	"frame": {"x":356,"y":151,"w":139,"h":154},
	"rotated": false,
	"trimmed": true,
	"spriteSourceSize": {"x":58,"y":77,"w":139,"h":154},
	"sourceSize": {"w":240,"h":240}
},
"characters_fourarms_celebrate0004.png":
{
	"frame": {"x":799,"y":150,"w":126,"h":151},
	"rotated": false,
	"trimmed": true,
	"spriteSourceSize": {"x":58,"y":80,"w":126,"h":151},
	"sourceSize": {"w":240,"h":240}
},
"characters_fourarms_celebrate0005.png":
{
	"frame": {"x":799,"y":150,"w":126,"h":151},
	"rotated": false,
	"trimmed": true,
	"spriteSourceSize": {"x":58,"y":80,"w":126,"h":151},
	"sourceSize": {"w":240,"h":240}
},
"characters_fourarms_celebrate0006.png":
{
	"frame": {"x":838,"y":871,"w":120,"h":145},
	"rotated": false,
	"trimmed": true,
	"spriteSourceSize": {"x":61,"y":86,"w":120,"h":145},
	"sourceSize": {"w":240,"h":240}
},
"characters_fourarms_celebrate0007.png":
{
	"frame": {"x":838,"y":871,"w":120,"h":145},
	"rotated": false,
	"trimmed": true,
	"spriteSourceSize": {"x":61,"y":86,"w":120,"h":145},
	"sourceSize": {"w":240,"h":240}
},
"characters_fourarms_celebrate0008.png":
{
	"frame": {"x":838,"y":871,"w":120,"h":145},
	"rotated": false,
	"trimmed": true,
	"spriteSourceSize": {"x":61,"y":86,"w":120,"h":145},
	"sourceSize": {"w":240,"h":240}
},
"characters_fourarms_celebrate0009.png":
{
	"frame": {"x":838,"y":871,"w":120,"h":145},
	"rotated": false,
	"trimmed": true,
	"spriteSourceSize": {"x":61,"y":86,"w":120,"h":145},
	"sourceSize": {"w":240,"h":240}
},
"characters_fourarms_celebrate0010.png":
{
	"frame": {"x":2,"y":2,"w":177,"h":193},
	"rotated": false,
	"trimmed": true,
	"spriteSourceSize": {"x":21,"y":38,"w":177,"h":193},
	"sourceSize": {"w":240,"h":240}
},
"characters_fourarms_celebrate0011.png":
{
	"frame": {"x":2,"y":2,"w":177,"h":193},
	"rotated": false,
	"trimmed": true,
	"spriteSourceSize": {"x":21,"y":38,"w":177,"h":193},
	"sourceSize": {"w":240,"h":240}
},
"characters_fourarms_celebrate0012.png":
{
	"frame": {"x":2,"y":2,"w":177,"h":193},
	"rotated": false,
	"trimmed": true,
	"spriteSourceSize": {"x":21,"y":38,"w":177,"h":193},
	"sourceSize": {"w":240,"h":240}
},
"characters_fourarms_celebrate0013.png":
{
	"frame": {"x":2,"y":197,"w":173,"h":191},
	"rotated": false,
	"trimmed": true,
	"spriteSourceSize": {"x":23,"y":40,"w":173,"h":191},
	"sourceSize": {"w":240,"h":240}
},
"characters_fourarms_celebrate0014.png":
{
	"frame": {"x":2,"y":197,"w":173,"h":191},
	"rotated": false,
	"trimmed": true,
	"spriteSourceSize": {"x":23,"y":40,"w":173,"h":191},
	"sourceSize": {"w":240,"h":240}
},
"characters_fourarms_celebrate0015.png":
{
	"frame": {"x":2,"y":197,"w":173,"h":191},
	"rotated": false,
	"trimmed": true,
	"spriteSourceSize": {"x":23,"y":40,"w":173,"h":191},
	"sourceSize": {"w":240,"h":240}
},
"characters_fourarms_celebrate0016.png":
{
	"frame": {"x":2,"y":197,"w":173,"h":191},
	"rotated": false,
	"trimmed": true,
	"spriteSourceSize": {"x":23,"y":40,"w":173,"h":191},
	"sourceSize": {"w":240,"h":240}
},
"characters_fourarms_celebrate0017.png":
{
	"frame": {"x":2,"y":197,"w":173,"h":191},
	"rotated": false,
	"trimmed": true,
	"spriteSourceSize": {"x":23,"y":40,"w":173,"h":191},
	"sourceSize": {"w":240,"h":240}
},
"characters_fourarms_celebrate0018.png":
{
	"frame": {"x":497,"y":150,"w":147,"h":153},
	"rotated": false,
	"trimmed": true,
	"spriteSourceSize": {"x":36,"y":78,"w":147,"h":153},
	"sourceSize": {"w":240,"h":240}
},
"characters_fourarms_celebrate0019.png":
{
	"frame": {"x":506,"y":462,"w":132,"h":152},
	"rotated": false,
	"trimmed": true,
	"spriteSourceSize": {"x":44,"y":79,"w":132,"h":152},
	"sourceSize": {"w":240,"h":240}
},
"characters_fourarms_celebrate0020.png":
{
	"frame": {"x":506,"y":462,"w":132,"h":152},
	"rotated": false,
	"trimmed": true,
	"spriteSourceSize": {"x":44,"y":79,"w":132,"h":152},
	"sourceSize": {"w":240,"h":240}
},
"characters_fourarms_celebrate0021.png":
{
	"frame": {"x":495,"y":307,"w":137,"h":153},
	"rotated": false,
	"trimmed": true,
	"spriteSourceSize": {"x":41,"y":78,"w":137,"h":153},
	"sourceSize": {"w":240,"h":240}
},
"characters_fourarms_celebrate0022.png":
{
	"frame": {"x":495,"y":307,"w":137,"h":153},
	"rotated": false,
	"trimmed": true,
	"spriteSourceSize": {"x":41,"y":78,"w":137,"h":153},
	"sourceSize": {"w":240,"h":240}
},
"characters_fourarms_celebrate0023.png":
{
	"frame": {"x":506,"y":462,"w":132,"h":152},
	"rotated": false,
	"trimmed": true,
	"spriteSourceSize": {"x":44,"y":79,"w":132,"h":152},
	"sourceSize": {"w":240,"h":240}
},
"characters_fourarms_celebrate0024.png":
{
	"frame": {"x":506,"y":462,"w":132,"h":152},
	"rotated": false,
	"trimmed": true,
	"spriteSourceSize": {"x":44,"y":79,"w":132,"h":152},
	"sourceSize": {"w":240,"h":240}
},
"characters_fourarms_celebrate0025.png":
{
	"frame": {"x":495,"y":307,"w":137,"h":153},
	"rotated": false,
	"trimmed": true,
	"spriteSourceSize": {"x":41,"y":78,"w":137,"h":153},
	"sourceSize": {"w":240,"h":240}
},
"characters_fourarms_celebrate0026.png":
{
	"frame": {"x":495,"y":307,"w":137,"h":153},
	"rotated": false,
	"trimmed": true,
	"spriteSourceSize": {"x":41,"y":78,"w":137,"h":153},
	"sourceSize": {"w":240,"h":240}
},
"characters_fourarms_celebrate0027.png":
{
	"frame": {"x":506,"y":462,"w":132,"h":152},
	"rotated": false,
	"trimmed": true,
	"spriteSourceSize": {"x":44,"y":79,"w":132,"h":152},
	"sourceSize": {"w":240,"h":240}
},
"characters_fourarms_celebrate0028.png":
{
	"frame": {"x":506,"y":462,"w":132,"h":152},
	"rotated": false,
	"trimmed": true,
	"spriteSourceSize": {"x":44,"y":79,"w":132,"h":152},
	"sourceSize": {"w":240,"h":240}
},
"characters_fourarms_celebrate0029.png":
{
	"frame": {"x":495,"y":307,"w":137,"h":153},
	"rotated": false,
	"trimmed": true,
	"spriteSourceSize": {"x":41,"y":78,"w":137,"h":153},
	"sourceSize": {"w":240,"h":240}
},
"characters_fourarms_celebrate0030.png":
{
	"frame": {"x":495,"y":307,"w":137,"h":153},
	"rotated": false,
	"trimmed": true,
	"spriteSourceSize": {"x":41,"y":78,"w":137,"h":153},
	"sourceSize": {"w":240,"h":240}
},
"characters_fourarms_celebrate0031.png":
{
	"frame": {"x":506,"y":462,"w":132,"h":152},
	"rotated": false,
	"trimmed": true,
	"spriteSourceSize": {"x":44,"y":79,"w":132,"h":152},
	"sourceSize": {"w":240,"h":240}
},
"characters_fourarms_celebrate0032.png":
{
	"frame": {"x":506,"y":462,"w":132,"h":152},
	"rotated": false,
	"trimmed": true,
	"spriteSourceSize": {"x":44,"y":79,"w":132,"h":152},
	"sourceSize": {"w":240,"h":240}
},
"characters_fourarms_celebrate0033.png":
{
	"frame": {"x":495,"y":307,"w":137,"h":153},
	"rotated": false,
	"trimmed": true,
	"spriteSourceSize": {"x":41,"y":78,"w":137,"h":153},
	"sourceSize": {"w":240,"h":240}
},
"characters_fourarms_celebrate0034.png":
{
	"frame": {"x":495,"y":307,"w":137,"h":153},
	"rotated": false,
	"trimmed": true,
	"spriteSourceSize": {"x":41,"y":78,"w":137,"h":153},
	"sourceSize": {"w":240,"h":240}
},
"characters_fourarms_celebrate0035.png":
{
	"frame": {"x":506,"y":462,"w":132,"h":152},
	"rotated": false,
	"trimmed": true,
	"spriteSourceSize": {"x":44,"y":79,"w":132,"h":152},
	"sourceSize": {"w":240,"h":240}
},
"characters_fourarms_celebrate0036.png":
{
	"frame": {"x":506,"y":462,"w":132,"h":152},
	"rotated": false,
	"trimmed": true,
	"spriteSourceSize": {"x":44,"y":79,"w":132,"h":152},
	"sourceSize": {"w":240,"h":240}
},
"characters_fourarms_celebrate0037.png":
{
	"frame": {"x":495,"y":307,"w":137,"h":153},
	"rotated": false,
	"trimmed": true,
	"spriteSourceSize": {"x":41,"y":78,"w":137,"h":153},
	"sourceSize": {"w":240,"h":240}
},
"characters_fourarms_celebrate0038.png":
{
	"frame": {"x":495,"y":307,"w":137,"h":153},
	"rotated": false,
	"trimmed": true,
	"spriteSourceSize": {"x":41,"y":78,"w":137,"h":153},
	"sourceSize": {"w":240,"h":240}
},
"characters_fourarms_celebrate0039.png":
{
	"frame": {"x":506,"y":462,"w":132,"h":152},
	"rotated": false,
	"trimmed": true,
	"spriteSourceSize": {"x":44,"y":79,"w":132,"h":152},
	"sourceSize": {"w":240,"h":240}
},
"characters_fourarms_celebrate0040.png":
{
	"frame": {"x":506,"y":462,"w":132,"h":152},
	"rotated": false,
	"trimmed": true,
	"spriteSourceSize": {"x":44,"y":79,"w":132,"h":152},
	"sourceSize": {"w":240,"h":240}
},
"characters_fourarms_celebrate0041.png":
{
	"frame": {"x":495,"y":307,"w":137,"h":153},
	"rotated": false,
	"trimmed": true,
	"spriteSourceSize": {"x":41,"y":78,"w":137,"h":153},
	"sourceSize": {"w":240,"h":240}
},
"characters_fourarms_celebrate0042.png":
{
	"frame": {"x":495,"y":307,"w":137,"h":153},
	"rotated": false,
	"trimmed": true,
	"spriteSourceSize": {"x":41,"y":78,"w":137,"h":153},
	"sourceSize": {"w":240,"h":240}
},
"characters_fourarms_celebrate0043.png":
{
	"frame": {"x":506,"y":462,"w":132,"h":152},
	"rotated": false,
	"trimmed": true,
	"spriteSourceSize": {"x":44,"y":79,"w":132,"h":152},
	"sourceSize": {"w":240,"h":240}
},
"characters_fourarms_celebrate0044.png":
{
	"frame": {"x":506,"y":462,"w":132,"h":152},
	"rotated": false,
	"trimmed": true,
	"spriteSourceSize": {"x":44,"y":79,"w":132,"h":152},
	"sourceSize": {"w":240,"h":240}
},
"characters_fourarms_celebrate0045.png":
{
	"frame": {"x":495,"y":307,"w":137,"h":153},
	"rotated": false,
	"trimmed": true,
	"spriteSourceSize": {"x":41,"y":78,"w":137,"h":153},
	"sourceSize": {"w":240,"h":240}
},
"characters_fourarms_celebrate0046.png":
{
	"frame": {"x":495,"y":307,"w":137,"h":153},
	"rotated": false,
	"trimmed": true,
	"spriteSourceSize": {"x":41,"y":78,"w":137,"h":153},
	"sourceSize": {"w":240,"h":240}
},
"characters_fourarms_celebrate0047.png":
{
	"frame": {"x":506,"y":462,"w":132,"h":152},
	"rotated": false,
	"trimmed": true,
	"spriteSourceSize": {"x":44,"y":79,"w":132,"h":152},
	"sourceSize": {"w":240,"h":240}
},
"characters_fourarms_celebrate0048.png":
{
	"frame": {"x":506,"y":462,"w":132,"h":152},
	"rotated": false,
	"trimmed": true,
	"spriteSourceSize": {"x":44,"y":79,"w":132,"h":152},
	"sourceSize": {"w":240,"h":240}
},
"characters_fourarms_celebrate0049.png":
{
	"frame": {"x":495,"y":307,"w":137,"h":153},
	"rotated": false,
	"trimmed": true,
	"spriteSourceSize": {"x":41,"y":78,"w":137,"h":153},
	"sourceSize": {"w":240,"h":240}
},
"characters_fourarms_celebrate0050.png":
{
	"frame": {"x":495,"y":307,"w":137,"h":153},
	"rotated": false,
	"trimmed": true,
	"spriteSourceSize": {"x":41,"y":78,"w":137,"h":153},
	"sourceSize": {"w":240,"h":240}
},
"characters_fourarms_celebrate0051.png":
{
	"frame": {"x":506,"y":462,"w":132,"h":152},
	"rotated": false,
	"trimmed": true,
	"spriteSourceSize": {"x":44,"y":79,"w":132,"h":152},
	"sourceSize": {"w":240,"h":240}
},
"characters_fourarms_celebrate0052.png":
{
	"frame": {"x":506,"y":462,"w":132,"h":152},
	"rotated": false,
	"trimmed": true,
	"spriteSourceSize": {"x":44,"y":79,"w":132,"h":152},
	"sourceSize": {"w":240,"h":240}
},
"characters_fourarms_celebrate0053.png":
{
	"frame": {"x":495,"y":307,"w":137,"h":153},
	"rotated": false,
	"trimmed": true,
	"spriteSourceSize": {"x":41,"y":78,"w":137,"h":153},
	"sourceSize": {"w":240,"h":240}
},
"characters_fourarms_celebrate0054.png":
{
	"frame": {"x":495,"y":307,"w":137,"h":153},
	"rotated": false,
	"trimmed": true,
	"spriteSourceSize": {"x":41,"y":78,"w":137,"h":153},
	"sourceSize": {"w":240,"h":240}
},
"characters_fourarms_celebrate0055.png":
{
	"frame": {"x":506,"y":462,"w":132,"h":152},
	"rotated": false,
	"trimmed": true,
	"spriteSourceSize": {"x":44,"y":79,"w":132,"h":152},
	"sourceSize": {"w":240,"h":240}
},
"characters_fourarms_celebrate0056.png":
{
	"frame": {"x":506,"y":462,"w":132,"h":152},
	"rotated": false,
	"trimmed": true,
	"spriteSourceSize": {"x":44,"y":79,"w":132,"h":152},
	"sourceSize": {"w":240,"h":240}
},
"characters_fourarms_celebrate0057.png":
{
	"frame": {"x":495,"y":307,"w":137,"h":153},
	"rotated": false,
	"trimmed": true,
	"spriteSourceSize": {"x":41,"y":78,"w":137,"h":153},
	"sourceSize": {"w":240,"h":240}
},
"characters_fourarms_celebrate0058.png":
{
	"frame": {"x":495,"y":307,"w":137,"h":153},
	"rotated": false,
	"trimmed": true,
	"spriteSourceSize": {"x":41,"y":78,"w":137,"h":153},
	"sourceSize": {"w":240,"h":240}
},
"characters_fourarms_dash0001.png":
{
	"frame": {"x":354,"y":462,"w":150,"h":142},
	"rotated": false,
	"trimmed": true,
	"spriteSourceSize": {"x":27,"y":88,"w":150,"h":142},
	"sourceSize": {"w":240,"h":240}
},
"characters_fourarms_dash0002.png":
{
	"frame": {"x":486,"y":737,"w":145,"h":146},
	"rotated": false,
	"trimmed": true,
	"spriteSourceSize": {"x":27,"y":84,"w":145,"h":146},
	"sourceSize": {"w":240,"h":240}
},
"characters_fourarms_dash0003.png":
{
	"frame": {"x":461,"y":1042,"w":129,"h":149},
	"rotated": false,
	"trimmed": true,
	"spriteSourceSize": {"x":34,"y":81,"w":129,"h":149},
	"sourceSize": {"w":240,"h":240}
},
"characters_fourarms_dash0004.png":
{
	"frame": {"x":156,"y":1042,"w":151,"h":152},
	"rotated": false,
	"trimmed": true,
	"spriteSourceSize": {"x":34,"y":78,"w":151,"h":152},
	"sourceSize": {"w":240,"h":240}
},
"characters_fourarms_dash0005.png":
{
	"frame": {"x":741,"y":303,"w":150,"h":142},
	"rotated": false,
	"trimmed": true,
	"spriteSourceSize": {"x":43,"y":88,"w":150,"h":142},
	"sourceSize": {"w":240,"h":240}
},
"characters_fourarms_dash0006.png":
{
	"frame": {"x":838,"y":1018,"w":133,"h":145},
	"rotated": false,
	"trimmed": true,
	"spriteSourceSize": {"x":52,"y":85,"w":133,"h":145},
	"sourceSize": {"w":240,"h":240}
},
"characters_fourarms_dash0007.png":
{
	"frame": {"x":893,"y":303,"w":97,"h":149},
	"rotated": false,
	"trimmed": true,
	"spriteSourceSize": {"x":61,"y":81,"w":97,"h":149},
	"sourceSize": {"w":240,"h":240}
},
"characters_fourarms_dash0008.png":
{
	"frame": {"x":640,"y":460,"w":105,"h":152},
	"rotated": false,
	"trimmed": true,
	"spriteSourceSize": {"x":57,"y":78,"w":105,"h":152},
	"sourceSize": {"w":240,"h":240}
},
"characters_fourarms_dash0009.png":
{
	"frame": {"x":354,"y":462,"w":150,"h":142},
	"rotated": false,
	"trimmed": true,
	"spriteSourceSize": {"x":27,"y":88,"w":150,"h":142},
	"sourceSize": {"w":240,"h":240}
},
"characters_fourarms_dash0010.png":
{
	"frame": {"x":486,"y":737,"w":145,"h":146},
	"rotated": false,
	"trimmed": true,
	"spriteSourceSize": {"x":27,"y":84,"w":145,"h":146},
	"sourceSize": {"w":240,"h":240}
},
"characters_fourarms_dash0011.png":
{
	"frame": {"x":461,"y":1042,"w":129,"h":149},
	"rotated": false,
	"trimmed": true,
	"spriteSourceSize": {"x":34,"y":81,"w":129,"h":149},
	"sourceSize": {"w":240,"h":240}
},
"characters_fourarms_dash0012.png":
{
	"frame": {"x":156,"y":1042,"w":151,"h":152},
	"rotated": false,
	"trimmed": true,
	"spriteSourceSize": {"x":34,"y":78,"w":151,"h":152},
	"sourceSize": {"w":240,"h":240}
},
"characters_fourarms_dash0013.png":
{
	"frame": {"x":741,"y":303,"w":150,"h":142},
	"rotated": false,
	"trimmed": true,
	"spriteSourceSize": {"x":43,"y":88,"w":150,"h":142},
	"sourceSize": {"w":240,"h":240}
},
"characters_fourarms_dash0014.png":
{
	"frame": {"x":838,"y":1018,"w":133,"h":145},
	"rotated": false,
	"trimmed": true,
	"spriteSourceSize": {"x":52,"y":85,"w":133,"h":145},
	"sourceSize": {"w":240,"h":240}
},
"characters_fourarms_dash0015.png":
{
	"frame": {"x":893,"y":303,"w":97,"h":149},
	"rotated": false,
	"trimmed": true,
	"spriteSourceSize": {"x":61,"y":81,"w":97,"h":149},
	"sourceSize": {"w":240,"h":240}
},
"characters_fourarms_dash0016.png":
{
	"frame": {"x":640,"y":460,"w":105,"h":152},
	"rotated": false,
	"trimmed": true,
	"spriteSourceSize": {"x":57,"y":78,"w":105,"h":152},
	"sourceSize": {"w":240,"h":240}
},
"characters_fourarms_fall0001.png":
{
	"frame": {"x":156,"y":885,"w":152,"h":155},
	"rotated": false,
	"trimmed": true,
	"spriteSourceSize": {"x":32,"y":75,"w":152,"h":155},
	"sourceSize": {"w":240,"h":240}
},
"characters_fourarms_fall0002.png":
{
	"frame": {"x":156,"y":885,"w":152,"h":155},
	"rotated": false,
	"trimmed": true,
	"spriteSourceSize": {"x":32,"y":75,"w":152,"h":155},
	"sourceSize": {"w":240,"h":240}
},
"characters_fourarms_fall0003.png":
{
	"frame": {"x":2,"y":842,"w":152,"h":168},
	"rotated": false,
	"trimmed": true,
	"spriteSourceSize": {"x":12,"y":62,"w":152,"h":168},
	"sourceSize": {"w":240,"h":240}
},
"characters_fourarms_fall0004.png":
{
	"frame": {"x":2,"y":842,"w":152,"h":168},
	"rotated": false,
	"trimmed": true,
	"spriteSourceSize": {"x":12,"y":62,"w":152,"h":168},
	"sourceSize": {"w":240,"h":240}
},
"characters_fourarms_fall0005.png":
{
	"frame": {"x":184,"y":599,"w":157,"h":141},
	"rotated": false,
	"trimmed": true,
	"spriteSourceSize": {"x":2,"y":89,"w":157,"h":141},
	"sourceSize": {"w":240,"h":240}
},
"characters_fourarms_fall0006.png":
{
	"frame": {"x":184,"y":599,"w":157,"h":141},
	"rotated": false,
	"trimmed": true,
	"spriteSourceSize": {"x":2,"y":89,"w":157,"h":141},
	"sourceSize": {"w":240,"h":240}
},
"characters_fourarms_fall0007.png":
{
	"frame": {"x":343,"y":606,"w":134,"h":119},
	"rotated": false,
	"trimmed": true,
	"spriteSourceSize": {"x":37,"y":111,"w":134,"h":119},
	"sourceSize": {"w":240,"h":240}
},
"characters_fourarms_fall0008.png":
{
	"frame": {"x":343,"y":606,"w":134,"h":119},
	"rotated": false,
	"trimmed": true,
	"spriteSourceSize": {"x":37,"y":111,"w":134,"h":119},
	"sourceSize": {"w":240,"h":240}
},
"characters_fourarms_fall0009.png":
{
	"frame": {"x":615,"y":616,"w":129,"h":113},
	"rotated": false,
	"trimmed": true,
	"spriteSourceSize": {"x":46,"y":117,"w":129,"h":113},
	"sourceSize": {"w":240,"h":240}
},
"characters_fourarms_kick0001.png":
{
	"frame": {"x":354,"y":307,"w":139,"h":153},
	"rotated": false,
	"trimmed": true,
	"spriteSourceSize": {"x":48,"y":77,"w":139,"h":153},
	"sourceSize": {"w":240,"h":240}
},
"characters_fourarms_kick0002.png":
{
	"frame": {"x":309,"y":1042,"w":150,"h":152},
	"rotated": false,
	"trimmed": true,
	"spriteSourceSize": {"x":46,"y":78,"w":150,"h":152},
	"sourceSize": {"w":240,"h":240}
},
"characters_fourarms_kick0003.png":
{
	"frame": {"x":309,"y":1042,"w":150,"h":152},
	"rotated": false,
	"trimmed": true,
	"spriteSourceSize": {"x":46,"y":78,"w":150,"h":152},
	"sourceSize": {"w":240,"h":240}
},
"characters_fourarms_kick0004.png":
{
	"frame": {"x":309,"y":1042,"w":150,"h":152},
	"rotated": false,
	"trimmed": true,
	"spriteSourceSize": {"x":46,"y":78,"w":150,"h":152},
	"sourceSize": {"w":240,"h":240}
},
"characters_fourarms_kick0005.png":
{
	"frame": {"x":184,"y":299,"w":168,"h":148},
	"rotated": false,
	"trimmed": true,
	"spriteSourceSize": {"x":66,"y":82,"w":168,"h":148},
	"sourceSize": {"w":240,"h":240}
},
"characters_fourarms_kick0006.png":
{
	"frame": {"x":184,"y":299,"w":168,"h":148},
	"rotated": false,
	"trimmed": true,
	"spriteSourceSize": {"x":66,"y":82,"w":168,"h":148},
	"sourceSize": {"w":240,"h":240}
},
"characters_fourarms_kick0007.png":
{
	"frame": {"x":184,"y":449,"w":168,"h":148},
	"rotated": false,
	"trimmed": true,
	"spriteSourceSize": {"x":66,"y":82,"w":168,"h":148},
	"sourceSize": {"w":240,"h":240}
},
"characters_fourarms_kick0008.png":
{
	"frame": {"x":2,"y":390,"w":180,"h":150},
	"rotated": false,
	"trimmed": true,
	"spriteSourceSize": {"x":60,"y":80,"w":180,"h":150},
	"sourceSize": {"w":240,"h":240}
},
"characters_fourarms_kick0009.png":
{
	"frame": {"x":2,"y":542,"w":180,"h":150},
	"rotated": false,
	"trimmed": true,
	"spriteSourceSize": {"x":60,"y":80,"w":180,"h":150},
	"sourceSize": {"w":240,"h":240}
},
"characters_fourarms_kick0010.png":
{
	"frame": {"x":2,"y":542,"w":180,"h":150},
	"rotated": false,
	"trimmed": true,
	"spriteSourceSize": {"x":60,"y":80,"w":180,"h":150},
	"sourceSize": {"w":240,"h":240}
},
"characters_fourarms_lose0001.png":
{
	"frame": {"x":310,"y":885,"w":151,"h":155},
	"rotated": false,
	"trimmed": true,
	"spriteSourceSize": {"x":33,"y":75,"w":151,"h":155},
	"sourceSize": {"w":240,"h":240}
},
"characters_fourarms_lose0002.png":
{
	"frame": {"x":310,"y":885,"w":151,"h":155},
	"rotated": false,
	"trimmed": true,
	"spriteSourceSize": {"x":33,"y":75,"w":151,"h":155},
	"sourceSize": {"w":240,"h":240}
},
"characters_fourarms_lose0003.png":
{
	"frame": {"x":2,"y":1012,"w":152,"h":168},
	"rotated": false,
	"trimmed": true,
	"spriteSourceSize": {"x":12,"y":62,"w":152,"h":168},
	"sourceSize": {"w":240,"h":240}
},
"characters_fourarms_lose0004.png":
{
	"frame": {"x":2,"y":1012,"w":152,"h":168},
	"rotated": false,
	"trimmed": true,
	"spriteSourceSize": {"x":12,"y":62,"w":152,"h":168},
	"sourceSize": {"w":240,"h":240}
},
"characters_fourarms_lose0005.png":
{
	"frame": {"x":182,"y":742,"w":157,"h":141},
	"rotated": false,
	"trimmed": true,
	"spriteSourceSize": {"x":3,"y":89,"w":157,"h":141},
	"sourceSize": {"w":240,"h":240}
},
"characters_fourarms_lose0006.png":
{
	"frame": {"x":182,"y":742,"w":157,"h":141},
	"rotated": false,
	"trimmed": true,
	"spriteSourceSize": {"x":3,"y":89,"w":157,"h":141},
	"sourceSize": {"w":240,"h":240}
},
"characters_fourarms_lose0007.png":
{
	"frame": {"x":479,"y":616,"w":134,"h":119},
	"rotated": false,
	"trimmed": true,
	"spriteSourceSize": {"x":37,"y":111,"w":134,"h":119},
	"sourceSize": {"w":240,"h":240}
},
"characters_fourarms_lose0008.png":
{
	"frame": {"x":479,"y":616,"w":134,"h":119},
	"rotated": false,
	"trimmed": true,
	"spriteSourceSize": {"x":37,"y":111,"w":134,"h":119},
	"sourceSize": {"w":240,"h":240}
},
"characters_fourarms_lose0009.png":
{
	"frame": {"x":768,"y":756,"w":129,"h":113},
	"rotated": false,
	"trimmed": true,
	"spriteSourceSize": {"x":46,"y":117,"w":129,"h":113},
	"sourceSize": {"w":240,"h":240}
},
"characters_fourarms_lose0010.png":
{
	"frame": {"x":768,"y":756,"w":129,"h":113},
	"rotated": false,
	"trimmed": true,
	"spriteSourceSize": {"x":46,"y":117,"w":129,"h":113},
	"sourceSize": {"w":240,"h":240}
},
"characters_fourarms_lose0011.png":
{
	"frame": {"x":768,"y":756,"w":129,"h":113},
	"rotated": false,
	"trimmed": true,
	"spriteSourceSize": {"x":46,"y":117,"w":129,"h":113},
	"sourceSize": {"w":240,"h":240}
},
"characters_fourarms_lose0012.png":
{
	"frame": {"x":768,"y":756,"w":129,"h":113},
	"rotated": false,
	"trimmed": true,
	"spriteSourceSize": {"x":46,"y":117,"w":129,"h":113},
	"sourceSize": {"w":240,"h":240}
},
"characters_fourarms_lose0013.png":
{
	"frame": {"x":768,"y":756,"w":129,"h":113},
	"rotated": false,
	"trimmed": true,
	"spriteSourceSize": {"x":46,"y":117,"w":129,"h":113},
	"sourceSize": {"w":240,"h":240}
},
"characters_fourarms_lose0014.png":
{
	"frame": {"x":768,"y":756,"w":129,"h":113},
	"rotated": false,
	"trimmed": true,
	"spriteSourceSize": {"x":46,"y":117,"w":129,"h":113},
	"sourceSize": {"w":240,"h":240}
},
"characters_fourarms_lose0015.png":
{
	"frame": {"x":768,"y":756,"w":129,"h":113},
	"rotated": false,
	"trimmed": true,
	"spriteSourceSize": {"x":46,"y":117,"w":129,"h":113},
	"sourceSize": {"w":240,"h":240}
},
"characters_fourarms_lose0016.png":
{
	"frame": {"x":768,"y":756,"w":129,"h":113},
	"rotated": false,
	"trimmed": true,
	"spriteSourceSize": {"x":46,"y":117,"w":129,"h":113},
	"sourceSize": {"w":240,"h":240}
},
"characters_fourarms_lose0017.png":
{
	"frame": {"x":768,"y":756,"w":129,"h":113},
	"rotated": false,
	"trimmed": true,
	"spriteSourceSize": {"x":46,"y":117,"w":129,"h":113},
	"sourceSize": {"w":240,"h":240}
},
"characters_fourarms_lose0018.png":
{
	"frame": {"x":768,"y":756,"w":129,"h":113},
	"rotated": false,
	"trimmed": true,
	"spriteSourceSize": {"x":46,"y":117,"w":129,"h":113},
	"sourceSize": {"w":240,"h":240}
},
"characters_fourarms_lose0019.png":
{
	"frame": {"x":768,"y":756,"w":129,"h":113},
	"rotated": false,
	"trimmed": true,
	"spriteSourceSize": {"x":46,"y":117,"w":129,"h":113},
	"sourceSize": {"w":240,"h":240}
},
"characters_fourarms_lose0020.png":
{
	"frame": {"x":768,"y":756,"w":129,"h":113},
	"rotated": false,
	"trimmed": true,
	"spriteSourceSize": {"x":46,"y":117,"w":129,"h":113},
	"sourceSize": {"w":240,"h":240}
},
"characters_fourarms_lose0021.png":
{
	"frame": {"x":768,"y":756,"w":129,"h":113},
	"rotated": false,
	"trimmed": true,
	"spriteSourceSize": {"x":46,"y":117,"w":129,"h":113},
	"sourceSize": {"w":240,"h":240}
},
"characters_fourarms_lose0022.png":
{
	"frame": {"x":768,"y":756,"w":129,"h":113},
	"rotated": false,
	"trimmed": true,
	"spriteSourceSize": {"x":46,"y":117,"w":129,"h":113},
	"sourceSize": {"w":240,"h":240}
},
"characters_fourarms_lose0023.png":
{
	"frame": {"x":768,"y":756,"w":129,"h":113},
	"rotated": false,
	"trimmed": true,
	"spriteSourceSize": {"x":46,"y":117,"w":129,"h":113},
	"sourceSize": {"w":240,"h":240}
},
"characters_fourarms_lose0024.png":
{
	"frame": {"x":768,"y":756,"w":129,"h":113},
	"rotated": false,
	"trimmed": true,
	"spriteSourceSize": {"x":46,"y":117,"w":129,"h":113},
	"sourceSize": {"w":240,"h":240}
},
"characters_fourarms_lose0025.png":
{
	"frame": {"x":768,"y":756,"w":129,"h":113},
	"rotated": false,
	"trimmed": true,
	"spriteSourceSize": {"x":46,"y":117,"w":129,"h":113},
	"sourceSize": {"w":240,"h":240}
},
"characters_fourarms_lose0026.png":
{
	"frame": {"x":768,"y":756,"w":129,"h":113},
	"rotated": false,
	"trimmed": true,
	"spriteSourceSize": {"x":46,"y":117,"w":129,"h":113},
	"sourceSize": {"w":240,"h":240}
},
"characters_fourarms_lose0027.png":
{
	"frame": {"x":768,"y":756,"w":129,"h":113},
	"rotated": false,
	"trimmed": true,
	"spriteSourceSize": {"x":46,"y":117,"w":129,"h":113},
	"sourceSize": {"w":240,"h":240}
},
"characters_fourarms_lose0028.png":
{
	"frame": {"x":768,"y":756,"w":129,"h":113},
	"rotated": false,
	"trimmed": true,
	"spriteSourceSize": {"x":46,"y":117,"w":129,"h":113},
	"sourceSize": {"w":240,"h":240}
},
"characters_fourarms_lose0029.png":
{
	"frame": {"x":768,"y":756,"w":129,"h":113},
	"rotated": false,
	"trimmed": true,
	"spriteSourceSize": {"x":46,"y":117,"w":129,"h":113},
	"sourceSize": {"w":240,"h":240}
},
"characters_fourarms_lose0030.png":
{
	"frame": {"x":768,"y":756,"w":129,"h":113},
	"rotated": false,
	"trimmed": true,
	"spriteSourceSize": {"x":46,"y":117,"w":129,"h":113},
	"sourceSize": {"w":240,"h":240}
},
"characters_fourarms_lose0031.png":
{
	"frame": {"x":768,"y":756,"w":129,"h":113},
	"rotated": false,
	"trimmed": true,
	"spriteSourceSize": {"x":46,"y":117,"w":129,"h":113},
	"sourceSize": {"w":240,"h":240}
},
"characters_fourarms_lose0032.png":
{
	"frame": {"x":768,"y":756,"w":129,"h":113},
	"rotated": false,
	"trimmed": true,
	"spriteSourceSize": {"x":46,"y":117,"w":129,"h":113},
	"sourceSize": {"w":240,"h":240}
},
"characters_fourarms_lose0033.png":
{
	"frame": {"x":768,"y":756,"w":129,"h":113},
	"rotated": false,
	"trimmed": true,
	"spriteSourceSize": {"x":46,"y":117,"w":129,"h":113},
	"sourceSize": {"w":240,"h":240}
},
"characters_fourarms_lose0034.png":
{
	"frame": {"x":768,"y":756,"w":129,"h":113},
	"rotated": false,
	"trimmed": true,
	"spriteSourceSize": {"x":46,"y":117,"w":129,"h":113},
	"sourceSize": {"w":240,"h":240}
},
"characters_fourarms_lose0035.png":
{
	"frame": {"x":768,"y":756,"w":129,"h":113},
	"rotated": false,
	"trimmed": true,
	"spriteSourceSize": {"x":46,"y":117,"w":129,"h":113},
	"sourceSize": {"w":240,"h":240}
},
"characters_fourarms_lose0036.png":
{
	"frame": {"x":768,"y":756,"w":129,"h":113},
	"rotated": false,
	"trimmed": true,
	"spriteSourceSize": {"x":46,"y":117,"w":129,"h":113},
	"sourceSize": {"w":240,"h":240}
},
"characters_fourarms_lose0037.png":
{
	"frame": {"x":768,"y":756,"w":129,"h":113},
	"rotated": false,
	"trimmed": true,
	"spriteSourceSize": {"x":46,"y":117,"w":129,"h":113},
	"sourceSize": {"w":240,"h":240}
},
"characters_fourarms_lose0038.png":
{
	"frame": {"x":768,"y":756,"w":129,"h":113},
	"rotated": false,
	"trimmed": true,
	"spriteSourceSize": {"x":46,"y":117,"w":129,"h":113},
	"sourceSize": {"w":240,"h":240}
},
"characters_fourarms_lose0039.png":
{
	"frame": {"x":768,"y":756,"w":129,"h":113},
	"rotated": false,
	"trimmed": true,
	"spriteSourceSize": {"x":46,"y":117,"w":129,"h":113},
	"sourceSize": {"w":240,"h":240}
},
"characters_fourarms_lose0040.png":
{
	"frame": {"x":768,"y":756,"w":129,"h":113},
	"rotated": false,
	"trimmed": true,
	"spriteSourceSize": {"x":46,"y":117,"w":129,"h":113},
	"sourceSize": {"w":240,"h":240}
},
"characters_fourarms_run0001.png":
{
	"frame": {"x":747,"y":591,"w":135,"h":143},
	"rotated": false,
	"trimmed": true,
	"spriteSourceSize": {"x":43,"y":87,"w":135,"h":143},
	"sourceSize": {"w":240,"h":240}
},
"characters_fourarms_run0002.png":
{
	"frame": {"x":747,"y":591,"w":135,"h":143},
	"rotated": false,
	"trimmed": true,
	"spriteSourceSize": {"x":43,"y":87,"w":135,"h":143},
	"sourceSize": {"w":240,"h":240}
},
"characters_fourarms_run0003.png":
{
	"frame": {"x":716,"y":1036,"w":120,"h":146},
	"rotated": false,
	"trimmed": true,
	"spriteSourceSize": {"x":52,"y":84,"w":120,"h":146},
	"sourceSize": {"w":240,"h":240}
},
"characters_fourarms_run0004.png":
{
	"frame": {"x":716,"y":1036,"w":120,"h":146},
	"rotated": false,
	"trimmed": true,
	"spriteSourceSize": {"x":52,"y":84,"w":120,"h":146},
	"sourceSize": {"w":240,"h":240}
},
"characters_fourarms_run0005.png":
{
	"frame": {"x":893,"y":454,"w":103,"h":149},
	"rotated": false,
	"trimmed": true,
	"spriteSourceSize": {"x":61,"y":81,"w":103,"h":149},
	"sourceSize": {"w":240,"h":240}
},
"characters_fourarms_run0006.png":
{
	"frame": {"x":893,"y":454,"w":103,"h":149},
	"rotated": false,
	"trimmed": true,
	"spriteSourceSize": {"x":61,"y":81,"w":103,"h":149},
	"sourceSize": {"w":240,"h":240}
},
"characters_fourarms_run0007.png":
{
	"frame": {"x":584,"y":885,"w":128,"h":153},
	"rotated": false,
	"trimmed": true,
	"spriteSourceSize": {"x":57,"y":77,"w":128,"h":153},
	"sourceSize": {"w":240,"h":240}
},
"characters_fourarms_run0008.png":
{
	"frame": {"x":584,"y":885,"w":128,"h":153},
	"rotated": false,
	"trimmed": true,
	"spriteSourceSize": {"x":57,"y":77,"w":128,"h":153},
	"sourceSize": {"w":240,"h":240}
},
"characters_fourarms_run0009.png":
{
	"frame": {"x":646,"y":150,"w":151,"h":143},
	"rotated": false,
	"trimmed": true,
	"spriteSourceSize": {"x":43,"y":87,"w":151,"h":143},
	"sourceSize": {"w":240,"h":240}
},
"characters_fourarms_run0010.png":
{
	"frame": {"x":646,"y":150,"w":151,"h":143},
	"rotated": false,
	"trimmed": true,
	"spriteSourceSize": {"x":43,"y":87,"w":151,"h":143},
	"sourceSize": {"w":240,"h":240}
},
"characters_fourarms_run0011.png":
{
	"frame": {"x":633,"y":736,"w":133,"h":146},
	"rotated": false,
	"trimmed": true,
	"spriteSourceSize": {"x":52,"y":84,"w":133,"h":146},
	"sourceSize": {"w":240,"h":240}
},
"characters_fourarms_run0012.png":
{
	"frame": {"x":633,"y":736,"w":133,"h":146},
	"rotated": false,
	"trimmed": true,
	"spriteSourceSize": {"x":52,"y":84,"w":133,"h":146},
	"sourceSize": {"w":240,"h":240}
},
"characters_fourarms_run0013.png":
{
	"frame": {"x":884,"y":605,"w":97,"h":149},
	"rotated": false,
	"trimmed": true,
	"spriteSourceSize": {"x":61,"y":81,"w":97,"h":149},
	"sourceSize": {"w":240,"h":240}
},
"characters_fourarms_run0014.png":
{
	"frame": {"x":884,"y":605,"w":97,"h":149},
	"rotated": false,
	"trimmed": true,
	"spriteSourceSize": {"x":61,"y":81,"w":97,"h":149},
	"sourceSize": {"w":240,"h":240}
},
"characters_fourarms_run0015.png":
{
	"frame": {"x":634,"y":305,"w":105,"h":153},
	"rotated": false,
	"trimmed": true,
	"spriteSourceSize": {"x":57,"y":77,"w":105,"h":153},
	"sourceSize": {"w":240,"h":240}
},
"characters_fourarms_run0016.png":
{
	"frame": {"x":634,"y":305,"w":105,"h":153},
	"rotated": false,
	"trimmed": true,
	"spriteSourceSize": {"x":57,"y":77,"w":105,"h":153},
	"sourceSize": {"w":240,"h":240}
},
"characters_fourarms_stand0001.png":
{
	"frame": {"x":714,"y":884,"w":122,"h":150},
	"rotated": false,
	"trimmed": true,
	"spriteSourceSize": {"x":56,"y":80,"w":122,"h":150},
	"sourceSize": {"w":240,"h":240}
},
"characters_fourarms_stand0002.png":
{
	"frame": {"x":714,"y":884,"w":122,"h":150},
	"rotated": false,
	"trimmed": true,
	"spriteSourceSize": {"x":56,"y":80,"w":122,"h":150},
	"sourceSize": {"w":240,"h":240}
},
"characters_fourarms_stand0003.png":
{
	"frame": {"x":714,"y":884,"w":122,"h":150},
	"rotated": false,
	"trimmed": true,
	"spriteSourceSize": {"x":56,"y":80,"w":122,"h":150},
	"sourceSize": {"w":240,"h":240}
},
"characters_fourarms_stand0004.png":
{
	"frame": {"x":714,"y":884,"w":122,"h":150},
	"rotated": false,
	"trimmed": true,
	"spriteSourceSize": {"x":56,"y":80,"w":122,"h":150},
	"sourceSize": {"w":240,"h":240}
},
"characters_fourarms_stand0005.png":
{
	"frame": {"x":714,"y":884,"w":122,"h":150},
	"rotated": false,
	"trimmed": true,
	"spriteSourceSize": {"x":56,"y":80,"w":122,"h":150},
	"sourceSize": {"w":240,"h":240}
},
"characters_fourarms_stand0006.png":
{
	"frame": {"x":592,"y":1040,"w":122,"h":149},
	"rotated": false,
	"trimmed": true,
	"spriteSourceSize": {"x":56,"y":81,"w":122,"h":149},
	"sourceSize": {"w":240,"h":240}
},
"characters_fourarms_stand0007.png":
{
	"frame": {"x":592,"y":1040,"w":122,"h":149},
	"rotated": false,
	"trimmed": true,
	"spriteSourceSize": {"x":56,"y":81,"w":122,"h":149},
	"sourceSize": {"w":240,"h":240}
},
"characters_fourarms_stand0008.png":
{
	"frame": {"x":592,"y":1040,"w":122,"h":149},
	"rotated": false,
	"trimmed": true,
	"spriteSourceSize": {"x":56,"y":81,"w":122,"h":149},
	"sourceSize": {"w":240,"h":240}
},
"characters_fourarms_stand0009.png":
{
	"frame": {"x":592,"y":1040,"w":122,"h":149},
	"rotated": false,
	"trimmed": true,
	"spriteSourceSize": {"x":56,"y":81,"w":122,"h":149},
	"sourceSize": {"w":240,"h":240}
},
"characters_fourarms_tackle0001.png":
{
	"frame": {"x":341,"y":742,"w":143,"h":141},
	"rotated": false,
	"trimmed": true,
	"spriteSourceSize": {"x":38,"y":98,"w":143,"h":141},
	"sourceSize": {"w":240,"h":240}
},
"characters_fourarms_tackle0002.png":
{
	"frame": {"x":341,"y":742,"w":143,"h":141},
	"rotated": false,
	"trimmed": true,
	"spriteSourceSize": {"x":38,"y":98,"w":143,"h":141},
	"sourceSize": {"w":240,"h":240}
},
"characters_fourarms_tackle0003.png":
{
	"frame": {"x":181,"y":151,"w":173,"h":146},
	"rotated": false,
	"trimmed": true,
	"spriteSourceSize": {"x":8,"y":93,"w":173,"h":146},
	"sourceSize": {"w":240,"h":240}
},
"characters_fourarms_tackle0004.png":
{
	"frame": {"x":181,"y":151,"w":173,"h":146},
	"rotated": false,
	"trimmed": true,
	"spriteSourceSize": {"x":8,"y":93,"w":173,"h":146},
	"sourceSize": {"w":240,"h":240}
},
"characters_fourarms_tackle0005.png":
{
	"frame": {"x":2,"y":694,"w":178,"h":146},
	"rotated": false,
	"trimmed": true,
	"spriteSourceSize": {"x":12,"y":93,"w":178,"h":146},
	"sourceSize": {"w":240,"h":240}
},
"characters_fourarms_tackle0006.png":
{
	"frame": {"x":2,"y":694,"w":178,"h":146},
	"rotated": false,
	"trimmed": true,
	"spriteSourceSize": {"x":12,"y":93,"w":178,"h":146},
	"sourceSize": {"w":240,"h":240}
},
"characters_fourarms_tackle0007.png":
{
	"frame": {"x":735,"y":2,"w":181,"h":146},
	"rotated": false,
	"trimmed": true,
	"spriteSourceSize": {"x":16,"y":93,"w":181,"h":146},
	"sourceSize": {"w":240,"h":240}
},
"characters_fourarms_tackle0008.png":
{
	"frame": {"x":735,"y":2,"w":181,"h":146},
	"rotated": false,
	"trimmed": true,
	"spriteSourceSize": {"x":16,"y":93,"w":181,"h":146},
	"sourceSize": {"w":240,"h":240}
},
"characters_fourarms_tackle0009.png":
{
	"frame": {"x":367,"y":2,"w":182,"h":146},
	"rotated": false,
	"trimmed": true,
	"spriteSourceSize": {"x":20,"y":93,"w":182,"h":146},
	"sourceSize": {"w":240,"h":240}
},
"characters_fourarms_tackle0010.png":
{
	"frame": {"x":367,"y":2,"w":182,"h":146},
	"rotated": false,
	"trimmed": true,
	"spriteSourceSize": {"x":20,"y":93,"w":182,"h":146},
	"sourceSize": {"w":240,"h":240}
},
"characters_fourarms_tackle0011.png":
{
	"frame": {"x":551,"y":2,"w":182,"h":146},
	"rotated": false,
	"trimmed": true,
	"spriteSourceSize": {"x":20,"y":93,"w":182,"h":146},
	"sourceSize": {"w":240,"h":240}
},
"characters_fourarms_tackle_up0001.png":
{
	"frame": {"x":181,"y":2,"w":184,"h":147},
	"rotated": false,
	"trimmed": true,
	"spriteSourceSize": {"x":5,"y":92,"w":184,"h":147},
	"sourceSize": {"w":240,"h":240}
},
"characters_fourarms_tackle_up0002.png":
{
	"frame": {"x":181,"y":2,"w":184,"h":147},
	"rotated": false,
	"trimmed": true,
	"spriteSourceSize": {"x":5,"y":92,"w":184,"h":147},
	"sourceSize": {"w":240,"h":240}
},
"characters_fourarms_tackle_up0003.png":
{
	"frame": {"x":747,"y":447,"w":144,"h":142},
	"rotated": false,
	"trimmed": true,
	"spriteSourceSize": {"x":24,"y":97,"w":144,"h":142},
	"sourceSize": {"w":240,"h":240}
},
"characters_fourarms_tackle_up0004.png":
{
	"frame": {"x":747,"y":447,"w":144,"h":142},
	"rotated": false,
	"trimmed": true,
	"spriteSourceSize": {"x":24,"y":97,"w":144,"h":142},
	"sourceSize": {"w":240,"h":240}
}},
"meta": {
	"app": "http://www.codeandweb.com/texturepacker",
	"version": "1.0",
	"image": "fourarms_red.png",
	"format": "RGBA8888",
	"size": {"w":998,"h":1196},
	"scale": "1",
	"smartupdate": "$TexturePacker:SmartUpdate:5e9e2869e6b18a6d011f965ce9e7451f:4b1b033e7f325a8c8c7ec7e1f2d4587f:32bca7f0c16d9bb38468cba544e8b7d5$"
}
}
