{"frames": {

"characters_vambre_celebrate0001.png":
{
	"frame": {"x":704,"y":1037,"w":110,"h":161},
	"rotated": false,
	"trimmed": true,
	"spriteSourceSize": {"x":59,"y":63,"w":110,"h":161},
	"sourceSize": {"w":270,"h":240}
},
"characters_vambre_celebrate0002.png":
{
	"frame": {"x":704,"y":1037,"w":110,"h":161},
	"rotated": false,
	"trimmed": true,
	"spriteSourceSize": {"x":59,"y":63,"w":110,"h":161},
	"sourceSize": {"w":270,"h":240}
},
"characters_vambre_celebrate0003.png":
{
	"frame": {"x":438,"y":688,"w":122,"h":156},
	"rotated": false,
	"trimmed": true,
	"spriteSourceSize": {"x":49,"y":68,"w":122,"h":156},
	"sourceSize": {"w":270,"h":240}
},
"characters_vambre_celebrate0004.png":
{
	"frame": {"x":438,"y":688,"w":122,"h":156},
	"rotated": false,
	"trimmed": true,
	"spriteSourceSize": {"x":49,"y":68,"w":122,"h":156},
	"sourceSize": {"w":270,"h":240}
},
"characters_vambre_celebrate0005.png":
{
	"frame": {"x":785,"y":405,"w":132,"h":155},
	"rotated": false,
	"trimmed": true,
	"spriteSourceSize": {"x":45,"y":69,"w":132,"h":155},
	"sourceSize": {"w":270,"h":240}
},
"characters_vambre_celebrate0006.png":
{
	"frame": {"x":785,"y":405,"w":132,"h":155},
	"rotated": false,
	"trimmed": true,
	"spriteSourceSize": {"x":45,"y":69,"w":132,"h":155},
	"sourceSize": {"w":270,"h":240}
},
"characters_vambre_celebrate0007.png":
{
	"frame": {"x":785,"y":405,"w":132,"h":155},
	"rotated": false,
	"trimmed": true,
	"spriteSourceSize": {"x":45,"y":69,"w":132,"h":155},
	"sourceSize": {"w":270,"h":240}
},
"characters_vambre_celebrate0008.png":
{
	"frame": {"x":703,"y":1200,"w":106,"h":179},
	"rotated": false,
	"trimmed": true,
	"spriteSourceSize": {"x":59,"y":45,"w":106,"h":179},
	"sourceSize": {"w":270,"h":240}
},
"characters_vambre_celebrate0009.png":
{
	"frame": {"x":703,"y":1200,"w":106,"h":179},
	"rotated": false,
	"trimmed": true,
	"spriteSourceSize": {"x":59,"y":45,"w":106,"h":179},
	"sourceSize": {"w":270,"h":240}
},
"characters_vambre_celebrate0010.png":
{
	"frame": {"x":889,"y":894,"w":117,"h":160},
	"rotated": false,
	"trimmed": true,
	"spriteSourceSize": {"x":52,"y":64,"w":117,"h":160},
	"sourceSize": {"w":270,"h":240}
},
"characters_vambre_celebrate0011.png":
{
	"frame": {"x":889,"y":894,"w":117,"h":160},
	"rotated": false,
	"trimmed": true,
	"spriteSourceSize": {"x":52,"y":64,"w":117,"h":160},
	"sourceSize": {"w":270,"h":240}
},
"characters_vambre_celebrate0012.png":
{
	"frame": {"x":889,"y":894,"w":117,"h":160},
	"rotated": false,
	"trimmed": true,
	"spriteSourceSize": {"x":52,"y":64,"w":117,"h":160},
	"sourceSize": {"w":270,"h":240}
},
"characters_vambre_celebrate0013.png":
{
	"frame": {"x":786,"y":719,"w":104,"h":157},
	"rotated": false,
	"trimmed": true,
	"spriteSourceSize": {"x":63,"y":67,"w":104,"h":157},
	"sourceSize": {"w":270,"h":240}
},
"characters_vambre_celebrate0014.png":
{
	"frame": {"x":786,"y":719,"w":104,"h":157},
	"rotated": false,
	"trimmed": true,
	"spriteSourceSize": {"x":63,"y":67,"w":104,"h":157},
	"sourceSize": {"w":270,"h":240}
},
"characters_vambre_celebrate0015.png":
{
	"frame": {"x":2,"y":521,"w":106,"h":156},
	"rotated": false,
	"trimmed": true,
	"spriteSourceSize": {"x":65,"y":68,"w":106,"h":156},
	"sourceSize": {"w":270,"h":240}
},
"characters_vambre_celebrate0016.png":
{
	"frame": {"x":2,"y":521,"w":106,"h":156},
	"rotated": false,
	"trimmed": true,
	"spriteSourceSize": {"x":65,"y":68,"w":106,"h":156},
	"sourceSize": {"w":270,"h":240}
},
"characters_vambre_celebrate0017.png":
{
	"frame": {"x":426,"y":374,"w":111,"h":155},
	"rotated": false,
	"trimmed": true,
	"spriteSourceSize": {"x":62,"y":69,"w":111,"h":155},
	"sourceSize": {"w":270,"h":240}
},
"characters_vambre_celebrate0018.png":
{
	"frame": {"x":426,"y":374,"w":111,"h":155},
	"rotated": false,
	"trimmed": true,
	"spriteSourceSize": {"x":62,"y":69,"w":111,"h":155},
	"sourceSize": {"w":270,"h":240}
},
"characters_vambre_celebrate0019.png":
{
	"frame": {"x":687,"y":224,"w":109,"h":154},
	"rotated": false,
	"trimmed": true,
	"spriteSourceSize": {"x":61,"y":70,"w":109,"h":154},
	"sourceSize": {"w":270,"h":240}
},
"characters_vambre_celebrate0020.png":
{
	"frame": {"x":687,"y":224,"w":109,"h":154},
	"rotated": false,
	"trimmed": true,
	"spriteSourceSize": {"x":61,"y":70,"w":109,"h":154},
	"sourceSize": {"w":270,"h":240}
},
"characters_vambre_celebrate0021.png":
{
	"frame": {"x":673,"y":380,"w":110,"h":155},
	"rotated": false,
	"trimmed": true,
	"spriteSourceSize": {"x":63,"y":69,"w":110,"h":155},
	"sourceSize": {"w":270,"h":240}
},
"characters_vambre_celebrate0022.png":
{
	"frame": {"x":673,"y":380,"w":110,"h":155},
	"rotated": false,
	"trimmed": true,
	"spriteSourceSize": {"x":63,"y":69,"w":110,"h":155},
	"sourceSize": {"w":270,"h":240}
},
"characters_vambre_celebrate0023.png":
{
	"frame": {"x":2,"y":679,"w":106,"h":156},
	"rotated": false,
	"trimmed": true,
	"spriteSourceSize": {"x":65,"y":68,"w":106,"h":156},
	"sourceSize": {"w":270,"h":240}
},
"characters_vambre_celebrate0024.png":
{
	"frame": {"x":2,"y":679,"w":106,"h":156},
	"rotated": false,
	"trimmed": true,
	"spriteSourceSize": {"x":65,"y":68,"w":106,"h":156},
	"sourceSize": {"w":270,"h":240}
},
"characters_vambre_celebrate0025.png":
{
	"frame": {"x":892,"y":735,"w":106,"h":157},
	"rotated": false,
	"trimmed": true,
	"spriteSourceSize": {"x":62,"y":67,"w":106,"h":157},
	"sourceSize": {"w":270,"h":240}
},
"characters_vambre_celebrate0026.png":
{
	"frame": {"x":892,"y":735,"w":106,"h":157},
	"rotated": false,
	"trimmed": true,
	"spriteSourceSize": {"x":62,"y":67,"w":106,"h":157},
	"sourceSize": {"w":270,"h":240}
},
"characters_vambre_celebrate0027.png":
{
	"frame": {"x":667,"y":877,"w":109,"h":157},
	"rotated": false,
	"trimmed": true,
	"spriteSourceSize": {"x":61,"y":67,"w":109,"h":157},
	"sourceSize": {"w":270,"h":240}
},
"characters_vambre_celebrate0028.png":
{
	"frame": {"x":667,"y":877,"w":109,"h":157},
	"rotated": false,
	"trimmed": true,
	"spriteSourceSize": {"x":61,"y":67,"w":109,"h":157},
	"sourceSize": {"w":270,"h":240}
},
"characters_vambre_celebrate0029.png":
{
	"frame": {"x":110,"y":527,"w":104,"h":156},
	"rotated": false,
	"trimmed": true,
	"spriteSourceSize": {"x":63,"y":68,"w":104,"h":156},
	"sourceSize": {"w":270,"h":240}
},
"characters_vambre_celebrate0030.png":
{
	"frame": {"x":110,"y":527,"w":104,"h":156},
	"rotated": false,
	"trimmed": true,
	"spriteSourceSize": {"x":63,"y":68,"w":104,"h":156},
	"sourceSize": {"w":270,"h":240}
},
"characters_vambre_celebrate0031.png":
{
	"frame": {"x":322,"y":372,"w":102,"h":155},
	"rotated": false,
	"trimmed": true,
	"spriteSourceSize": {"x":65,"y":69,"w":102,"h":155},
	"sourceSize": {"w":270,"h":240}
},
"characters_vambre_celebrate0032.png":
{
	"frame": {"x":322,"y":372,"w":102,"h":155},
	"rotated": false,
	"trimmed": true,
	"spriteSourceSize": {"x":65,"y":69,"w":102,"h":155},
	"sourceSize": {"w":270,"h":240}
},
"characters_vambre_celebrate0033.png":
{
	"frame": {"x":2,"y":365,"w":106,"h":154},
	"rotated": false,
	"trimmed": true,
	"spriteSourceSize": {"x":62,"y":70,"w":106,"h":154},
	"sourceSize": {"w":270,"h":240}
},
"characters_vambre_celebrate0034.png":
{
	"frame": {"x":2,"y":365,"w":106,"h":154},
	"rotated": false,
	"trimmed": true,
	"spriteSourceSize": {"x":62,"y":70,"w":106,"h":154},
	"sourceSize": {"w":270,"h":240}
},
"characters_vambre_celebrate0035.png":
{
	"frame": {"x":216,"y":529,"w":109,"h":155},
	"rotated": false,
	"trimmed": true,
	"spriteSourceSize": {"x":61,"y":69,"w":109,"h":155},
	"sourceSize": {"w":270,"h":240}
},
"characters_vambre_celebrate0036.png":
{
	"frame": {"x":216,"y":529,"w":109,"h":155},
	"rotated": false,
	"trimmed": true,
	"spriteSourceSize": {"x":61,"y":69,"w":109,"h":155},
	"sourceSize": {"w":270,"h":240}
},
"characters_vambre_celebrate0037.png":
{
	"frame": {"x":110,"y":685,"w":104,"h":156},
	"rotated": false,
	"trimmed": true,
	"spriteSourceSize": {"x":63,"y":68,"w":104,"h":156},
	"sourceSize": {"w":270,"h":240}
},
"characters_vambre_celebrate0038.png":
{
	"frame": {"x":110,"y":685,"w":104,"h":156},
	"rotated": false,
	"trimmed": true,
	"spriteSourceSize": {"x":63,"y":68,"w":104,"h":156},
	"sourceSize": {"w":270,"h":240}
},
"characters_vambre_celebrate0039.png":
{
	"frame": {"x":919,"y":419,"w":102,"h":157},
	"rotated": false,
	"trimmed": true,
	"spriteSourceSize": {"x":65,"y":67,"w":102,"h":157},
	"sourceSize": {"w":270,"h":240}
},
"characters_vambre_celebrate0040.png":
{
	"frame": {"x":919,"y":419,"w":102,"h":157},
	"rotated": false,
	"trimmed": true,
	"spriteSourceSize": {"x":65,"y":67,"w":102,"h":157},
	"sourceSize": {"w":270,"h":240}
},
"characters_vambre_celebrate0041.png":
{
	"frame": {"x":892,"y":735,"w":106,"h":157},
	"rotated": false,
	"trimmed": true,
	"spriteSourceSize": {"x":62,"y":67,"w":106,"h":157},
	"sourceSize": {"w":270,"h":240}
},
"characters_vambre_celebrate0042.png":
{
	"frame": {"x":892,"y":735,"w":106,"h":157},
	"rotated": false,
	"trimmed": true,
	"spriteSourceSize": {"x":62,"y":67,"w":106,"h":157},
	"sourceSize": {"w":270,"h":240}
},
"characters_vambre_celebrate0043.png":
{
	"frame": {"x":562,"y":694,"w":110,"h":156},
	"rotated": false,
	"trimmed": true,
	"spriteSourceSize": {"x":61,"y":68,"w":110,"h":156},
	"sourceSize": {"w":270,"h":240}
},
"characters_vambre_celebrate0044.png":
{
	"frame": {"x":562,"y":694,"w":110,"h":156},
	"rotated": false,
	"trimmed": true,
	"spriteSourceSize": {"x":61,"y":68,"w":110,"h":156},
	"sourceSize": {"w":270,"h":240}
},
"characters_vambre_celebrate0045.png":
{
	"frame": {"x":673,"y":380,"w":110,"h":155},
	"rotated": false,
	"trimmed": true,
	"spriteSourceSize": {"x":63,"y":69,"w":110,"h":155},
	"sourceSize": {"w":270,"h":240}
},
"characters_vambre_celebrate0046.png":
{
	"frame": {"x":673,"y":380,"w":110,"h":155},
	"rotated": false,
	"trimmed": true,
	"spriteSourceSize": {"x":63,"y":69,"w":110,"h":155},
	"sourceSize": {"w":270,"h":240}
},
"characters_vambre_celebrate0047.png":
{
	"frame": {"x":110,"y":371,"w":104,"h":154},
	"rotated": false,
	"trimmed": true,
	"spriteSourceSize": {"x":65,"y":70,"w":104,"h":154},
	"sourceSize": {"w":270,"h":240}
},
"characters_vambre_celebrate0048.png":
{
	"frame": {"x":110,"y":371,"w":104,"h":154},
	"rotated": false,
	"trimmed": true,
	"spriteSourceSize": {"x":65,"y":70,"w":104,"h":154},
	"sourceSize": {"w":270,"h":240}
},
"characters_vambre_celebrate0049.png":
{
	"frame": {"x":426,"y":374,"w":111,"h":155},
	"rotated": false,
	"trimmed": true,
	"spriteSourceSize": {"x":62,"y":69,"w":111,"h":155},
	"sourceSize": {"w":270,"h":240}
},
"characters_vambre_celebrate0050.png":
{
	"frame": {"x":426,"y":374,"w":111,"h":155},
	"rotated": false,
	"trimmed": true,
	"spriteSourceSize": {"x":62,"y":69,"w":111,"h":155},
	"sourceSize": {"w":270,"h":240}
},
"characters_vambre_celebrate0051.png":
{
	"frame": {"x":674,"y":719,"w":110,"h":156},
	"rotated": false,
	"trimmed": true,
	"spriteSourceSize": {"x":61,"y":68,"w":110,"h":156},
	"sourceSize": {"w":270,"h":240}
},
"characters_vambre_celebrate0052.png":
{
	"frame": {"x":674,"y":719,"w":110,"h":156},
	"rotated": false,
	"trimmed": true,
	"spriteSourceSize": {"x":61,"y":68,"w":110,"h":156},
	"sourceSize": {"w":270,"h":240}
},
"characters_vambre_celebrate0053.png":
{
	"frame": {"x":2,"y":837,"w":104,"h":157},
	"rotated": false,
	"trimmed": true,
	"spriteSourceSize": {"x":63,"y":67,"w":104,"h":157},
	"sourceSize": {"w":270,"h":240}
},
"characters_vambre_celebrate0054.png":
{
	"frame": {"x":2,"y":837,"w":104,"h":157},
	"rotated": false,
	"trimmed": true,
	"spriteSourceSize": {"x":63,"y":67,"w":104,"h":157},
	"sourceSize": {"w":270,"h":240}
},
"characters_vambre_celebrate0055.png":
{
	"frame": {"x":919,"y":419,"w":102,"h":157},
	"rotated": false,
	"trimmed": true,
	"spriteSourceSize": {"x":65,"y":67,"w":102,"h":157},
	"sourceSize": {"w":270,"h":240}
},
"characters_vambre_celebrate0056.png":
{
	"frame": {"x":919,"y":419,"w":102,"h":157},
	"rotated": false,
	"trimmed": true,
	"spriteSourceSize": {"x":65,"y":67,"w":102,"h":157},
	"sourceSize": {"w":270,"h":240}
},
"characters_vambre_celebrate0057.png":
{
	"frame": {"x":216,"y":686,"w":106,"h":156},
	"rotated": false,
	"trimmed": true,
	"spriteSourceSize": {"x":62,"y":68,"w":106,"h":156},
	"sourceSize": {"w":270,"h":240}
},
"characters_vambre_celebrate0058.png":
{
	"frame": {"x":216,"y":686,"w":106,"h":156},
	"rotated": false,
	"trimmed": true,
	"spriteSourceSize": {"x":62,"y":68,"w":106,"h":156},
	"sourceSize": {"w":270,"h":240}
},
"characters_vambre_celebrate0059.png":
{
	"frame": {"x":216,"y":529,"w":109,"h":155},
	"rotated": false,
	"trimmed": true,
	"spriteSourceSize": {"x":61,"y":69,"w":109,"h":155},
	"sourceSize": {"w":270,"h":240}
},
"characters_vambre_celebrate0060.png":
{
	"frame": {"x":216,"y":529,"w":109,"h":155},
	"rotated": false,
	"trimmed": true,
	"spriteSourceSize": {"x":61,"y":69,"w":109,"h":155},
	"sourceSize": {"w":270,"h":240}
},
"characters_vambre_celebrate0061.png":
{
	"frame": {"x":216,"y":372,"w":104,"h":154},
	"rotated": false,
	"trimmed": true,
	"spriteSourceSize": {"x":63,"y":70,"w":104,"h":154},
	"sourceSize": {"w":270,"h":240}
},
"characters_vambre_celebrate0062.png":
{
	"frame": {"x":216,"y":372,"w":104,"h":154},
	"rotated": false,
	"trimmed": true,
	"spriteSourceSize": {"x":63,"y":70,"w":104,"h":154},
	"sourceSize": {"w":270,"h":240}
},
"characters_vambre_celebrate0063.png":
{
	"frame": {"x":322,"y":372,"w":102,"h":155},
	"rotated": false,
	"trimmed": true,
	"spriteSourceSize": {"x":65,"y":69,"w":102,"h":155},
	"sourceSize": {"w":270,"h":240}
},
"characters_vambre_celebrate0064.png":
{
	"frame": {"x":322,"y":372,"w":102,"h":155},
	"rotated": false,
	"trimmed": true,
	"spriteSourceSize": {"x":65,"y":69,"w":102,"h":155},
	"sourceSize": {"w":270,"h":240}
},
"characters_vambre_celebrate0065.png":
{
	"frame": {"x":216,"y":686,"w":106,"h":156},
	"rotated": false,
	"trimmed": true,
	"spriteSourceSize": {"x":62,"y":68,"w":106,"h":156},
	"sourceSize": {"w":270,"h":240}
},
"characters_vambre_celebrate0066.png":
{
	"frame": {"x":216,"y":686,"w":106,"h":156},
	"rotated": false,
	"trimmed": true,
	"spriteSourceSize": {"x":62,"y":68,"w":106,"h":156},
	"sourceSize": {"w":270,"h":240}
},
"characters_vambre_celebrate0067.png":
{
	"frame": {"x":778,"y":878,"w":109,"h":157},
	"rotated": false,
	"trimmed": true,
	"spriteSourceSize": {"x":61,"y":67,"w":109,"h":157},
	"sourceSize": {"w":270,"h":240}
},
"characters_vambre_celebrate0068.png":
{
	"frame": {"x":778,"y":878,"w":109,"h":157},
	"rotated": false,
	"trimmed": true,
	"spriteSourceSize": {"x":61,"y":67,"w":109,"h":157},
	"sourceSize": {"w":270,"h":240}
},
"characters_vambre_dash0001.png":
{
	"frame": {"x":272,"y":220,"w":159,"h":150},
	"rotated": false,
	"trimmed": true,
	"spriteSourceSize": {"x":15,"y":75,"w":159,"h":150},
	"sourceSize": {"w":270,"h":240}
},
"characters_vambre_dash0002.png":
{
	"frame": {"x":327,"y":531,"w":155,"h":155},
	"rotated": false,
	"trimmed": true,
	"spriteSourceSize": {"x":15,"y":70,"w":155,"h":155},
	"sourceSize": {"w":270,"h":240}
},
"characters_vambre_dash0003.png":
{
	"frame": {"x":207,"y":1003,"w":140,"h":160},
	"rotated": false,
	"trimmed": true,
	"spriteSourceSize": {"x":21,"y":65,"w":140,"h":160},
	"sourceSize": {"w":270,"h":240}
},
"characters_vambre_dash0004.png":
{
	"frame": {"x":550,"y":1198,"w":151,"h":166},
	"rotated": false,
	"trimmed": true,
	"spriteSourceSize": {"x":21,"y":59,"w":151,"h":166},
	"sourceSize": {"w":270,"h":240}
},
"characters_vambre_dash0005.png":
{
	"frame": {"x":798,"y":253,"w":135,"h":150},
	"rotated": false,
	"trimmed": true,
	"spriteSourceSize": {"x":43,"y":75,"w":135,"h":150},
	"sourceSize": {"w":270,"h":240}
},
"characters_vambre_dash0006.png":
{
	"frame": {"x":484,"y":531,"w":127,"h":155},
	"rotated": false,
	"trimmed": true,
	"spriteSourceSize": {"x":43,"y":70,"w":127,"h":155},
	"sourceSize": {"w":270,"h":240}
},
"characters_vambre_dash0007.png":
{
	"frame": {"x":2,"y":996,"w":100,"h":160},
	"rotated": false,
	"trimmed": true,
	"spriteSourceSize": {"x":61,"y":65,"w":100,"h":160},
	"sourceSize": {"w":270,"h":240}
},
"characters_vambre_dash0008.png":
{
	"frame": {"x":212,"y":1165,"w":111,"h":166},
	"rotated": false,
	"trimmed": true,
	"spriteSourceSize": {"x":59,"y":59,"w":111,"h":166},
	"sourceSize": {"w":270,"h":240}
},
"characters_vambre_dash0009.png":
{
	"frame": {"x":272,"y":220,"w":159,"h":150},
	"rotated": false,
	"trimmed": true,
	"spriteSourceSize": {"x":15,"y":75,"w":159,"h":150},
	"sourceSize": {"w":270,"h":240}
},
"characters_vambre_dash0010.png":
{
	"frame": {"x":327,"y":531,"w":155,"h":155},
	"rotated": false,
	"trimmed": true,
	"spriteSourceSize": {"x":15,"y":70,"w":155,"h":155},
	"sourceSize": {"w":270,"h":240}
},
"characters_vambre_dash0011.png":
{
	"frame": {"x":207,"y":1003,"w":140,"h":160},
	"rotated": false,
	"trimmed": true,
	"spriteSourceSize": {"x":21,"y":65,"w":140,"h":160},
	"sourceSize": {"w":270,"h":240}
},
"characters_vambre_dash0012.png":
{
	"frame": {"x":550,"y":1198,"w":151,"h":166},
	"rotated": false,
	"trimmed": true,
	"spriteSourceSize": {"x":21,"y":59,"w":151,"h":166},
	"sourceSize": {"w":270,"h":240}
},
"characters_vambre_dash0013.png":
{
	"frame": {"x":798,"y":253,"w":135,"h":150},
	"rotated": false,
	"trimmed": true,
	"spriteSourceSize": {"x":43,"y":75,"w":135,"h":150},
	"sourceSize": {"w":270,"h":240}
},
"characters_vambre_dash0014.png":
{
	"frame": {"x":484,"y":531,"w":127,"h":155},
	"rotated": false,
	"trimmed": true,
	"spriteSourceSize": {"x":43,"y":70,"w":127,"h":155},
	"sourceSize": {"w":270,"h":240}
},
"characters_vambre_dash0015.png":
{
	"frame": {"x":2,"y":996,"w":100,"h":160},
	"rotated": false,
	"trimmed": true,
	"spriteSourceSize": {"x":61,"y":65,"w":100,"h":160},
	"sourceSize": {"w":270,"h":240}
},
"characters_vambre_dash0016.png":
{
	"frame": {"x":212,"y":1165,"w":111,"h":166},
	"rotated": false,
	"trimmed": true,
	"spriteSourceSize": {"x":59,"y":59,"w":111,"h":166},
	"sourceSize": {"w":270,"h":240}
},
"characters_vambre_fall0001.png":
{
	"frame": {"x":816,"y":1056,"w":115,"h":164},
	"rotated": false,
	"trimmed": true,
	"spriteSourceSize": {"x":61,"y":60,"w":115,"h":164},
	"sourceSize": {"w":270,"h":240}
},
"characters_vambre_fall0002.png":
{
	"frame": {"x":816,"y":1056,"w":115,"h":164},
	"rotated": false,
	"trimmed": true,
	"spriteSourceSize": {"x":61,"y":60,"w":115,"h":164},
	"sourceSize": {"w":270,"h":240}
},
"characters_vambre_fall0003.png":
{
	"frame": {"x":108,"y":844,"w":132,"h":156},
	"rotated": false,
	"trimmed": true,
	"spriteSourceSize": {"x":41,"y":68,"w":132,"h":156},
	"sourceSize": {"w":270,"h":240}
},
"characters_vambre_fall0004.png":
{
	"frame": {"x":108,"y":844,"w":132,"h":156},
	"rotated": false,
	"trimmed": true,
	"spriteSourceSize": {"x":41,"y":68,"w":132,"h":156},
	"sourceSize": {"w":270,"h":240}
},
"characters_vambre_fall0005.png":
{
	"frame": {"x":280,"y":107,"w":137,"h":111},
	"rotated": false,
	"trimmed": true,
	"spriteSourceSize": {"x":32,"y":113,"w":137,"h":111},
	"sourceSize": {"w":270,"h":240}
},
"characters_vambre_fall0006.png":
{
	"frame": {"x":280,"y":107,"w":137,"h":111},
	"rotated": false,
	"trimmed": true,
	"spriteSourceSize": {"x":32,"y":113,"w":137,"h":111},
	"sourceSize": {"w":270,"h":240}
},
"characters_vambre_fall0007.png":
{
	"frame": {"x":558,"y":107,"w":127,"h":114},
	"rotated": false,
	"trimmed": true,
	"spriteSourceSize": {"x":44,"y":110,"w":127,"h":114},
	"sourceSize": {"w":270,"h":240}
},
"characters_vambre_fall0008.png":
{
	"frame": {"x":558,"y":107,"w":127,"h":114},
	"rotated": false,
	"trimmed": true,
	"spriteSourceSize": {"x":44,"y":110,"w":127,"h":114},
	"sourceSize": {"w":270,"h":240}
},
"characters_vambre_fall0009.png":
{
	"frame": {"x":2,"y":107,"w":137,"h":110},
	"rotated": false,
	"trimmed": true,
	"spriteSourceSize": {"x":42,"y":114,"w":137,"h":110},
	"sourceSize": {"w":270,"h":240}
},
"characters_vambre_fall0010.png":
{
	"frame": {"x":2,"y":107,"w":137,"h":110},
	"rotated": false,
	"trimmed": true,
	"spriteSourceSize": {"x":42,"y":114,"w":137,"h":110},
	"sourceSize": {"w":270,"h":240}
},
"characters_vambre_kick0001.png":
{
	"frame": {"x":433,"y":220,"w":122,"h":152},
	"rotated": false,
	"trimmed": true,
	"spriteSourceSize": {"x":55,"y":72,"w":122,"h":152},
	"sourceSize": {"w":270,"h":240}
},
"characters_vambre_kick0002.png":
{
	"frame": {"x":242,"y":845,"w":143,"h":156},
	"rotated": false,
	"trimmed": true,
	"spriteSourceSize": {"x":47,"y":68,"w":143,"h":156},
	"sourceSize": {"w":270,"h":240}
},
"characters_vambre_kick0003.png":
{
	"frame": {"x":242,"y":845,"w":143,"h":156},
	"rotated": false,
	"trimmed": true,
	"spriteSourceSize": {"x":47,"y":68,"w":143,"h":156},
	"sourceSize": {"w":270,"h":240}
},
"characters_vambre_kick0004.png":
{
	"frame": {"x":242,"y":845,"w":143,"h":156},
	"rotated": false,
	"trimmed": true,
	"spriteSourceSize": {"x":47,"y":68,"w":143,"h":156},
	"sourceSize": {"w":270,"h":240}
},
"characters_vambre_kick0005.png":
{
	"frame": {"x":613,"y":537,"w":138,"h":155},
	"rotated": false,
	"trimmed": true,
	"spriteSourceSize": {"x":71,"y":69,"w":138,"h":155},
	"sourceSize": {"w":270,"h":240}
},
"characters_vambre_kick0006.png":
{
	"frame": {"x":613,"y":537,"w":138,"h":155},
	"rotated": false,
	"trimmed": true,
	"spriteSourceSize": {"x":71,"y":69,"w":138,"h":155},
	"sourceSize": {"w":270,"h":240}
},
"characters_vambre_kick0007.png":
{
	"frame": {"x":753,"y":562,"w":138,"h":155},
	"rotated": false,
	"trimmed": true,
	"spriteSourceSize": {"x":71,"y":69,"w":138,"h":155},
	"sourceSize": {"w":270,"h":240}
},
"characters_vambre_kick0008.png":
{
	"frame": {"x":387,"y":846,"w":138,"h":156},
	"rotated": false,
	"trimmed": true,
	"spriteSourceSize": {"x":74,"y":68,"w":138,"h":156},
	"sourceSize": {"w":270,"h":240}
},
"characters_vambre_kick0009.png":
{
	"frame": {"x":527,"y":852,"w":138,"h":156},
	"rotated": false,
	"trimmed": true,
	"spriteSourceSize": {"x":74,"y":68,"w":138,"h":156},
	"sourceSize": {"w":270,"h":240}
},
"characters_vambre_kick0010.png":
{
	"frame": {"x":527,"y":852,"w":138,"h":156},
	"rotated": false,
	"trimmed": true,
	"spriteSourceSize": {"x":74,"y":68,"w":138,"h":156},
	"sourceSize": {"w":270,"h":240}
},
"characters_vambre_lose0001.png":
{
	"frame": {"x":95,"y":1165,"w":115,"h":164},
	"rotated": false,
	"trimmed": true,
	"spriteSourceSize": {"x":61,"y":61,"w":115,"h":164},
	"sourceSize": {"w":270,"h":240}
},
"characters_vambre_lose0002.png":
{
	"frame": {"x":95,"y":1165,"w":115,"h":164},
	"rotated": false,
	"trimmed": true,
	"spriteSourceSize": {"x":61,"y":61,"w":115,"h":164},
	"sourceSize": {"w":270,"h":240}
},
"characters_vambre_lose0003.png":
{
	"frame": {"x":539,"y":375,"w":132,"h":154},
	"rotated": false,
	"trimmed": true,
	"spriteSourceSize": {"x":41,"y":71,"w":132,"h":154},
	"sourceSize": {"w":270,"h":240}
},
"characters_vambre_lose0004.png":
{
	"frame": {"x":539,"y":375,"w":132,"h":154},
	"rotated": false,
	"trimmed": true,
	"spriteSourceSize": {"x":41,"y":71,"w":132,"h":154},
	"sourceSize": {"w":270,"h":240}
},
"characters_vambre_lose0005.png":
{
	"frame": {"x":419,"y":107,"w":137,"h":111},
	"rotated": false,
	"trimmed": true,
	"spriteSourceSize": {"x":32,"y":114,"w":137,"h":111},
	"sourceSize": {"w":270,"h":240}
},
"characters_vambre_lose0006.png":
{
	"frame": {"x":419,"y":107,"w":137,"h":111},
	"rotated": false,
	"trimmed": true,
	"spriteSourceSize": {"x":32,"y":114,"w":137,"h":111},
	"sourceSize": {"w":270,"h":240}
},
"characters_vambre_lose0007.png":
{
	"frame": {"x":687,"y":107,"w":127,"h":115},
	"rotated": false,
	"trimmed": true,
	"spriteSourceSize": {"x":44,"y":110,"w":127,"h":115},
	"sourceSize": {"w":270,"h":240}
},
"characters_vambre_lose0008.png":
{
	"frame": {"x":687,"y":107,"w":127,"h":115},
	"rotated": false,
	"trimmed": true,
	"spriteSourceSize": {"x":44,"y":110,"w":127,"h":115},
	"sourceSize": {"w":270,"h":240}
},
"characters_vambre_lose0009.png":
{
	"frame": {"x":141,"y":107,"w":137,"h":110},
	"rotated": false,
	"trimmed": true,
	"spriteSourceSize": {"x":42,"y":115,"w":137,"h":110},
	"sourceSize": {"w":270,"h":240}
},
"characters_vambre_lose0010.png":
{
	"frame": {"x":141,"y":107,"w":137,"h":110},
	"rotated": false,
	"trimmed": true,
	"spriteSourceSize": {"x":42,"y":115,"w":137,"h":110},
	"sourceSize": {"w":270,"h":240}
},
"characters_vambre_lose0011.png":
{
	"frame": {"x":141,"y":107,"w":137,"h":110},
	"rotated": false,
	"trimmed": true,
	"spriteSourceSize": {"x":42,"y":115,"w":137,"h":110},
	"sourceSize": {"w":270,"h":240}
},
"characters_vambre_lose0012.png":
{
	"frame": {"x":141,"y":107,"w":137,"h":110},
	"rotated": false,
	"trimmed": true,
	"spriteSourceSize": {"x":42,"y":115,"w":137,"h":110},
	"sourceSize": {"w":270,"h":240}
},
"characters_vambre_lose0013.png":
{
	"frame": {"x":141,"y":107,"w":137,"h":110},
	"rotated": false,
	"trimmed": true,
	"spriteSourceSize": {"x":42,"y":115,"w":137,"h":110},
	"sourceSize": {"w":270,"h":240}
},
"characters_vambre_lose0014.png":
{
	"frame": {"x":141,"y":107,"w":137,"h":110},
	"rotated": false,
	"trimmed": true,
	"spriteSourceSize": {"x":42,"y":115,"w":137,"h":110},
	"sourceSize": {"w":270,"h":240}
},
"characters_vambre_lose0015.png":
{
	"frame": {"x":141,"y":107,"w":137,"h":110},
	"rotated": false,
	"trimmed": true,
	"spriteSourceSize": {"x":42,"y":115,"w":137,"h":110},
	"sourceSize": {"w":270,"h":240}
},
"characters_vambre_lose0016.png":
{
	"frame": {"x":141,"y":107,"w":137,"h":110},
	"rotated": false,
	"trimmed": true,
	"spriteSourceSize": {"x":42,"y":115,"w":137,"h":110},
	"sourceSize": {"w":270,"h":240}
},
"characters_vambre_lose0017.png":
{
	"frame": {"x":141,"y":107,"w":137,"h":110},
	"rotated": false,
	"trimmed": true,
	"spriteSourceSize": {"x":42,"y":115,"w":137,"h":110},
	"sourceSize": {"w":270,"h":240}
},
"characters_vambre_lose0018.png":
{
	"frame": {"x":141,"y":107,"w":137,"h":110},
	"rotated": false,
	"trimmed": true,
	"spriteSourceSize": {"x":42,"y":115,"w":137,"h":110},
	"sourceSize": {"w":270,"h":240}
},
"characters_vambre_lose0019.png":
{
	"frame": {"x":141,"y":107,"w":137,"h":110},
	"rotated": false,
	"trimmed": true,
	"spriteSourceSize": {"x":42,"y":115,"w":137,"h":110},
	"sourceSize": {"w":270,"h":240}
},
"characters_vambre_lose0020.png":
{
	"frame": {"x":141,"y":107,"w":137,"h":110},
	"rotated": false,
	"trimmed": true,
	"spriteSourceSize": {"x":42,"y":115,"w":137,"h":110},
	"sourceSize": {"w":270,"h":240}
},
"characters_vambre_lose0021.png":
{
	"frame": {"x":141,"y":107,"w":137,"h":110},
	"rotated": false,
	"trimmed": true,
	"spriteSourceSize": {"x":42,"y":115,"w":137,"h":110},
	"sourceSize": {"w":270,"h":240}
},
"characters_vambre_run0001.png":
{
	"frame": {"x":147,"y":219,"w":123,"h":150},
	"rotated": false,
	"trimmed": true,
	"spriteSourceSize": {"x":51,"y":75,"w":123,"h":150},
	"sourceSize": {"w":270,"h":240}
},
"characters_vambre_run0002.png":
{
	"frame": {"x":147,"y":219,"w":123,"h":150},
	"rotated": false,
	"trimmed": true,
	"spriteSourceSize": {"x":51,"y":75,"w":123,"h":150},
	"sourceSize": {"w":270,"h":240}
},
"characters_vambre_run0003.png":
{
	"frame": {"x":893,"y":578,"w":112,"h":155},
	"rotated": false,
	"trimmed": true,
	"spriteSourceSize": {"x":58,"y":70,"w":112,"h":155},
	"sourceSize": {"w":270,"h":240}
},
"characters_vambre_run0004.png":
{
	"frame": {"x":893,"y":578,"w":112,"h":155},
	"rotated": false,
	"trimmed": true,
	"spriteSourceSize": {"x":58,"y":70,"w":112,"h":155},
	"sourceSize": {"w":270,"h":240}
},
"characters_vambre_run0005.png":
{
	"frame": {"x":104,"y":1002,"w":101,"h":160},
	"rotated": false,
	"trimmed": true,
	"spriteSourceSize": {"x":60,"y":65,"w":101,"h":160},
	"sourceSize": {"w":270,"h":240}
},
"characters_vambre_run0006.png":
{
	"frame": {"x":104,"y":1002,"w":101,"h":160},
	"rotated": false,
	"trimmed": true,
	"spriteSourceSize": {"x":60,"y":65,"w":101,"h":160},
	"sourceSize": {"w":270,"h":240}
},
"characters_vambre_run0007.png":
{
	"frame": {"x":325,"y":1166,"w":110,"h":166},
	"rotated": false,
	"trimmed": true,
	"spriteSourceSize": {"x":62,"y":59,"w":110,"h":166},
	"sourceSize": {"w":270,"h":240}
},
"characters_vambre_run0008.png":
{
	"frame": {"x":325,"y":1166,"w":110,"h":166},
	"rotated": false,
	"trimmed": true,
	"spriteSourceSize": {"x":62,"y":59,"w":110,"h":166},
	"sourceSize": {"w":270,"h":240}
},
"characters_vambre_run0009.png":
{
	"frame": {"x":557,"y":223,"w":128,"h":150},
	"rotated": false,
	"trimmed": true,
	"spriteSourceSize": {"x":50,"y":75,"w":128,"h":150},
	"sourceSize": {"w":270,"h":240}
},
"characters_vambre_run0010.png":
{
	"frame": {"x":557,"y":223,"w":128,"h":150},
	"rotated": false,
	"trimmed": true,
	"spriteSourceSize": {"x":50,"y":75,"w":128,"h":150},
	"sourceSize": {"w":270,"h":240}
},
"characters_vambre_run0011.png":
{
	"frame": {"x":324,"y":688,"w":112,"h":155},
	"rotated": false,
	"trimmed": true,
	"spriteSourceSize": {"x":58,"y":70,"w":112,"h":155},
	"sourceSize": {"w":270,"h":240}
},
"characters_vambre_run0012.png":
{
	"frame": {"x":324,"y":688,"w":112,"h":155},
	"rotated": false,
	"trimmed": true,
	"spriteSourceSize": {"x":58,"y":70,"w":112,"h":155},
	"sourceSize": {"w":270,"h":240}
},
"characters_vambre_run0013.png":
{
	"frame": {"x":349,"y":1004,"w":100,"h":160},
	"rotated": false,
	"trimmed": true,
	"spriteSourceSize": {"x":61,"y":65,"w":100,"h":160},
	"sourceSize": {"w":270,"h":240}
},
"characters_vambre_run0014.png":
{
	"frame": {"x":349,"y":1004,"w":100,"h":160},
	"rotated": false,
	"trimmed": true,
	"spriteSourceSize": {"x":61,"y":65,"w":100,"h":160},
	"sourceSize": {"w":270,"h":240}
},
"characters_vambre_run0015.png":
{
	"frame": {"x":437,"y":1172,"w":111,"h":166},
	"rotated": false,
	"trimmed": true,
	"spriteSourceSize": {"x":59,"y":59,"w":111,"h":166},
	"sourceSize": {"w":270,"h":240}
},
"characters_vambre_run0016.png":
{
	"frame": {"x":437,"y":1172,"w":111,"h":166},
	"rotated": false,
	"trimmed": true,
	"spriteSourceSize": {"x":59,"y":59,"w":111,"h":166},
	"sourceSize": {"w":270,"h":240}
},
"characters_vambre_stand0001.png":
{
	"frame": {"x":2,"y":1158,"w":91,"h":166},
	"rotated": false,
	"trimmed": true,
	"spriteSourceSize": {"x":71,"y":59,"w":91,"h":166},
	"sourceSize": {"w":270,"h":240}
},
"characters_vambre_stand0002.png":
{
	"frame": {"x":2,"y":1158,"w":91,"h":166},
	"rotated": false,
	"trimmed": true,
	"spriteSourceSize": {"x":71,"y":59,"w":91,"h":166},
	"sourceSize": {"w":270,"h":240}
},
"characters_vambre_stand0003.png":
{
	"frame": {"x":2,"y":1158,"w":91,"h":166},
	"rotated": false,
	"trimmed": true,
	"spriteSourceSize": {"x":71,"y":59,"w":91,"h":166},
	"sourceSize": {"w":270,"h":240}
},
"characters_vambre_stand0004.png":
{
	"frame": {"x":933,"y":1056,"w":89,"h":164},
	"rotated": false,
	"trimmed": true,
	"spriteSourceSize": {"x":72,"y":61,"w":89,"h":164},
	"sourceSize": {"w":270,"h":240}
},
"characters_vambre_stand0005.png":
{
	"frame": {"x":933,"y":1056,"w":89,"h":164},
	"rotated": false,
	"trimmed": true,
	"spriteSourceSize": {"x":72,"y":61,"w":89,"h":164},
	"sourceSize": {"w":270,"h":240}
},
"characters_vambre_stand0006.png":
{
	"frame": {"x":933,"y":1056,"w":89,"h":164},
	"rotated": false,
	"trimmed": true,
	"spriteSourceSize": {"x":72,"y":61,"w":89,"h":164},
	"sourceSize": {"w":270,"h":240}
},
"characters_vambre_stand0007.png":
{
	"frame": {"x":935,"y":253,"w":85,"h":164},
	"rotated": false,
	"trimmed": true,
	"spriteSourceSize": {"x":74,"y":61,"w":85,"h":164},
	"sourceSize": {"w":270,"h":240}
},
"characters_vambre_stand0008.png":
{
	"frame": {"x":935,"y":253,"w":85,"h":164},
	"rotated": false,
	"trimmed": true,
	"spriteSourceSize": {"x":74,"y":61,"w":85,"h":164},
	"sourceSize": {"w":270,"h":240}
},
"characters_vambre_stand0009.png":
{
	"frame": {"x":935,"y":253,"w":85,"h":164},
	"rotated": false,
	"trimmed": true,
	"spriteSourceSize": {"x":74,"y":61,"w":85,"h":164},
	"sourceSize": {"w":270,"h":240}
},
"characters_vambre_stand0010.png":
{
	"frame": {"x":933,"y":1056,"w":89,"h":164},
	"rotated": false,
	"trimmed": true,
	"spriteSourceSize": {"x":72,"y":61,"w":89,"h":164},
	"sourceSize": {"w":270,"h":240}
},
"characters_vambre_stand0011.png":
{
	"frame": {"x":933,"y":1056,"w":89,"h":164},
	"rotated": false,
	"trimmed": true,
	"spriteSourceSize": {"x":72,"y":61,"w":89,"h":164},
	"sourceSize": {"w":270,"h":240}
},
"characters_vambre_stand0012.png":
{
	"frame": {"x":933,"y":1056,"w":89,"h":164},
	"rotated": false,
	"trimmed": true,
	"spriteSourceSize": {"x":72,"y":61,"w":89,"h":164},
	"sourceSize": {"w":270,"h":240}
},
"characters_vambre_tackle0001.png":
{
	"frame": {"x":451,"y":1010,"w":124,"h":160},
	"rotated": false,
	"trimmed": true,
	"spriteSourceSize": {"x":52,"y":65,"w":124,"h":160},
	"sourceSize": {"w":270,"h":240}
},
"characters_vambre_tackle0002.png":
{
	"frame": {"x":451,"y":1010,"w":124,"h":160},
	"rotated": false,
	"trimmed": true,
	"spriteSourceSize": {"x":52,"y":65,"w":124,"h":160},
	"sourceSize": {"w":270,"h":240}
},
"characters_vambre_tackle0003.png":
{
	"frame": {"x":816,"y":107,"w":143,"h":144},
	"rotated": false,
	"trimmed": true,
	"spriteSourceSize": {"x":41,"y":81,"w":143,"h":144},
	"sourceSize": {"w":270,"h":240}
},
"characters_vambre_tackle0004.png":
{
	"frame": {"x":816,"y":107,"w":143,"h":144},
	"rotated": false,
	"trimmed": true,
	"spriteSourceSize": {"x":41,"y":81,"w":143,"h":144},
	"sourceSize": {"w":270,"h":240}
},
"characters_vambre_tackle0005.png":
{
	"frame": {"x":2,"y":2,"w":154,"h":103},
	"rotated": false,
	"trimmed": true,
	"spriteSourceSize": {"x":26,"y":122,"w":154,"h":103},
	"sourceSize": {"w":270,"h":240}
},
"characters_vambre_tackle0006.png":
{
	"frame": {"x":2,"y":2,"w":154,"h":103},
	"rotated": false,
	"trimmed": true,
	"spriteSourceSize": {"x":26,"y":122,"w":154,"h":103},
	"sourceSize": {"w":270,"h":240}
},
"characters_vambre_tackle0007.png":
{
	"frame": {"x":158,"y":2,"w":157,"h":103},
	"rotated": false,
	"trimmed": true,
	"spriteSourceSize": {"x":30,"y":122,"w":157,"h":103},
	"sourceSize": {"w":270,"h":240}
},
"characters_vambre_tackle0008.png":
{
	"frame": {"x":158,"y":2,"w":157,"h":103},
	"rotated": false,
	"trimmed": true,
	"spriteSourceSize": {"x":30,"y":122,"w":157,"h":103},
	"sourceSize": {"w":270,"h":240}
},
"characters_vambre_tackle0009.png":
{
	"frame": {"x":317,"y":2,"w":159,"h":103},
	"rotated": false,
	"trimmed": true,
	"spriteSourceSize": {"x":33,"y":122,"w":159,"h":103},
	"sourceSize": {"w":270,"h":240}
},
"characters_vambre_tackle0010.png":
{
	"frame": {"x":317,"y":2,"w":159,"h":103},
	"rotated": false,
	"trimmed": true,
	"spriteSourceSize": {"x":33,"y":122,"w":159,"h":103},
	"sourceSize": {"w":270,"h":240}
},
"characters_vambre_tackle0011.png":
{
	"frame": {"x":478,"y":2,"w":157,"h":103},
	"rotated": false,
	"trimmed": true,
	"spriteSourceSize": {"x":37,"y":122,"w":157,"h":103},
	"sourceSize": {"w":270,"h":240}
},
"characters_vambre_tackle0012.png":
{
	"frame": {"x":478,"y":2,"w":157,"h":103},
	"rotated": false,
	"trimmed": true,
	"spriteSourceSize": {"x":37,"y":122,"w":157,"h":103},
	"sourceSize": {"w":270,"h":240}
},
"characters_vambre_tackle0013.png":
{
	"frame": {"x":637,"y":2,"w":157,"h":103},
	"rotated": false,
	"trimmed": true,
	"spriteSourceSize": {"x":37,"y":122,"w":157,"h":103},
	"sourceSize": {"w":270,"h":240}
},
"characters_vambre_tackle_up0001.png":
{
	"frame": {"x":796,"y":2,"w":157,"h":103},
	"rotated": false,
	"trimmed": true,
	"spriteSourceSize": {"x":65,"y":122,"w":157,"h":103},
	"sourceSize": {"w":270,"h":240}
},
"characters_vambre_tackle_up0002.png":
{
	"frame": {"x":796,"y":2,"w":157,"h":103},
	"rotated": false,
	"trimmed": true,
	"spriteSourceSize": {"x":65,"y":122,"w":157,"h":103},
	"sourceSize": {"w":270,"h":240}
},
"characters_vambre_tackle_up0003.png":
{
	"frame": {"x":2,"y":219,"w":143,"h":144},
	"rotated": false,
	"trimmed": true,
	"spriteSourceSize": {"x":69,"y":81,"w":143,"h":144},
	"sourceSize": {"w":270,"h":240}
},
"characters_vambre_tackle_up0004.png":
{
	"frame": {"x":2,"y":219,"w":143,"h":144},
	"rotated": false,
	"trimmed": true,
	"spriteSourceSize": {"x":69,"y":81,"w":143,"h":144},
	"sourceSize": {"w":270,"h":240}
},
"characters_vambre_tackle_up0005.png":
{
	"frame": {"x":577,"y":1036,"w":125,"h":160},
	"rotated": false,
	"trimmed": true,
	"spriteSourceSize": {"x":79,"y":65,"w":125,"h":160},
	"sourceSize": {"w":270,"h":240}
},
"characters_vambre_tackle_up0006.png":
{
	"frame": {"x":577,"y":1036,"w":125,"h":160},
	"rotated": false,
	"trimmed": true,
	"spriteSourceSize": {"x":79,"y":65,"w":125,"h":160},
	"sourceSize": {"w":270,"h":240}
}},
"meta": {
	"app": "http://www.codeandweb.com/texturepacker",
	"version": "1.0",
	"image": "vambre_red.png",
	"format": "RGBA8888",
	"size": {"w":1024,"h":1381},
	"scale": "1",
	"smartupdate": "$TexturePacker:SmartUpdate:50b116cf1fd92b375e72cdcd2ac28a0e:0e21b3ac73006cbbee44ef465a1fcc02:b69a4246efb8b75d3b57077d9bee75c2$"
}
}
