{"frames": {

"characters_xlr8_blue_celebrate0001.png":
{
	"frame": {"x":834,"y":673,"w":135,"h":116},
	"rotated": false,
	"trimmed": true,
	"spriteSourceSize": {"x":39,"y":106,"w":135,"h":116},
	"sourceSize": {"w":240,"h":240}
},
"characters_xlr8_blue_celebrate0002.png":
{
	"frame": {"x":834,"y":673,"w":135,"h":116},
	"rotated": false,
	"trimmed": true,
	"spriteSourceSize": {"x":39,"y":106,"w":135,"h":116},
	"sourceSize": {"w":240,"h":240}
},
"characters_xlr8_blue_celebrate0003.png":
{
	"frame": {"x":142,"y":412,"w":127,"h":113},
	"rotated": false,
	"trimmed": true,
	"spriteSourceSize": {"x":46,"y":109,"w":127,"h":113},
	"sourceSize": {"w":240,"h":240}
},
"characters_xlr8_blue_celebrate0004.png":
{
	"frame": {"x":142,"y":412,"w":127,"h":113},
	"rotated": false,
	"trimmed": true,
	"spriteSourceSize": {"x":46,"y":109,"w":127,"h":113},
	"sourceSize": {"w":240,"h":240}
},
"characters_xlr8_blue_celebrate0005.png":
{
	"frame": {"x":571,"y":446,"w":120,"h":119},
	"rotated": false,
	"trimmed": true,
	"spriteSourceSize": {"x":51,"y":103,"w":120,"h":119},
	"sourceSize": {"w":240,"h":240}
},
"characters_xlr8_blue_celebrate0006.png":
{
	"frame": {"x":571,"y":446,"w":120,"h":119},
	"rotated": false,
	"trimmed": true,
	"spriteSourceSize": {"x":51,"y":103,"w":120,"h":119},
	"sourceSize": {"w":240,"h":240}
},
"characters_xlr8_blue_celebrate0007.png":
{
	"frame": {"x":571,"y":446,"w":120,"h":119},
	"rotated": false,
	"trimmed": true,
	"spriteSourceSize": {"x":51,"y":103,"w":120,"h":119},
	"sourceSize": {"w":240,"h":240}
},
"characters_xlr8_blue_celebrate0008.png":
{
	"frame": {"x":2,"y":437,"w":122,"h":145},
	"rotated": false,
	"trimmed": true,
	"spriteSourceSize": {"x":44,"y":77,"w":122,"h":145},
	"sourceSize": {"w":240,"h":240}
},
"characters_xlr8_blue_celebrate0009.png":
{
	"frame": {"x":2,"y":437,"w":122,"h":145},
	"rotated": false,
	"trimmed": true,
	"spriteSourceSize": {"x":44,"y":77,"w":122,"h":145},
	"sourceSize": {"w":240,"h":240}
},
"characters_xlr8_blue_celebrate0010.png":
{
	"frame": {"x":142,"y":278,"w":128,"h":132},
	"rotated": false,
	"trimmed": true,
	"spriteSourceSize": {"x":41,"y":90,"w":128,"h":132},
	"sourceSize": {"w":240,"h":240}
},
"characters_xlr8_blue_celebrate0011.png":
{
	"frame": {"x":142,"y":278,"w":128,"h":132},
	"rotated": false,
	"trimmed": true,
	"spriteSourceSize": {"x":41,"y":90,"w":128,"h":132},
	"sourceSize": {"w":240,"h":240}
},
"characters_xlr8_blue_celebrate0012.png":
{
	"frame": {"x":142,"y":278,"w":128,"h":132},
	"rotated": false,
	"trimmed": true,
	"spriteSourceSize": {"x":41,"y":90,"w":128,"h":132},
	"sourceSize": {"w":240,"h":240}
},
"characters_xlr8_blue_celebrate0013.png":
{
	"frame": {"x":142,"y":278,"w":128,"h":132},
	"rotated": false,
	"trimmed": true,
	"spriteSourceSize": {"x":41,"y":90,"w":128,"h":132},
	"sourceSize": {"w":240,"h":240}
},
"characters_xlr8_blue_celebrate0014.png":
{
	"frame": {"x":142,"y":278,"w":128,"h":132},
	"rotated": false,
	"trimmed": true,
	"spriteSourceSize": {"x":41,"y":90,"w":128,"h":132},
	"sourceSize": {"w":240,"h":240}
},
"characters_xlr8_blue_celebrate0015.png":
{
	"frame": {"x":142,"y":278,"w":128,"h":132},
	"rotated": false,
	"trimmed": true,
	"spriteSourceSize": {"x":41,"y":90,"w":128,"h":132},
	"sourceSize": {"w":240,"h":240}
},
"characters_xlr8_blue_celebrate0016.png":
{
	"frame": {"x":419,"y":562,"w":142,"h":115},
	"rotated": false,
	"trimmed": true,
	"spriteSourceSize": {"x":44,"y":107,"w":142,"h":115},
	"sourceSize": {"w":240,"h":240}
},
"characters_xlr8_blue_celebrate0017.png":
{
	"frame": {"x":419,"y":562,"w":142,"h":115},
	"rotated": false,
	"trimmed": true,
	"spriteSourceSize": {"x":44,"y":107,"w":142,"h":115},
	"sourceSize": {"w":240,"h":240}
},
"characters_xlr8_blue_celebrate0018.png":
{
	"frame": {"x":746,"y":114,"w":146,"h":108},
	"rotated": false,
	"trimmed": true,
	"spriteSourceSize": {"x":40,"y":115,"w":146,"h":108},
	"sourceSize": {"w":240,"h":240}
},
"characters_xlr8_blue_celebrate0019.png":
{
	"frame": {"x":746,"y":114,"w":146,"h":108},
	"rotated": false,
	"trimmed": true,
	"spriteSourceSize": {"x":40,"y":115,"w":146,"h":108},
	"sourceSize": {"w":240,"h":240}
},
"characters_xlr8_blue_celebrate0020.png":
{
	"frame": {"x":444,"y":2,"w":155,"h":108},
	"rotated": false,
	"trimmed": true,
	"spriteSourceSize": {"x":38,"y":115,"w":155,"h":108},
	"sourceSize": {"w":240,"h":240}
},
"characters_xlr8_blue_celebrate0021.png":
{
	"frame": {"x":444,"y":2,"w":155,"h":108},
	"rotated": false,
	"trimmed": true,
	"spriteSourceSize": {"x":38,"y":115,"w":155,"h":108},
	"sourceSize": {"w":240,"h":240}
},
"characters_xlr8_blue_celebrate0022.png":
{
	"frame": {"x":834,"y":448,"w":138,"h":109},
	"rotated": false,
	"trimmed": true,
	"spriteSourceSize": {"x":38,"y":114,"w":138,"h":109},
	"sourceSize": {"w":240,"h":240}
},
"characters_xlr8_blue_celebrate0023.png":
{
	"frame": {"x":834,"y":448,"w":138,"h":109},
	"rotated": false,
	"trimmed": true,
	"spriteSourceSize": {"x":38,"y":114,"w":138,"h":109},
	"sourceSize": {"w":240,"h":240}
},
"characters_xlr8_blue_celebrate0024.png":
{
	"frame": {"x":419,"y":679,"w":143,"h":111},
	"rotated": false,
	"trimmed": true,
	"spriteSourceSize": {"x":39,"y":112,"w":143,"h":111},
	"sourceSize": {"w":240,"h":240}
},
"characters_xlr8_blue_celebrate0025.png":
{
	"frame": {"x":419,"y":679,"w":143,"h":111},
	"rotated": false,
	"trimmed": true,
	"spriteSourceSize": {"x":39,"y":112,"w":143,"h":111},
	"sourceSize": {"w":240,"h":240}
},
"characters_xlr8_blue_celebrate0026.png":
{
	"frame": {"x":266,"y":768,"w":146,"h":111},
	"rotated": false,
	"trimmed": true,
	"spriteSourceSize": {"x":39,"y":112,"w":146,"h":111},
	"sourceSize": {"w":240,"h":240}
},
"characters_xlr8_blue_celebrate0027.png":
{
	"frame": {"x":266,"y":768,"w":146,"h":111},
	"rotated": false,
	"trimmed": true,
	"spriteSourceSize": {"x":39,"y":112,"w":146,"h":111},
	"sourceSize": {"w":240,"h":240}
},
"characters_xlr8_blue_celebrate0028.png":
{
	"frame": {"x":282,"y":229,"w":152,"h":112},
	"rotated": false,
	"trimmed": true,
	"spriteSourceSize": {"x":39,"y":111,"w":152,"h":112},
	"sourceSize": {"w":240,"h":240}
},
"characters_xlr8_blue_celebrate0029.png":
{
	"frame": {"x":282,"y":229,"w":152,"h":112},
	"rotated": false,
	"trimmed": true,
	"spriteSourceSize": {"x":39,"y":111,"w":152,"h":112},
	"sourceSize": {"w":240,"h":240}
},
"characters_xlr8_blue_celebrate0030.png":
{
	"frame": {"x":675,"y":1018,"w":134,"h":111},
	"rotated": false,
	"trimmed": true,
	"spriteSourceSize": {"x":39,"y":112,"w":134,"h":111},
	"sourceSize": {"w":240,"h":240}
},
"characters_xlr8_blue_celebrate0031.png":
{
	"frame": {"x":675,"y":1018,"w":134,"h":111},
	"rotated": false,
	"trimmed": true,
	"spriteSourceSize": {"x":39,"y":112,"w":134,"h":111},
	"sourceSize": {"w":240,"h":240}
},
"characters_xlr8_blue_celebrate0032.png":
{
	"frame": {"x":414,"y":792,"w":143,"h":110},
	"rotated": false,
	"trimmed": true,
	"spriteSourceSize": {"x":39,"y":113,"w":143,"h":110},
	"sourceSize": {"w":240,"h":240}
},
"characters_xlr8_blue_celebrate0033.png":
{
	"frame": {"x":414,"y":792,"w":143,"h":110},
	"rotated": false,
	"trimmed": true,
	"spriteSourceSize": {"x":39,"y":113,"w":143,"h":110},
	"sourceSize": {"w":240,"h":240}
},
"characters_xlr8_blue_celebrate0034.png":
{
	"frame": {"x":746,"y":114,"w":146,"h":108},
	"rotated": false,
	"trimmed": true,
	"spriteSourceSize": {"x":40,"y":115,"w":146,"h":108},
	"sourceSize": {"w":240,"h":240}
},
"characters_xlr8_blue_celebrate0035.png":
{
	"frame": {"x":746,"y":114,"w":146,"h":108},
	"rotated": false,
	"trimmed": true,
	"spriteSourceSize": {"x":40,"y":115,"w":146,"h":108},
	"sourceSize": {"w":240,"h":240}
},
"characters_xlr8_blue_celebrate0036.png":
{
	"frame": {"x":444,"y":2,"w":155,"h":108},
	"rotated": false,
	"trimmed": true,
	"spriteSourceSize": {"x":38,"y":115,"w":155,"h":108},
	"sourceSize": {"w":240,"h":240}
},
"characters_xlr8_blue_celebrate0037.png":
{
	"frame": {"x":444,"y":2,"w":155,"h":108},
	"rotated": false,
	"trimmed": true,
	"spriteSourceSize": {"x":38,"y":115,"w":155,"h":108},
	"sourceSize": {"w":240,"h":240}
},
"characters_xlr8_blue_celebrate0038.png":
{
	"frame": {"x":834,"y":448,"w":138,"h":109},
	"rotated": false,
	"trimmed": true,
	"spriteSourceSize": {"x":38,"y":114,"w":138,"h":109},
	"sourceSize": {"w":240,"h":240}
},
"characters_xlr8_blue_celebrate0039.png":
{
	"frame": {"x":834,"y":448,"w":138,"h":109},
	"rotated": false,
	"trimmed": true,
	"spriteSourceSize": {"x":38,"y":114,"w":138,"h":109},
	"sourceSize": {"w":240,"h":240}
},
"characters_xlr8_blue_celebrate0040.png":
{
	"frame": {"x":419,"y":679,"w":143,"h":111},
	"rotated": false,
	"trimmed": true,
	"spriteSourceSize": {"x":39,"y":112,"w":143,"h":111},
	"sourceSize": {"w":240,"h":240}
},
"characters_xlr8_blue_celebrate0041.png":
{
	"frame": {"x":419,"y":679,"w":143,"h":111},
	"rotated": false,
	"trimmed": true,
	"spriteSourceSize": {"x":39,"y":112,"w":143,"h":111},
	"sourceSize": {"w":240,"h":240}
},
"characters_xlr8_blue_celebrate0042.png":
{
	"frame": {"x":266,"y":768,"w":146,"h":111},
	"rotated": false,
	"trimmed": true,
	"spriteSourceSize": {"x":39,"y":112,"w":146,"h":111},
	"sourceSize": {"w":240,"h":240}
},
"characters_xlr8_blue_celebrate0043.png":
{
	"frame": {"x":266,"y":768,"w":146,"h":111},
	"rotated": false,
	"trimmed": true,
	"spriteSourceSize": {"x":39,"y":112,"w":146,"h":111},
	"sourceSize": {"w":240,"h":240}
},
"characters_xlr8_blue_celebrate0044.png":
{
	"frame": {"x":282,"y":229,"w":152,"h":112},
	"rotated": false,
	"trimmed": true,
	"spriteSourceSize": {"x":39,"y":111,"w":152,"h":112},
	"sourceSize": {"w":240,"h":240}
},
"characters_xlr8_blue_celebrate0045.png":
{
	"frame": {"x":282,"y":229,"w":152,"h":112},
	"rotated": false,
	"trimmed": true,
	"spriteSourceSize": {"x":39,"y":111,"w":152,"h":112},
	"sourceSize": {"w":240,"h":240}
},
"characters_xlr8_blue_celebrate0046.png":
{
	"frame": {"x":675,"y":1018,"w":134,"h":111},
	"rotated": false,
	"trimmed": true,
	"spriteSourceSize": {"x":39,"y":112,"w":134,"h":111},
	"sourceSize": {"w":240,"h":240}
},
"characters_xlr8_blue_celebrate0047.png":
{
	"frame": {"x":675,"y":1018,"w":134,"h":111},
	"rotated": false,
	"trimmed": true,
	"spriteSourceSize": {"x":39,"y":112,"w":134,"h":111},
	"sourceSize": {"w":240,"h":240}
},
"characters_xlr8_blue_celebrate0048.png":
{
	"frame": {"x":414,"y":792,"w":143,"h":110},
	"rotated": false,
	"trimmed": true,
	"spriteSourceSize": {"x":39,"y":113,"w":143,"h":110},
	"sourceSize": {"w":240,"h":240}
},
"characters_xlr8_blue_celebrate0049.png":
{
	"frame": {"x":414,"y":792,"w":143,"h":110},
	"rotated": false,
	"trimmed": true,
	"spriteSourceSize": {"x":39,"y":113,"w":143,"h":110},
	"sourceSize": {"w":240,"h":240}
},
"characters_xlr8_blue_celebrate0050.png":
{
	"frame": {"x":419,"y":562,"w":142,"h":115},
	"rotated": false,
	"trimmed": true,
	"spriteSourceSize": {"x":44,"y":107,"w":142,"h":115},
	"sourceSize": {"w":240,"h":240}
},
"characters_xlr8_blue_celebrate0051.png":
{
	"frame": {"x":419,"y":562,"w":142,"h":115},
	"rotated": false,
	"trimmed": true,
	"spriteSourceSize": {"x":44,"y":107,"w":142,"h":115},
	"sourceSize": {"w":240,"h":240}
},
"characters_xlr8_blue_celebrate0052.png":
{
	"frame": {"x":142,"y":144,"w":138,"h":132},
	"rotated": false,
	"trimmed": true,
	"spriteSourceSize": {"x":41,"y":90,"w":138,"h":132},
	"sourceSize": {"w":240,"h":240}
},
"characters_xlr8_blue_celebrate0053.png":
{
	"frame": {"x":142,"y":144,"w":138,"h":132},
	"rotated": false,
	"trimmed": true,
	"spriteSourceSize": {"x":41,"y":90,"w":138,"h":132},
	"sourceSize": {"w":240,"h":240}
},
"characters_xlr8_blue_celebrate0054.png":
{
	"frame": {"x":142,"y":2,"w":138,"h":140},
	"rotated": false,
	"trimmed": true,
	"spriteSourceSize": {"x":41,"y":82,"w":138,"h":140},
	"sourceSize": {"w":240,"h":240}
},
"characters_xlr8_blue_celebrate0055.png":
{
	"frame": {"x":142,"y":2,"w":138,"h":140},
	"rotated": false,
	"trimmed": true,
	"spriteSourceSize": {"x":41,"y":82,"w":138,"h":140},
	"sourceSize": {"w":240,"h":240}
},
"characters_xlr8_blue_celebrate0056.png":
{
	"frame": {"x":2,"y":2,"w":138,"h":146},
	"rotated": false,
	"trimmed": true,
	"spriteSourceSize": {"x":41,"y":76,"w":138,"h":146},
	"sourceSize": {"w":240,"h":240}
},
"characters_xlr8_blue_celebrate0057.png":
{
	"frame": {"x":2,"y":2,"w":138,"h":146},
	"rotated": false,
	"trimmed": true,
	"spriteSourceSize": {"x":41,"y":76,"w":138,"h":146},
	"sourceSize": {"w":240,"h":240}
},
"characters_xlr8_blue_celebrate0058.png":
{
	"frame": {"x":2,"y":150,"w":138,"h":143},
	"rotated": false,
	"trimmed": true,
	"spriteSourceSize": {"x":41,"y":79,"w":138,"h":143},
	"sourceSize": {"w":240,"h":240}
},
"characters_xlr8_blue_celebrate0059.png":
{
	"frame": {"x":2,"y":150,"w":138,"h":143},
	"rotated": false,
	"trimmed": true,
	"spriteSourceSize": {"x":41,"y":79,"w":138,"h":143},
	"sourceSize": {"w":240,"h":240}
},
"characters_xlr8_blue_celebrate0060.png":
{
	"frame": {"x":2,"y":295,"w":138,"h":140},
	"rotated": false,
	"trimmed": true,
	"spriteSourceSize": {"x":41,"y":82,"w":138,"h":140},
	"sourceSize": {"w":240,"h":240}
},
"characters_xlr8_blue_celebrate0061.png":
{
	"frame": {"x":2,"y":295,"w":138,"h":140},
	"rotated": false,
	"trimmed": true,
	"spriteSourceSize": {"x":41,"y":82,"w":138,"h":140},
	"sourceSize": {"w":240,"h":240}
},
"characters_xlr8_blue_celebrate0062.png":
{
	"frame": {"x":2,"y":150,"w":138,"h":143},
	"rotated": false,
	"trimmed": true,
	"spriteSourceSize": {"x":41,"y":79,"w":138,"h":143},
	"sourceSize": {"w":240,"h":240}
},
"characters_xlr8_blue_celebrate0063.png":
{
	"frame": {"x":2,"y":150,"w":138,"h":143},
	"rotated": false,
	"trimmed": true,
	"spriteSourceSize": {"x":41,"y":79,"w":138,"h":143},
	"sourceSize": {"w":240,"h":240}
},
"characters_xlr8_blue_celebrate0064.png":
{
	"frame": {"x":2,"y":2,"w":138,"h":146},
	"rotated": false,
	"trimmed": true,
	"spriteSourceSize": {"x":41,"y":76,"w":138,"h":146},
	"sourceSize": {"w":240,"h":240}
},
"characters_xlr8_blue_celebrate0065.png":
{
	"frame": {"x":2,"y":2,"w":138,"h":146},
	"rotated": false,
	"trimmed": true,
	"spriteSourceSize": {"x":41,"y":76,"w":138,"h":146},
	"sourceSize": {"w":240,"h":240}
},
"characters_xlr8_blue_celebrate0066.png":
{
	"frame": {"x":2,"y":295,"w":138,"h":140},
	"rotated": false,
	"trimmed": true,
	"spriteSourceSize": {"x":41,"y":82,"w":138,"h":140},
	"sourceSize": {"w":240,"h":240}
},
"characters_xlr8_blue_celebrate0067.png":
{
	"frame": {"x":2,"y":295,"w":138,"h":140},
	"rotated": false,
	"trimmed": true,
	"spriteSourceSize": {"x":41,"y":82,"w":138,"h":140},
	"sourceSize": {"w":240,"h":240}
},
"characters_xlr8_blue_celebrate0068.png":
{
	"frame": {"x":2,"y":150,"w":138,"h":143},
	"rotated": false,
	"trimmed": true,
	"spriteSourceSize": {"x":41,"y":79,"w":138,"h":143},
	"sourceSize": {"w":240,"h":240}
},
"characters_xlr8_blue_celebrate0069.png":
{
	"frame": {"x":2,"y":150,"w":138,"h":143},
	"rotated": false,
	"trimmed": true,
	"spriteSourceSize": {"x":41,"y":79,"w":138,"h":143},
	"sourceSize": {"w":240,"h":240}
},
"characters_xlr8_blue_celebrate0070.png":
{
	"frame": {"x":2,"y":2,"w":138,"h":146},
	"rotated": false,
	"trimmed": true,
	"spriteSourceSize": {"x":41,"y":76,"w":138,"h":146},
	"sourceSize": {"w":240,"h":240}
},
"characters_xlr8_blue_celebrate0071.png":
{
	"frame": {"x":2,"y":2,"w":138,"h":146},
	"rotated": false,
	"trimmed": true,
	"spriteSourceSize": {"x":41,"y":76,"w":138,"h":146},
	"sourceSize": {"w":240,"h":240}
},
"characters_xlr8_blue_celebrate0072.png":
{
	"frame": {"x":2,"y":2,"w":138,"h":146},
	"rotated": false,
	"trimmed": true,
	"spriteSourceSize": {"x":41,"y":76,"w":138,"h":146},
	"sourceSize": {"w":240,"h":240}
},
"characters_xlr8_blue_celebrate0073.png":
{
	"frame": {"x":2,"y":2,"w":138,"h":146},
	"rotated": false,
	"trimmed": true,
	"spriteSourceSize": {"x":41,"y":76,"w":138,"h":146},
	"sourceSize": {"w":240,"h":240}
},
"characters_xlr8_blue_celebrate0074.png":
{
	"frame": {"x":2,"y":2,"w":138,"h":146},
	"rotated": false,
	"trimmed": true,
	"spriteSourceSize": {"x":41,"y":76,"w":138,"h":146},
	"sourceSize": {"w":240,"h":240}
},
"characters_xlr8_blue_celebrate0075.png":
{
	"frame": {"x":2,"y":2,"w":138,"h":146},
	"rotated": false,
	"trimmed": true,
	"spriteSourceSize": {"x":41,"y":76,"w":138,"h":146},
	"sourceSize": {"w":240,"h":240}
},
"characters_xlr8_blue_celebrate0076.png":
{
	"frame": {"x":2,"y":2,"w":138,"h":146},
	"rotated": false,
	"trimmed": true,
	"spriteSourceSize": {"x":41,"y":76,"w":138,"h":146},
	"sourceSize": {"w":240,"h":240}
},
"characters_xlr8_blue_celebrate0077.png":
{
	"frame": {"x":2,"y":2,"w":138,"h":146},
	"rotated": false,
	"trimmed": true,
	"spriteSourceSize": {"x":41,"y":76,"w":138,"h":146},
	"sourceSize": {"w":240,"h":240}
},
"characters_xlr8_blue_celebrate0078.png":
{
	"frame": {"x":2,"y":2,"w":138,"h":146},
	"rotated": false,
	"trimmed": true,
	"spriteSourceSize": {"x":41,"y":76,"w":138,"h":146},
	"sourceSize": {"w":240,"h":240}
},
"characters_xlr8_blue_celebrate0079.png":
{
	"frame": {"x":2,"y":2,"w":138,"h":146},
	"rotated": false,
	"trimmed": true,
	"spriteSourceSize": {"x":41,"y":76,"w":138,"h":146},
	"sourceSize": {"w":240,"h":240}
},
"characters_xlr8_blue_celebrate0080.png":
{
	"frame": {"x":2,"y":2,"w":138,"h":146},
	"rotated": false,
	"trimmed": true,
	"spriteSourceSize": {"x":41,"y":76,"w":138,"h":146},
	"sourceSize": {"w":240,"h":240}
},
"characters_xlr8_blue_celebrate0081.png":
{
	"frame": {"x":2,"y":2,"w":138,"h":146},
	"rotated": false,
	"trimmed": true,
	"spriteSourceSize": {"x":41,"y":76,"w":138,"h":146},
	"sourceSize": {"w":240,"h":240}
},
"characters_xlr8_blue_celebrate0082.png":
{
	"frame": {"x":2,"y":2,"w":138,"h":146},
	"rotated": false,
	"trimmed": true,
	"spriteSourceSize": {"x":41,"y":76,"w":138,"h":146},
	"sourceSize": {"w":240,"h":240}
},
"characters_xlr8_blue_celebrate0083.png":
{
	"frame": {"x":2,"y":2,"w":138,"h":146},
	"rotated": false,
	"trimmed": true,
	"spriteSourceSize": {"x":41,"y":76,"w":138,"h":146},
	"sourceSize": {"w":240,"h":240}
},
"characters_xlr8_blue_celebrate0084.png":
{
	"frame": {"x":2,"y":2,"w":138,"h":146},
	"rotated": false,
	"trimmed": true,
	"spriteSourceSize": {"x":41,"y":76,"w":138,"h":146},
	"sourceSize": {"w":240,"h":240}
},
"characters_xlr8_blue_celebrate0085.png":
{
	"frame": {"x":2,"y":2,"w":138,"h":146},
	"rotated": false,
	"trimmed": true,
	"spriteSourceSize": {"x":41,"y":76,"w":138,"h":146},
	"sourceSize": {"w":240,"h":240}
},
"characters_xlr8_blue_celebrate0086.png":
{
	"frame": {"x":2,"y":2,"w":138,"h":146},
	"rotated": false,
	"trimmed": true,
	"spriteSourceSize": {"x":41,"y":76,"w":138,"h":146},
	"sourceSize": {"w":240,"h":240}
},
"characters_xlr8_blue_celebrate0087.png":
{
	"frame": {"x":2,"y":2,"w":138,"h":146},
	"rotated": false,
	"trimmed": true,
	"spriteSourceSize": {"x":41,"y":76,"w":138,"h":146},
	"sourceSize": {"w":240,"h":240}
},
"characters_xlr8_blue_celebrate0088.png":
{
	"frame": {"x":2,"y":2,"w":138,"h":146},
	"rotated": false,
	"trimmed": true,
	"spriteSourceSize": {"x":41,"y":76,"w":138,"h":146},
	"sourceSize": {"w":240,"h":240}
},
"characters_xlr8_blue_dash0001.png":
{
	"frame": {"x":757,"y":2,"w":153,"h":110},
	"rotated": false,
	"trimmed": true,
	"spriteSourceSize": {"x":23,"y":114,"w":153,"h":110},
	"sourceSize": {"w":240,"h":240}
},
"characters_xlr8_blue_dash0002.png":
{
	"frame": {"x":282,"y":2,"w":160,"h":110},
	"rotated": false,
	"trimmed": true,
	"spriteSourceSize": {"x":23,"y":114,"w":160,"h":110},
	"sourceSize": {"w":240,"h":240}
},
"characters_xlr8_blue_dash0003.png":
{
	"frame": {"x":397,"y":1018,"w":139,"h":111},
	"rotated": false,
	"trimmed": true,
	"spriteSourceSize": {"x":28,"y":113,"w":139,"h":111},
	"sourceSize": {"w":240,"h":240}
},
"characters_xlr8_blue_dash0004.png":
{
	"frame": {"x":406,"y":904,"w":142,"h":112},
	"rotated": false,
	"trimmed": true,
	"spriteSourceSize": {"x":29,"y":112,"w":142,"h":112},
	"sourceSize": {"w":240,"h":240}
},
"characters_xlr8_blue_dash0005.png":
{
	"frame": {"x":436,"y":331,"w":145,"h":113},
	"rotated": false,
	"trimmed": true,
	"spriteSourceSize": {"x":29,"y":111,"w":145,"h":113},
	"sourceSize": {"w":240,"h":240}
},
"characters_xlr8_blue_dash0006.png":
{
	"frame": {"x":282,"y":114,"w":152,"h":113},
	"rotated": false,
	"trimmed": true,
	"spriteSourceSize": {"x":29,"y":111,"w":152,"h":113},
	"sourceSize": {"w":240,"h":240}
},
"characters_xlr8_blue_dash0007.png":
{
	"frame": {"x":130,"y":645,"w":136,"h":113},
	"rotated": false,
	"trimmed": true,
	"spriteSourceSize": {"x":29,"y":111,"w":136,"h":113},
	"sourceSize": {"w":240,"h":240}
},
"characters_xlr8_blue_dash0008.png":
{
	"frame": {"x":550,"y":904,"w":142,"h":112},
	"rotated": false,
	"trimmed": true,
	"spriteSourceSize": {"x":29,"y":112,"w":142,"h":112},
	"sourceSize": {"w":240,"h":240}
},
"characters_xlr8_blue_dash0009.png":
{
	"frame": {"x":757,"y":2,"w":153,"h":110},
	"rotated": false,
	"trimmed": true,
	"spriteSourceSize": {"x":23,"y":114,"w":153,"h":110},
	"sourceSize": {"w":240,"h":240}
},
"characters_xlr8_blue_dash0010.png":
{
	"frame": {"x":282,"y":2,"w":160,"h":110},
	"rotated": false,
	"trimmed": true,
	"spriteSourceSize": {"x":23,"y":114,"w":160,"h":110},
	"sourceSize": {"w":240,"h":240}
},
"characters_xlr8_blue_dash0011.png":
{
	"frame": {"x":397,"y":1018,"w":139,"h":111},
	"rotated": false,
	"trimmed": true,
	"spriteSourceSize": {"x":28,"y":113,"w":139,"h":111},
	"sourceSize": {"w":240,"h":240}
},
"characters_xlr8_blue_dash0012.png":
{
	"frame": {"x":406,"y":904,"w":142,"h":112},
	"rotated": false,
	"trimmed": true,
	"spriteSourceSize": {"x":29,"y":112,"w":142,"h":112},
	"sourceSize": {"w":240,"h":240}
},
"characters_xlr8_blue_dash0013.png":
{
	"frame": {"x":436,"y":331,"w":145,"h":113},
	"rotated": false,
	"trimmed": true,
	"spriteSourceSize": {"x":29,"y":111,"w":145,"h":113},
	"sourceSize": {"w":240,"h":240}
},
"characters_xlr8_blue_dash0014.png":
{
	"frame": {"x":282,"y":114,"w":152,"h":113},
	"rotated": false,
	"trimmed": true,
	"spriteSourceSize": {"x":29,"y":111,"w":152,"h":113},
	"sourceSize": {"w":240,"h":240}
},
"characters_xlr8_blue_dash0015.png":
{
	"frame": {"x":130,"y":645,"w":136,"h":113},
	"rotated": false,
	"trimmed": true,
	"spriteSourceSize": {"x":29,"y":111,"w":136,"h":113},
	"sourceSize": {"w":240,"h":240}
},
"characters_xlr8_blue_dash0016.png":
{
	"frame": {"x":550,"y":904,"w":142,"h":112},
	"rotated": false,
	"trimmed": true,
	"spriteSourceSize": {"x":29,"y":112,"w":142,"h":112},
	"sourceSize": {"w":240,"h":240}
},
"characters_xlr8_blue_fall0001.png":
{
	"frame": {"x":2,"y":847,"w":126,"h":128},
	"rotated": false,
	"trimmed": true,
	"spriteSourceSize": {"x":38,"y":95,"w":126,"h":128},
	"sourceSize": {"w":240,"h":240}
},
"characters_xlr8_blue_fall0002.png":
{
	"frame": {"x":2,"y":847,"w":126,"h":128},
	"rotated": false,
	"trimmed": true,
	"spriteSourceSize": {"x":38,"y":95,"w":126,"h":128},
	"sourceSize": {"w":240,"h":240}
},
"characters_xlr8_blue_fall0003.png":
{
	"frame": {"x":564,"y":673,"w":133,"h":117},
	"rotated": false,
	"trimmed": true,
	"spriteSourceSize": {"x":23,"y":106,"w":133,"h":117},
	"sourceSize": {"w":240,"h":240}
},
"characters_xlr8_blue_fall0004.png":
{
	"frame": {"x":564,"y":673,"w":133,"h":117},
	"rotated": false,
	"trimmed": true,
	"spriteSourceSize": {"x":23,"y":106,"w":133,"h":117},
	"sourceSize": {"w":240,"h":240}
},
"characters_xlr8_blue_fall0005.png":
{
	"frame": {"x":699,"y":673,"w":111,"h":94},
	"rotated": false,
	"trimmed": true,
	"spriteSourceSize": {"x":40,"y":129,"w":111,"h":94},
	"sourceSize": {"w":240,"h":240}
},
"characters_xlr8_blue_fall0006.png":
{
	"frame": {"x":699,"y":673,"w":111,"h":94},
	"rotated": false,
	"trimmed": true,
	"spriteSourceSize": {"x":40,"y":129,"w":111,"h":94},
	"sourceSize": {"w":240,"h":240}
},
"characters_xlr8_blue_fall0007.png":
{
	"frame": {"x":130,"y":881,"w":123,"h":94},
	"rotated": false,
	"trimmed": true,
	"spriteSourceSize": {"x":37,"y":129,"w":123,"h":94},
	"sourceSize": {"w":240,"h":240}
},
"characters_xlr8_blue_fall0008.png":
{
	"frame": {"x":130,"y":881,"w":123,"h":94},
	"rotated": false,
	"trimmed": true,
	"spriteSourceSize": {"x":37,"y":129,"w":123,"h":94},
	"sourceSize": {"w":240,"h":240}
},
"characters_xlr8_blue_fall0009.png":
{
	"frame": {"x":703,"y":769,"w":123,"h":87},
	"rotated": false,
	"trimmed": true,
	"spriteSourceSize": {"x":50,"y":136,"w":123,"h":87},
	"sourceSize": {"w":240,"h":240}
},
"characters_xlr8_blue_kick0001.png":
{
	"frame": {"x":693,"y":457,"w":124,"h":117},
	"rotated": false,
	"trimmed": true,
	"spriteSourceSize": {"x":42,"y":107,"w":124,"h":117},
	"sourceSize": {"w":240,"h":240}
},
"characters_xlr8_blue_kick0002.png":
{
	"frame": {"x":2,"y":584,"w":125,"h":130},
	"rotated": false,
	"trimmed": true,
	"spriteSourceSize": {"x":53,"y":94,"w":125,"h":130},
	"sourceSize": {"w":240,"h":240}
},
"characters_xlr8_blue_kick0003.png":
{
	"frame": {"x":2,"y":584,"w":125,"h":130},
	"rotated": false,
	"trimmed": true,
	"spriteSourceSize": {"x":53,"y":94,"w":125,"h":130},
	"sourceSize": {"w":240,"h":240}
},
"characters_xlr8_blue_kick0004.png":
{
	"frame": {"x":2,"y":584,"w":125,"h":130},
	"rotated": false,
	"trimmed": true,
	"spriteSourceSize": {"x":53,"y":94,"w":125,"h":130},
	"sourceSize": {"w":240,"h":240}
},
"characters_xlr8_blue_kick0005.png":
{
	"frame": {"x":694,"y":904,"w":138,"h":112},
	"rotated": false,
	"trimmed": true,
	"spriteSourceSize": {"x":91,"y":112,"w":138,"h":112},
	"sourceSize": {"w":240,"h":240}
},
"characters_xlr8_blue_kick0006.png":
{
	"frame": {"x":694,"y":904,"w":138,"h":112},
	"rotated": false,
	"trimmed": true,
	"spriteSourceSize": {"x":91,"y":112,"w":138,"h":112},
	"sourceSize": {"w":240,"h":240}
},
"characters_xlr8_blue_kick0007.png":
{
	"frame": {"x":834,"y":559,"w":138,"h":112},
	"rotated": false,
	"trimmed": true,
	"spriteSourceSize": {"x":91,"y":112,"w":138,"h":112},
	"sourceSize": {"w":240,"h":240}
},
"characters_xlr8_blue_kick0008.png":
{
	"frame": {"x":249,"y":985,"w":146,"h":113},
	"rotated": false,
	"trimmed": true,
	"spriteSourceSize": {"x":84,"y":111,"w":146,"h":113},
	"sourceSize": {"w":240,"h":240}
},
"characters_xlr8_blue_kick0009.png":
{
	"frame": {"x":436,"y":216,"w":146,"h":113},
	"rotated": false,
	"trimmed": true,
	"spriteSourceSize": {"x":84,"y":111,"w":146,"h":113},
	"sourceSize": {"w":240,"h":240}
},
"characters_xlr8_blue_kick0010.png":
{
	"frame": {"x":436,"y":216,"w":146,"h":113},
	"rotated": false,
	"trimmed": true,
	"spriteSourceSize": {"x":84,"y":111,"w":146,"h":113},
	"sourceSize": {"w":240,"h":240}
},
"characters_xlr8_blue_lose0001.png":
{
	"frame": {"x":2,"y":716,"w":126,"h":129},
	"rotated": false,
	"trimmed": true,
	"spriteSourceSize": {"x":38,"y":95,"w":126,"h":129},
	"sourceSize": {"w":240,"h":240}
},
"characters_xlr8_blue_lose0002.png":
{
	"frame": {"x":2,"y":716,"w":126,"h":129},
	"rotated": false,
	"trimmed": true,
	"spriteSourceSize": {"x":38,"y":95,"w":126,"h":129},
	"sourceSize": {"w":240,"h":240}
},
"characters_xlr8_blue_lose0003.png":
{
	"frame": {"x":699,"y":337,"w":133,"h":118},
	"rotated": false,
	"trimmed": true,
	"spriteSourceSize": {"x":23,"y":106,"w":133,"h":118},
	"sourceSize": {"w":240,"h":240}
},
"characters_xlr8_blue_lose0004.png":
{
	"frame": {"x":699,"y":337,"w":133,"h":118},
	"rotated": false,
	"trimmed": true,
	"spriteSourceSize": {"x":23,"y":106,"w":133,"h":118},
	"sourceSize": {"w":240,"h":240}
},
"characters_xlr8_blue_lose0005.png":
{
	"frame": {"x":688,"y":576,"w":112,"h":95},
	"rotated": false,
	"trimmed": true,
	"spriteSourceSize": {"x":39,"y":129,"w":112,"h":95},
	"sourceSize": {"w":240,"h":240}
},
"characters_xlr8_blue_lose0006.png":
{
	"frame": {"x":688,"y":576,"w":112,"h":95},
	"rotated": false,
	"trimmed": true,
	"spriteSourceSize": {"x":39,"y":129,"w":112,"h":95},
	"sourceSize": {"w":240,"h":240}
},
"characters_xlr8_blue_lose0007.png":
{
	"frame": {"x":563,"y":576,"w":123,"h":95},
	"rotated": false,
	"trimmed": true,
	"spriteSourceSize": {"x":37,"y":129,"w":123,"h":95},
	"sourceSize": {"w":240,"h":240}
},
"characters_xlr8_blue_lose0008.png":
{
	"frame": {"x":563,"y":576,"w":123,"h":95},
	"rotated": false,
	"trimmed": true,
	"spriteSourceSize": {"x":37,"y":129,"w":123,"h":95},
	"sourceSize": {"w":240,"h":240}
},
"characters_xlr8_blue_lose0009.png":
{
	"frame": {"x":834,"y":928,"w":123,"h":88},
	"rotated": false,
	"trimmed": true,
	"spriteSourceSize": {"x":50,"y":136,"w":123,"h":88},
	"sourceSize": {"w":240,"h":240}
},
"characters_xlr8_blue_lose0010.png":
{
	"frame": {"x":834,"y":928,"w":123,"h":88},
	"rotated": false,
	"trimmed": true,
	"spriteSourceSize": {"x":50,"y":136,"w":123,"h":88},
	"sourceSize": {"w":240,"h":240}
},
"characters_xlr8_blue_lose0011.png":
{
	"frame": {"x":834,"y":928,"w":123,"h":88},
	"rotated": false,
	"trimmed": true,
	"spriteSourceSize": {"x":50,"y":136,"w":123,"h":88},
	"sourceSize": {"w":240,"h":240}
},
"characters_xlr8_blue_lose0012.png":
{
	"frame": {"x":834,"y":928,"w":123,"h":88},
	"rotated": false,
	"trimmed": true,
	"spriteSourceSize": {"x":50,"y":136,"w":123,"h":88},
	"sourceSize": {"w":240,"h":240}
},
"characters_xlr8_blue_lose0013.png":
{
	"frame": {"x":834,"y":928,"w":123,"h":88},
	"rotated": false,
	"trimmed": true,
	"spriteSourceSize": {"x":50,"y":136,"w":123,"h":88},
	"sourceSize": {"w":240,"h":240}
},
"characters_xlr8_blue_lose0014.png":
{
	"frame": {"x":834,"y":928,"w":123,"h":88},
	"rotated": false,
	"trimmed": true,
	"spriteSourceSize": {"x":50,"y":136,"w":123,"h":88},
	"sourceSize": {"w":240,"h":240}
},
"characters_xlr8_blue_lose0015.png":
{
	"frame": {"x":834,"y":928,"w":123,"h":88},
	"rotated": false,
	"trimmed": true,
	"spriteSourceSize": {"x":50,"y":136,"w":123,"h":88},
	"sourceSize": {"w":240,"h":240}
},
"characters_xlr8_blue_lose0016.png":
{
	"frame": {"x":834,"y":928,"w":123,"h":88},
	"rotated": false,
	"trimmed": true,
	"spriteSourceSize": {"x":50,"y":136,"w":123,"h":88},
	"sourceSize": {"w":240,"h":240}
},
"characters_xlr8_blue_lose0017.png":
{
	"frame": {"x":834,"y":928,"w":123,"h":88},
	"rotated": false,
	"trimmed": true,
	"spriteSourceSize": {"x":50,"y":136,"w":123,"h":88},
	"sourceSize": {"w":240,"h":240}
},
"characters_xlr8_blue_lose0018.png":
{
	"frame": {"x":834,"y":928,"w":123,"h":88},
	"rotated": false,
	"trimmed": true,
	"spriteSourceSize": {"x":50,"y":136,"w":123,"h":88},
	"sourceSize": {"w":240,"h":240}
},
"characters_xlr8_blue_lose0019.png":
{
	"frame": {"x":834,"y":928,"w":123,"h":88},
	"rotated": false,
	"trimmed": true,
	"spriteSourceSize": {"x":50,"y":136,"w":123,"h":88},
	"sourceSize": {"w":240,"h":240}
},
"characters_xlr8_blue_lose0020.png":
{
	"frame": {"x":834,"y":928,"w":123,"h":88},
	"rotated": false,
	"trimmed": true,
	"spriteSourceSize": {"x":50,"y":136,"w":123,"h":88},
	"sourceSize": {"w":240,"h":240}
},
"characters_xlr8_blue_lose0021.png":
{
	"frame": {"x":834,"y":928,"w":123,"h":88},
	"rotated": false,
	"trimmed": true,
	"spriteSourceSize": {"x":50,"y":136,"w":123,"h":88},
	"sourceSize": {"w":240,"h":240}
},
"characters_xlr8_blue_lose0022.png":
{
	"frame": {"x":834,"y":928,"w":123,"h":88},
	"rotated": false,
	"trimmed": true,
	"spriteSourceSize": {"x":50,"y":136,"w":123,"h":88},
	"sourceSize": {"w":240,"h":240}
},
"characters_xlr8_blue_lose0023.png":
{
	"frame": {"x":834,"y":928,"w":123,"h":88},
	"rotated": false,
	"trimmed": true,
	"spriteSourceSize": {"x":50,"y":136,"w":123,"h":88},
	"sourceSize": {"w":240,"h":240}
},
"characters_xlr8_blue_lose0024.png":
{
	"frame": {"x":834,"y":928,"w":123,"h":88},
	"rotated": false,
	"trimmed": true,
	"spriteSourceSize": {"x":50,"y":136,"w":123,"h":88},
	"sourceSize": {"w":240,"h":240}
},
"characters_xlr8_blue_lose0025.png":
{
	"frame": {"x":834,"y":928,"w":123,"h":88},
	"rotated": false,
	"trimmed": true,
	"spriteSourceSize": {"x":50,"y":136,"w":123,"h":88},
	"sourceSize": {"w":240,"h":240}
},
"characters_xlr8_blue_lose0026.png":
{
	"frame": {"x":834,"y":928,"w":123,"h":88},
	"rotated": false,
	"trimmed": true,
	"spriteSourceSize": {"x":50,"y":136,"w":123,"h":88},
	"sourceSize": {"w":240,"h":240}
},
"characters_xlr8_blue_lose0027.png":
{
	"frame": {"x":834,"y":928,"w":123,"h":88},
	"rotated": false,
	"trimmed": true,
	"spriteSourceSize": {"x":50,"y":136,"w":123,"h":88},
	"sourceSize": {"w":240,"h":240}
},
"characters_xlr8_blue_lose0028.png":
{
	"frame": {"x":834,"y":928,"w":123,"h":88},
	"rotated": false,
	"trimmed": true,
	"spriteSourceSize": {"x":50,"y":136,"w":123,"h":88},
	"sourceSize": {"w":240,"h":240}
},
"characters_xlr8_blue_lose0029.png":
{
	"frame": {"x":834,"y":928,"w":123,"h":88},
	"rotated": false,
	"trimmed": true,
	"spriteSourceSize": {"x":50,"y":136,"w":123,"h":88},
	"sourceSize": {"w":240,"h":240}
},
"characters_xlr8_blue_lose0030.png":
{
	"frame": {"x":834,"y":928,"w":123,"h":88},
	"rotated": false,
	"trimmed": true,
	"spriteSourceSize": {"x":50,"y":136,"w":123,"h":88},
	"sourceSize": {"w":240,"h":240}
},
"characters_xlr8_blue_lose0031.png":
{
	"frame": {"x":834,"y":928,"w":123,"h":88},
	"rotated": false,
	"trimmed": true,
	"spriteSourceSize": {"x":50,"y":136,"w":123,"h":88},
	"sourceSize": {"w":240,"h":240}
},
"characters_xlr8_blue_lose0032.png":
{
	"frame": {"x":834,"y":928,"w":123,"h":88},
	"rotated": false,
	"trimmed": true,
	"spriteSourceSize": {"x":50,"y":136,"w":123,"h":88},
	"sourceSize": {"w":240,"h":240}
},
"characters_xlr8_blue_lose0033.png":
{
	"frame": {"x":834,"y":928,"w":123,"h":88},
	"rotated": false,
	"trimmed": true,
	"spriteSourceSize": {"x":50,"y":136,"w":123,"h":88},
	"sourceSize": {"w":240,"h":240}
},
"characters_xlr8_blue_lose0034.png":
{
	"frame": {"x":834,"y":928,"w":123,"h":88},
	"rotated": false,
	"trimmed": true,
	"spriteSourceSize": {"x":50,"y":136,"w":123,"h":88},
	"sourceSize": {"w":240,"h":240}
},
"characters_xlr8_blue_lose0035.png":
{
	"frame": {"x":834,"y":928,"w":123,"h":88},
	"rotated": false,
	"trimmed": true,
	"spriteSourceSize": {"x":50,"y":136,"w":123,"h":88},
	"sourceSize": {"w":240,"h":240}
},
"characters_xlr8_blue_lose0036.png":
{
	"frame": {"x":834,"y":928,"w":123,"h":88},
	"rotated": false,
	"trimmed": true,
	"spriteSourceSize": {"x":50,"y":136,"w":123,"h":88},
	"sourceSize": {"w":240,"h":240}
},
"characters_xlr8_blue_lose0037.png":
{
	"frame": {"x":834,"y":928,"w":123,"h":88},
	"rotated": false,
	"trimmed": true,
	"spriteSourceSize": {"x":50,"y":136,"w":123,"h":88},
	"sourceSize": {"w":240,"h":240}
},
"characters_xlr8_blue_lose0038.png":
{
	"frame": {"x":834,"y":928,"w":123,"h":88},
	"rotated": false,
	"trimmed": true,
	"spriteSourceSize": {"x":50,"y":136,"w":123,"h":88},
	"sourceSize": {"w":240,"h":240}
},
"characters_xlr8_blue_lose0039.png":
{
	"frame": {"x":834,"y":928,"w":123,"h":88},
	"rotated": false,
	"trimmed": true,
	"spriteSourceSize": {"x":50,"y":136,"w":123,"h":88},
	"sourceSize": {"w":240,"h":240}
},
"characters_xlr8_blue_lose0040.png":
{
	"frame": {"x":834,"y":928,"w":123,"h":88},
	"rotated": false,
	"trimmed": true,
	"spriteSourceSize": {"x":50,"y":136,"w":123,"h":88},
	"sourceSize": {"w":240,"h":240}
},
"characters_xlr8_blue_lose0041.png":
{
	"frame": {"x":834,"y":928,"w":123,"h":88},
	"rotated": false,
	"trimmed": true,
	"spriteSourceSize": {"x":50,"y":136,"w":123,"h":88},
	"sourceSize": {"w":240,"h":240}
},
"characters_xlr8_blue_lose0042.png":
{
	"frame": {"x":834,"y":928,"w":123,"h":88},
	"rotated": false,
	"trimmed": true,
	"spriteSourceSize": {"x":50,"y":136,"w":123,"h":88},
	"sourceSize": {"w":240,"h":240}
},
"characters_xlr8_blue_lose0043.png":
{
	"frame": {"x":834,"y":928,"w":123,"h":88},
	"rotated": false,
	"trimmed": true,
	"spriteSourceSize": {"x":50,"y":136,"w":123,"h":88},
	"sourceSize": {"w":240,"h":240}
},
"characters_xlr8_blue_lose0044.png":
{
	"frame": {"x":834,"y":928,"w":123,"h":88},
	"rotated": false,
	"trimmed": true,
	"spriteSourceSize": {"x":50,"y":136,"w":123,"h":88},
	"sourceSize": {"w":240,"h":240}
},
"characters_xlr8_blue_lose0045.png":
{
	"frame": {"x":834,"y":928,"w":123,"h":88},
	"rotated": false,
	"trimmed": true,
	"spriteSourceSize": {"x":50,"y":136,"w":123,"h":88},
	"sourceSize": {"w":240,"h":240}
},
"characters_xlr8_blue_lose0046.png":
{
	"frame": {"x":834,"y":928,"w":123,"h":88},
	"rotated": false,
	"trimmed": true,
	"spriteSourceSize": {"x":50,"y":136,"w":123,"h":88},
	"sourceSize": {"w":240,"h":240}
},
"characters_xlr8_blue_lose0047.png":
{
	"frame": {"x":834,"y":928,"w":123,"h":88},
	"rotated": false,
	"trimmed": true,
	"spriteSourceSize": {"x":50,"y":136,"w":123,"h":88},
	"sourceSize": {"w":240,"h":240}
},
"characters_xlr8_blue_lose0048.png":
{
	"frame": {"x":834,"y":928,"w":123,"h":88},
	"rotated": false,
	"trimmed": true,
	"spriteSourceSize": {"x":50,"y":136,"w":123,"h":88},
	"sourceSize": {"w":240,"h":240}
},
"characters_xlr8_blue_lose0049.png":
{
	"frame": {"x":834,"y":928,"w":123,"h":88},
	"rotated": false,
	"trimmed": true,
	"spriteSourceSize": {"x":50,"y":136,"w":123,"h":88},
	"sourceSize": {"w":240,"h":240}
},
"characters_xlr8_blue_lose0050.png":
{
	"frame": {"x":834,"y":928,"w":123,"h":88},
	"rotated": false,
	"trimmed": true,
	"spriteSourceSize": {"x":50,"y":136,"w":123,"h":88},
	"sourceSize": {"w":240,"h":240}
},
"characters_xlr8_blue_run0001.png":
{
	"frame": {"x":595,"y":215,"w":145,"h":109},
	"rotated": false,
	"trimmed": true,
	"spriteSourceSize": {"x":30,"y":114,"w":145,"h":109},
	"sourceSize": {"w":240,"h":240}
},
"characters_xlr8_blue_run0002.png":
{
	"frame": {"x":595,"y":215,"w":145,"h":109},
	"rotated": false,
	"trimmed": true,
	"spriteSourceSize": {"x":30,"y":114,"w":145,"h":109},
	"sourceSize": {"w":240,"h":240}
},
"characters_xlr8_blue_run0003.png":
{
	"frame": {"x":601,"y":2,"w":154,"h":108},
	"rotated": false,
	"trimmed": true,
	"spriteSourceSize": {"x":28,"y":115,"w":154,"h":108},
	"sourceSize": {"w":240,"h":240}
},
"characters_xlr8_blue_run0004.png":
{
	"frame": {"x":601,"y":2,"w":154,"h":108},
	"rotated": false,
	"trimmed": true,
	"spriteSourceSize": {"x":28,"y":115,"w":154,"h":108},
	"sourceSize": {"w":240,"h":240}
},
"characters_xlr8_blue_run0005.png":
{
	"frame": {"x":834,"y":337,"w":139,"h":109},
	"rotated": false,
	"trimmed": true,
	"spriteSourceSize": {"x":28,"y":114,"w":139,"h":109},
	"sourceSize": {"w":240,"h":240}
},
"characters_xlr8_blue_run0006.png":
{
	"frame": {"x":834,"y":337,"w":139,"h":109},
	"rotated": false,
	"trimmed": true,
	"spriteSourceSize": {"x":28,"y":114,"w":139,"h":109},
	"sourceSize": {"w":240,"h":240}
},
"characters_xlr8_blue_run0007.png":
{
	"frame": {"x":559,"y":792,"w":142,"h":110},
	"rotated": false,
	"trimmed": true,
	"spriteSourceSize": {"x":29,"y":113,"w":142,"h":110},
	"sourceSize": {"w":240,"h":240}
},
"characters_xlr8_blue_run0008.png":
{
	"frame": {"x":559,"y":792,"w":142,"h":110},
	"rotated": false,
	"trimmed": true,
	"spriteSourceSize": {"x":29,"y":113,"w":142,"h":110},
	"sourceSize": {"w":240,"h":240}
},
"characters_xlr8_blue_run0009.png":
{
	"frame": {"x":742,"y":224,"w":145,"h":111},
	"rotated": false,
	"trimmed": true,
	"spriteSourceSize": {"x":29,"y":112,"w":145,"h":111},
	"sourceSize": {"w":240,"h":240}
},
"characters_xlr8_blue_run0010.png":
{
	"frame": {"x":742,"y":224,"w":145,"h":111},
	"rotated": false,
	"trimmed": true,
	"spriteSourceSize": {"x":29,"y":112,"w":145,"h":111},
	"sourceSize": {"w":240,"h":240}
},
"characters_xlr8_blue_run0011.png":
{
	"frame": {"x":272,"y":343,"w":150,"h":111},
	"rotated": false,
	"trimmed": true,
	"spriteSourceSize": {"x":30,"y":112,"w":150,"h":111},
	"sourceSize": {"w":240,"h":240}
},
"characters_xlr8_blue_run0012.png":
{
	"frame": {"x":272,"y":343,"w":150,"h":111},
	"rotated": false,
	"trimmed": true,
	"spriteSourceSize": {"x":30,"y":112,"w":150,"h":111},
	"sourceSize": {"w":240,"h":240}
},
"characters_xlr8_blue_run0013.png":
{
	"frame": {"x":538,"y":1018,"w":135,"h":111},
	"rotated": false,
	"trimmed": true,
	"spriteSourceSize": {"x":29,"y":112,"w":135,"h":111},
	"sourceSize": {"w":240,"h":240}
},
"characters_xlr8_blue_run0014.png":
{
	"frame": {"x":538,"y":1018,"w":135,"h":111},
	"rotated": false,
	"trimmed": true,
	"spriteSourceSize": {"x":29,"y":112,"w":135,"h":111},
	"sourceSize": {"w":240,"h":240}
},
"characters_xlr8_blue_run0015.png":
{
	"frame": {"x":811,"y":1018,"w":141,"h":110},
	"rotated": false,
	"trimmed": true,
	"spriteSourceSize": {"x":30,"y":113,"w":141,"h":110},
	"sourceSize": {"w":240,"h":240}
},
"characters_xlr8_blue_run0016.png":
{
	"frame": {"x":811,"y":1018,"w":141,"h":110},
	"rotated": false,
	"trimmed": true,
	"spriteSourceSize": {"x":30,"y":113,"w":141,"h":110},
	"sourceSize": {"w":240,"h":240}
},
"characters_xlr8_blue_stand0001.png":
{
	"frame": {"x":129,"y":527,"w":137,"h":116},
	"rotated": false,
	"trimmed": true,
	"spriteSourceSize": {"x":44,"y":107,"w":137,"h":116},
	"sourceSize": {"w":240,"h":240}
},
"characters_xlr8_blue_stand0002.png":
{
	"frame": {"x":129,"y":527,"w":137,"h":116},
	"rotated": false,
	"trimmed": true,
	"spriteSourceSize": {"x":44,"y":107,"w":137,"h":116},
	"sourceSize": {"w":240,"h":240}
},
"characters_xlr8_blue_stand0003.png":
{
	"frame": {"x":129,"y":527,"w":137,"h":116},
	"rotated": false,
	"trimmed": true,
	"spriteSourceSize": {"x":44,"y":107,"w":137,"h":116},
	"sourceSize": {"w":240,"h":240}
},
"characters_xlr8_blue_stand0004.png":
{
	"frame": {"x":129,"y":527,"w":137,"h":116},
	"rotated": false,
	"trimmed": true,
	"spriteSourceSize": {"x":44,"y":107,"w":137,"h":116},
	"sourceSize": {"w":240,"h":240}
},
"characters_xlr8_blue_stand0005.png":
{
	"frame": {"x":129,"y":527,"w":137,"h":116},
	"rotated": false,
	"trimmed": true,
	"spriteSourceSize": {"x":44,"y":107,"w":137,"h":116},
	"sourceSize": {"w":240,"h":240}
},
"characters_xlr8_blue_stand0006.png":
{
	"frame": {"x":129,"y":527,"w":137,"h":116},
	"rotated": false,
	"trimmed": true,
	"spriteSourceSize": {"x":44,"y":107,"w":137,"h":116},
	"sourceSize": {"w":240,"h":240}
},
"characters_xlr8_blue_stand0007.png":
{
	"frame": {"x":129,"y":527,"w":137,"h":116},
	"rotated": false,
	"trimmed": true,
	"spriteSourceSize": {"x":44,"y":107,"w":137,"h":116},
	"sourceSize": {"w":240,"h":240}
},
"characters_xlr8_blue_stand0008.png":
{
	"frame": {"x":424,"y":446,"w":145,"h":114},
	"rotated": false,
	"trimmed": true,
	"spriteSourceSize": {"x":40,"y":109,"w":145,"h":114},
	"sourceSize": {"w":240,"h":240}
},
"characters_xlr8_blue_stand0009.png":
{
	"frame": {"x":424,"y":446,"w":145,"h":114},
	"rotated": false,
	"trimmed": true,
	"spriteSourceSize": {"x":40,"y":109,"w":145,"h":114},
	"sourceSize": {"w":240,"h":240}
},
"characters_xlr8_blue_stand0010.png":
{
	"frame": {"x":424,"y":446,"w":145,"h":114},
	"rotated": false,
	"trimmed": true,
	"spriteSourceSize": {"x":40,"y":109,"w":145,"h":114},
	"sourceSize": {"w":240,"h":240}
},
"characters_xlr8_blue_stand0011.png":
{
	"frame": {"x":424,"y":446,"w":145,"h":114},
	"rotated": false,
	"trimmed": true,
	"spriteSourceSize": {"x":40,"y":109,"w":145,"h":114},
	"sourceSize": {"w":240,"h":240}
},
"characters_xlr8_blue_tackle0001.png":
{
	"frame": {"x":138,"y":977,"w":109,"h":136},
	"rotated": false,
	"trimmed": true,
	"spriteSourceSize": {"x":41,"y":88,"w":109,"h":136},
	"sourceSize": {"w":240,"h":240}
},
"characters_xlr8_blue_tackle0002.png":
{
	"frame": {"x":138,"y":977,"w":109,"h":136},
	"rotated": false,
	"trimmed": true,
	"spriteSourceSize": {"x":41,"y":88,"w":109,"h":136},
	"sourceSize": {"w":240,"h":240}
},
"characters_xlr8_blue_tackle0003.png":
{
	"frame": {"x":2,"y":977,"w":134,"h":120},
	"rotated": false,
	"trimmed": true,
	"spriteSourceSize": {"x":32,"y":104,"w":134,"h":120},
	"sourceSize": {"w":240,"h":240}
},
"characters_xlr8_blue_tackle0004.png":
{
	"frame": {"x":2,"y":977,"w":134,"h":120},
	"rotated": false,
	"trimmed": true,
	"spriteSourceSize": {"x":32,"y":104,"w":134,"h":120},
	"sourceSize": {"w":240,"h":240}
},
"characters_xlr8_blue_tackle0005.png":
{
	"frame": {"x":271,"y":456,"w":149,"h":102},
	"rotated": false,
	"trimmed": true,
	"spriteSourceSize": {"x":51,"y":122,"w":149,"h":102},
	"sourceSize": {"w":240,"h":240}
},
"characters_xlr8_blue_tackle0006.png":
{
	"frame": {"x":271,"y":456,"w":149,"h":102},
	"rotated": false,
	"trimmed": true,
	"spriteSourceSize": {"x":51,"y":122,"w":149,"h":102},
	"sourceSize": {"w":240,"h":240}
},
"characters_xlr8_blue_tackle0007.png":
{
	"frame": {"x":268,"y":560,"w":149,"h":102},
	"rotated": false,
	"trimmed": true,
	"spriteSourceSize": {"x":54,"y":122,"w":149,"h":102},
	"sourceSize": {"w":240,"h":240}
},
"characters_xlr8_blue_tackle0008.png":
{
	"frame": {"x":268,"y":560,"w":149,"h":102},
	"rotated": false,
	"trimmed": true,
	"spriteSourceSize": {"x":54,"y":122,"w":149,"h":102},
	"sourceSize": {"w":240,"h":240}
},
"characters_xlr8_blue_tackle0009.png":
{
	"frame": {"x":268,"y":664,"w":149,"h":102},
	"rotated": false,
	"trimmed": true,
	"spriteSourceSize": {"x":58,"y":122,"w":149,"h":102},
	"sourceSize": {"w":240,"h":240}
},
"characters_xlr8_blue_tackle0010.png":
{
	"frame": {"x":268,"y":664,"w":149,"h":102},
	"rotated": false,
	"trimmed": true,
	"spriteSourceSize": {"x":58,"y":122,"w":149,"h":102},
	"sourceSize": {"w":240,"h":240}
},
"characters_xlr8_blue_tackle0011.png":
{
	"frame": {"x":255,"y":881,"w":149,"h":102},
	"rotated": false,
	"trimmed": true,
	"spriteSourceSize": {"x":61,"y":122,"w":149,"h":102},
	"sourceSize": {"w":240,"h":240}
},
"characters_xlr8_blue_tackle0012.png":
{
	"frame": {"x":255,"y":881,"w":149,"h":102},
	"rotated": false,
	"trimmed": true,
	"spriteSourceSize": {"x":61,"y":122,"w":149,"h":102},
	"sourceSize": {"w":240,"h":240}
},
"characters_xlr8_blue_tackle0013.png":
{
	"frame": {"x":444,"y":112,"w":149,"h":102},
	"rotated": false,
	"trimmed": true,
	"spriteSourceSize": {"x":61,"y":122,"w":149,"h":102},
	"sourceSize": {"w":240,"h":240}
},
"characters_xlr8_blue_tackle_up0001.png":
{
	"frame": {"x":595,"y":112,"w":149,"h":101},
	"rotated": false,
	"trimmed": true,
	"spriteSourceSize": {"x":31,"y":122,"w":149,"h":101},
	"sourceSize": {"w":240,"h":240}
},
"characters_xlr8_blue_tackle_up0002.png":
{
	"frame": {"x":595,"y":112,"w":149,"h":101},
	"rotated": false,
	"trimmed": true,
	"spriteSourceSize": {"x":31,"y":122,"w":149,"h":101},
	"sourceSize": {"w":240,"h":240}
},
"characters_xlr8_blue_tackle_up0003.png":
{
	"frame": {"x":130,"y":760,"w":134,"h":119},
	"rotated": false,
	"trimmed": true,
	"spriteSourceSize": {"x":2,"y":104,"w":134,"h":119},
	"sourceSize": {"w":240,"h":240}
},
"characters_xlr8_blue_tackle_up0004.png":
{
	"frame": {"x":130,"y":760,"w":134,"h":119},
	"rotated": false,
	"trimmed": true,
	"spriteSourceSize": {"x":2,"y":104,"w":134,"h":119},
	"sourceSize": {"w":240,"h":240}
},
"characters_xlr8_blue_tackle_up0005.png":
{
	"frame": {"x":834,"y":791,"w":109,"h":135},
	"rotated": false,
	"trimmed": true,
	"spriteSourceSize": {"x":11,"y":88,"w":109,"h":135},
	"sourceSize": {"w":240,"h":240}
},
"characters_xlr8_blue_tackle_up0006.png":
{
	"frame": {"x":834,"y":791,"w":109,"h":135},
	"rotated": false,
	"trimmed": true,
	"spriteSourceSize": {"x":11,"y":88,"w":109,"h":135},
	"sourceSize": {"w":240,"h":240}
}},
"meta": {
	"app": "http://www.codeandweb.com/texturepacker",
	"version": "1.0",
	"image": "xlr8_blue.png",
	"format": "RGBA8888",
	"size": {"w":975,"h":1131},
	"scale": "1",
	"smartupdate": "$TexturePacker:SmartUpdate:ca5be23a8c6c316fba366919514a27de:00ddb5ad27f911cbe139da655bb7c096:5ff2425b9993252d0749fee13db19ff1$"
}
}
