{"frames": {

"characters_xlr8_celebrate0001.png":
{
	"frame": {"x":266,"y":872,"w":135,"h":117},
	"rotated": false,
	"trimmed": true,
	"spriteSourceSize": {"x":39,"y":106,"w":135,"h":117},
	"sourceSize": {"w":240,"h":240}
},
"characters_xlr8_celebrate0002.png":
{
	"frame": {"x":266,"y":872,"w":135,"h":117},
	"rotated": false,
	"trimmed": true,
	"spriteSourceSize": {"x":39,"y":106,"w":135,"h":117},
	"sourceSize": {"w":240,"h":240}
},
"characters_xlr8_celebrate0003.png":
{
	"frame": {"x":143,"y":413,"w":127,"h":113},
	"rotated": false,
	"trimmed": true,
	"spriteSourceSize": {"x":46,"y":110,"w":127,"h":113},
	"sourceSize": {"w":240,"h":240}
},
"characters_xlr8_celebrate0004.png":
{
	"frame": {"x":143,"y":413,"w":127,"h":113},
	"rotated": false,
	"trimmed": true,
	"spriteSourceSize": {"x":46,"y":110,"w":127,"h":113},
	"sourceSize": {"w":240,"h":240}
},
"characters_xlr8_celebrate0005.png":
{
	"frame": {"x":138,"y":975,"w":120,"h":119},
	"rotated": false,
	"trimmed": true,
	"spriteSourceSize": {"x":51,"y":104,"w":120,"h":119},
	"sourceSize": {"w":240,"h":240}
},
"characters_xlr8_celebrate0006.png":
{
	"frame": {"x":138,"y":975,"w":120,"h":119},
	"rotated": false,
	"trimmed": true,
	"spriteSourceSize": {"x":51,"y":104,"w":120,"h":119},
	"sourceSize": {"w":240,"h":240}
},
"characters_xlr8_celebrate0007.png":
{
	"frame": {"x":138,"y":975,"w":120,"h":119},
	"rotated": false,
	"trimmed": true,
	"spriteSourceSize": {"x":51,"y":104,"w":120,"h":119},
	"sourceSize": {"w":240,"h":240}
},
"characters_xlr8_celebrate0008.png":
{
	"frame": {"x":2,"y":440,"w":122,"h":145},
	"rotated": false,
	"trimmed": true,
	"spriteSourceSize": {"x":44,"y":78,"w":122,"h":145},
	"sourceSize": {"w":240,"h":240}
},
"characters_xlr8_celebrate0009.png":
{
	"frame": {"x":2,"y":440,"w":122,"h":145},
	"rotated": false,
	"trimmed": true,
	"spriteSourceSize": {"x":44,"y":78,"w":122,"h":145},
	"sourceSize": {"w":240,"h":240}
},
"characters_xlr8_celebrate0010.png":
{
	"frame": {"x":143,"y":279,"w":128,"h":132},
	"rotated": false,
	"trimmed": true,
	"spriteSourceSize": {"x":41,"y":91,"w":128,"h":132},
	"sourceSize": {"w":240,"h":240}
},
"characters_xlr8_celebrate0011.png":
{
	"frame": {"x":143,"y":279,"w":128,"h":132},
	"rotated": false,
	"trimmed": true,
	"spriteSourceSize": {"x":41,"y":91,"w":128,"h":132},
	"sourceSize": {"w":240,"h":240}
},
"characters_xlr8_celebrate0012.png":
{
	"frame": {"x":143,"y":279,"w":128,"h":132},
	"rotated": false,
	"trimmed": true,
	"spriteSourceSize": {"x":41,"y":91,"w":128,"h":132},
	"sourceSize": {"w":240,"h":240}
},
"characters_xlr8_celebrate0013.png":
{
	"frame": {"x":143,"y":279,"w":128,"h":132},
	"rotated": false,
	"trimmed": true,
	"spriteSourceSize": {"x":41,"y":91,"w":128,"h":132},
	"sourceSize": {"w":240,"h":240}
},
"characters_xlr8_celebrate0014.png":
{
	"frame": {"x":143,"y":279,"w":128,"h":132},
	"rotated": false,
	"trimmed": true,
	"spriteSourceSize": {"x":41,"y":91,"w":128,"h":132},
	"sourceSize": {"w":240,"h":240}
},
"characters_xlr8_celebrate0015.png":
{
	"frame": {"x":143,"y":279,"w":128,"h":132},
	"rotated": false,
	"trimmed": true,
	"spriteSourceSize": {"x":41,"y":91,"w":128,"h":132},
	"sourceSize": {"w":240,"h":240}
},
"characters_xlr8_celebrate0016.png":
{
	"frame": {"x":717,"y":445,"w":140,"h":116},
	"rotated": false,
	"trimmed": true,
	"spriteSourceSize": {"x":44,"y":107,"w":140,"h":116},
	"sourceSize": {"w":240,"h":240}
},
"characters_xlr8_celebrate0017.png":
{
	"frame": {"x":717,"y":445,"w":140,"h":116},
	"rotated": false,
	"trimmed": true,
	"spriteSourceSize": {"x":44,"y":107,"w":140,"h":116},
	"sourceSize": {"w":240,"h":240}
},
"characters_xlr8_celebrate0018.png":
{
	"frame": {"x":721,"y":336,"w":146,"h":107},
	"rotated": false,
	"trimmed": true,
	"spriteSourceSize": {"x":38,"y":116,"w":146,"h":107},
	"sourceSize": {"w":240,"h":240}
},
"characters_xlr8_celebrate0019.png":
{
	"frame": {"x":721,"y":336,"w":146,"h":107},
	"rotated": false,
	"trimmed": true,
	"spriteSourceSize": {"x":38,"y":116,"w":146,"h":107},
	"sourceSize": {"w":240,"h":240}
},
"characters_xlr8_celebrate0020.png":
{
	"frame": {"x":284,"y":114,"w":156,"h":108},
	"rotated": false,
	"trimmed": true,
	"spriteSourceSize": {"x":36,"y":115,"w":156,"h":108},
	"sourceSize": {"w":240,"h":240}
},
"characters_xlr8_celebrate0021.png":
{
	"frame": {"x":284,"y":114,"w":156,"h":108},
	"rotated": false,
	"trimmed": true,
	"spriteSourceSize": {"x":36,"y":115,"w":156,"h":108},
	"sourceSize": {"w":240,"h":240}
},
"characters_xlr8_celebrate0022.png":
{
	"frame": {"x":410,"y":784,"w":138,"h":108},
	"rotated": false,
	"trimmed": true,
	"spriteSourceSize": {"x":36,"y":115,"w":138,"h":108},
	"sourceSize": {"w":240,"h":240}
},
"characters_xlr8_celebrate0023.png":
{
	"frame": {"x":410,"y":784,"w":138,"h":108},
	"rotated": false,
	"trimmed": true,
	"spriteSourceSize": {"x":36,"y":115,"w":138,"h":108},
	"sourceSize": {"w":240,"h":240}
},
"characters_xlr8_celebrate0024.png":
{
	"frame": {"x":419,"y":558,"w":143,"h":110},
	"rotated": false,
	"trimmed": true,
	"spriteSourceSize": {"x":37,"y":113,"w":143,"h":110},
	"sourceSize": {"w":240,"h":240}
},
"characters_xlr8_celebrate0025.png":
{
	"frame": {"x":419,"y":558,"w":143,"h":110},
	"rotated": false,
	"trimmed": true,
	"spriteSourceSize": {"x":37,"y":113,"w":143,"h":110},
	"sourceSize": {"w":240,"h":240}
},
"characters_xlr8_celebrate0026.png":
{
	"frame": {"x":574,"y":332,"w":145,"h":111},
	"rotated": false,
	"trimmed": true,
	"spriteSourceSize": {"x":38,"y":112,"w":145,"h":111},
	"sourceSize": {"w":240,"h":240}
},
"characters_xlr8_celebrate0027.png":
{
	"frame": {"x":574,"y":332,"w":145,"h":111},
	"rotated": false,
	"trimmed": true,
	"spriteSourceSize": {"x":38,"y":112,"w":145,"h":111},
	"sourceSize": {"w":240,"h":240}
},
"characters_xlr8_celebrate0028.png":
{
	"frame": {"x":600,"y":2,"w":151,"h":112},
	"rotated": false,
	"trimmed": true,
	"spriteSourceSize": {"x":38,"y":111,"w":151,"h":112},
	"sourceSize": {"w":240,"h":240}
},
"characters_xlr8_celebrate0029.png":
{
	"frame": {"x":600,"y":2,"w":151,"h":112},
	"rotated": false,
	"trimmed": true,
	"spriteSourceSize": {"x":38,"y":111,"w":151,"h":112},
	"sourceSize": {"w":240,"h":240}
},
"characters_xlr8_celebrate0030.png":
{
	"frame": {"x":540,"y":898,"w":134,"h":111},
	"rotated": false,
	"trimmed": true,
	"spriteSourceSize": {"x":37,"y":112,"w":134,"h":111},
	"sourceSize": {"w":240,"h":240}
},
"characters_xlr8_celebrate0031.png":
{
	"frame": {"x":540,"y":898,"w":134,"h":111},
	"rotated": false,
	"trimmed": true,
	"spriteSourceSize": {"x":37,"y":112,"w":134,"h":111},
	"sourceSize": {"w":240,"h":240}
},
"characters_xlr8_celebrate0032.png":
{
	"frame": {"x":564,"y":561,"w":142,"h":109},
	"rotated": false,
	"trimmed": true,
	"spriteSourceSize": {"x":38,"y":114,"w":142,"h":109},
	"sourceSize": {"w":240,"h":240}
},
"characters_xlr8_celebrate0033.png":
{
	"frame": {"x":564,"y":561,"w":142,"h":109},
	"rotated": false,
	"trimmed": true,
	"spriteSourceSize": {"x":38,"y":114,"w":142,"h":109},
	"sourceSize": {"w":240,"h":240}
},
"characters_xlr8_celebrate0034.png":
{
	"frame": {"x":721,"y":336,"w":146,"h":107},
	"rotated": false,
	"trimmed": true,
	"spriteSourceSize": {"x":38,"y":116,"w":146,"h":107},
	"sourceSize": {"w":240,"h":240}
},
"characters_xlr8_celebrate0035.png":
{
	"frame": {"x":721,"y":336,"w":146,"h":107},
	"rotated": false,
	"trimmed": true,
	"spriteSourceSize": {"x":38,"y":116,"w":146,"h":107},
	"sourceSize": {"w":240,"h":240}
},
"characters_xlr8_celebrate0036.png":
{
	"frame": {"x":284,"y":114,"w":156,"h":108},
	"rotated": false,
	"trimmed": true,
	"spriteSourceSize": {"x":36,"y":115,"w":156,"h":108},
	"sourceSize": {"w":240,"h":240}
},
"characters_xlr8_celebrate0037.png":
{
	"frame": {"x":284,"y":114,"w":156,"h":108},
	"rotated": false,
	"trimmed": true,
	"spriteSourceSize": {"x":36,"y":115,"w":156,"h":108},
	"sourceSize": {"w":240,"h":240}
},
"characters_xlr8_celebrate0038.png":
{
	"frame": {"x":410,"y":784,"w":138,"h":108},
	"rotated": false,
	"trimmed": true,
	"spriteSourceSize": {"x":36,"y":115,"w":138,"h":108},
	"sourceSize": {"w":240,"h":240}
},
"characters_xlr8_celebrate0039.png":
{
	"frame": {"x":410,"y":784,"w":138,"h":108},
	"rotated": false,
	"trimmed": true,
	"spriteSourceSize": {"x":36,"y":115,"w":138,"h":108},
	"sourceSize": {"w":240,"h":240}
},
"characters_xlr8_celebrate0040.png":
{
	"frame": {"x":419,"y":558,"w":143,"h":110},
	"rotated": false,
	"trimmed": true,
	"spriteSourceSize": {"x":37,"y":113,"w":143,"h":110},
	"sourceSize": {"w":240,"h":240}
},
"characters_xlr8_celebrate0041.png":
{
	"frame": {"x":419,"y":558,"w":143,"h":110},
	"rotated": false,
	"trimmed": true,
	"spriteSourceSize": {"x":37,"y":113,"w":143,"h":110},
	"sourceSize": {"w":240,"h":240}
},
"characters_xlr8_celebrate0042.png":
{
	"frame": {"x":574,"y":332,"w":145,"h":111},
	"rotated": false,
	"trimmed": true,
	"spriteSourceSize": {"x":38,"y":112,"w":145,"h":111},
	"sourceSize": {"w":240,"h":240}
},
"characters_xlr8_celebrate0043.png":
{
	"frame": {"x":574,"y":332,"w":145,"h":111},
	"rotated": false,
	"trimmed": true,
	"spriteSourceSize": {"x":38,"y":112,"w":145,"h":111},
	"sourceSize": {"w":240,"h":240}
},
"characters_xlr8_celebrate0044.png":
{
	"frame": {"x":600,"y":2,"w":151,"h":112},
	"rotated": false,
	"trimmed": true,
	"spriteSourceSize": {"x":38,"y":111,"w":151,"h":112},
	"sourceSize": {"w":240,"h":240}
},
"characters_xlr8_celebrate0045.png":
{
	"frame": {"x":600,"y":2,"w":151,"h":112},
	"rotated": false,
	"trimmed": true,
	"spriteSourceSize": {"x":38,"y":111,"w":151,"h":112},
	"sourceSize": {"w":240,"h":240}
},
"characters_xlr8_celebrate0046.png":
{
	"frame": {"x":540,"y":898,"w":134,"h":111},
	"rotated": false,
	"trimmed": true,
	"spriteSourceSize": {"x":37,"y":112,"w":134,"h":111},
	"sourceSize": {"w":240,"h":240}
},
"characters_xlr8_celebrate0047.png":
{
	"frame": {"x":540,"y":898,"w":134,"h":111},
	"rotated": false,
	"trimmed": true,
	"spriteSourceSize": {"x":37,"y":112,"w":134,"h":111},
	"sourceSize": {"w":240,"h":240}
},
"characters_xlr8_celebrate0048.png":
{
	"frame": {"x":564,"y":561,"w":142,"h":109},
	"rotated": false,
	"trimmed": true,
	"spriteSourceSize": {"x":38,"y":114,"w":142,"h":109},
	"sourceSize": {"w":240,"h":240}
},
"characters_xlr8_celebrate0049.png":
{
	"frame": {"x":564,"y":561,"w":142,"h":109},
	"rotated": false,
	"trimmed": true,
	"spriteSourceSize": {"x":38,"y":114,"w":142,"h":109},
	"sourceSize": {"w":240,"h":240}
},
"characters_xlr8_celebrate0050.png":
{
	"frame": {"x":717,"y":445,"w":140,"h":116},
	"rotated": false,
	"trimmed": true,
	"spriteSourceSize": {"x":44,"y":107,"w":140,"h":116},
	"sourceSize": {"w":240,"h":240}
},
"characters_xlr8_celebrate0051.png":
{
	"frame": {"x":717,"y":445,"w":140,"h":116},
	"rotated": false,
	"trimmed": true,
	"spriteSourceSize": {"x":44,"y":107,"w":140,"h":116},
	"sourceSize": {"w":240,"h":240}
},
"characters_xlr8_celebrate0052.png":
{
	"frame": {"x":143,"y":145,"w":139,"h":132},
	"rotated": false,
	"trimmed": true,
	"spriteSourceSize": {"x":40,"y":91,"w":139,"h":132},
	"sourceSize": {"w":240,"h":240}
},
"characters_xlr8_celebrate0053.png":
{
	"frame": {"x":143,"y":145,"w":139,"h":132},
	"rotated": false,
	"trimmed": true,
	"spriteSourceSize": {"x":40,"y":91,"w":139,"h":132},
	"sourceSize": {"w":240,"h":240}
},
"characters_xlr8_celebrate0054.png":
{
	"frame": {"x":143,"y":2,"w":139,"h":141},
	"rotated": false,
	"trimmed": true,
	"spriteSourceSize": {"x":40,"y":82,"w":139,"h":141},
	"sourceSize": {"w":240,"h":240}
},
"characters_xlr8_celebrate0055.png":
{
	"frame": {"x":143,"y":2,"w":139,"h":141},
	"rotated": false,
	"trimmed": true,
	"spriteSourceSize": {"x":40,"y":82,"w":139,"h":141},
	"sourceSize": {"w":240,"h":240}
},
"characters_xlr8_celebrate0056.png":
{
	"frame": {"x":2,"y":2,"w":139,"h":147},
	"rotated": false,
	"trimmed": true,
	"spriteSourceSize": {"x":40,"y":76,"w":139,"h":147},
	"sourceSize": {"w":240,"h":240}
},
"characters_xlr8_celebrate0057.png":
{
	"frame": {"x":2,"y":2,"w":139,"h":147},
	"rotated": false,
	"trimmed": true,
	"spriteSourceSize": {"x":40,"y":76,"w":139,"h":147},
	"sourceSize": {"w":240,"h":240}
},
"characters_xlr8_celebrate0058.png":
{
	"frame": {"x":2,"y":151,"w":139,"h":144},
	"rotated": false,
	"trimmed": true,
	"spriteSourceSize": {"x":40,"y":79,"w":139,"h":144},
	"sourceSize": {"w":240,"h":240}
},
"characters_xlr8_celebrate0059.png":
{
	"frame": {"x":2,"y":151,"w":139,"h":144},
	"rotated": false,
	"trimmed": true,
	"spriteSourceSize": {"x":40,"y":79,"w":139,"h":144},
	"sourceSize": {"w":240,"h":240}
},
"characters_xlr8_celebrate0060.png":
{
	"frame": {"x":2,"y":297,"w":139,"h":141},
	"rotated": false,
	"trimmed": true,
	"spriteSourceSize": {"x":40,"y":82,"w":139,"h":141},
	"sourceSize": {"w":240,"h":240}
},
"characters_xlr8_celebrate0061.png":
{
	"frame": {"x":2,"y":297,"w":139,"h":141},
	"rotated": false,
	"trimmed": true,
	"spriteSourceSize": {"x":40,"y":82,"w":139,"h":141},
	"sourceSize": {"w":240,"h":240}
},
"characters_xlr8_celebrate0062.png":
{
	"frame": {"x":2,"y":151,"w":139,"h":144},
	"rotated": false,
	"trimmed": true,
	"spriteSourceSize": {"x":40,"y":79,"w":139,"h":144},
	"sourceSize": {"w":240,"h":240}
},
"characters_xlr8_celebrate0063.png":
{
	"frame": {"x":2,"y":151,"w":139,"h":144},
	"rotated": false,
	"trimmed": true,
	"spriteSourceSize": {"x":40,"y":79,"w":139,"h":144},
	"sourceSize": {"w":240,"h":240}
},
"characters_xlr8_celebrate0064.png":
{
	"frame": {"x":2,"y":2,"w":139,"h":147},
	"rotated": false,
	"trimmed": true,
	"spriteSourceSize": {"x":40,"y":76,"w":139,"h":147},
	"sourceSize": {"w":240,"h":240}
},
"characters_xlr8_celebrate0065.png":
{
	"frame": {"x":2,"y":2,"w":139,"h":147},
	"rotated": false,
	"trimmed": true,
	"spriteSourceSize": {"x":40,"y":76,"w":139,"h":147},
	"sourceSize": {"w":240,"h":240}
},
"characters_xlr8_celebrate0066.png":
{
	"frame": {"x":2,"y":297,"w":139,"h":141},
	"rotated": false,
	"trimmed": true,
	"spriteSourceSize": {"x":40,"y":82,"w":139,"h":141},
	"sourceSize": {"w":240,"h":240}
},
"characters_xlr8_celebrate0067.png":
{
	"frame": {"x":2,"y":297,"w":139,"h":141},
	"rotated": false,
	"trimmed": true,
	"spriteSourceSize": {"x":40,"y":82,"w":139,"h":141},
	"sourceSize": {"w":240,"h":240}
},
"characters_xlr8_celebrate0068.png":
{
	"frame": {"x":2,"y":151,"w":139,"h":144},
	"rotated": false,
	"trimmed": true,
	"spriteSourceSize": {"x":40,"y":79,"w":139,"h":144},
	"sourceSize": {"w":240,"h":240}
},
"characters_xlr8_celebrate0069.png":
{
	"frame": {"x":2,"y":151,"w":139,"h":144},
	"rotated": false,
	"trimmed": true,
	"spriteSourceSize": {"x":40,"y":79,"w":139,"h":144},
	"sourceSize": {"w":240,"h":240}
},
"characters_xlr8_celebrate0070.png":
{
	"frame": {"x":2,"y":2,"w":139,"h":147},
	"rotated": false,
	"trimmed": true,
	"spriteSourceSize": {"x":40,"y":76,"w":139,"h":147},
	"sourceSize": {"w":240,"h":240}
},
"characters_xlr8_celebrate0071.png":
{
	"frame": {"x":2,"y":2,"w":139,"h":147},
	"rotated": false,
	"trimmed": true,
	"spriteSourceSize": {"x":40,"y":76,"w":139,"h":147},
	"sourceSize": {"w":240,"h":240}
},
"characters_xlr8_celebrate0072.png":
{
	"frame": {"x":2,"y":2,"w":139,"h":147},
	"rotated": false,
	"trimmed": true,
	"spriteSourceSize": {"x":40,"y":76,"w":139,"h":147},
	"sourceSize": {"w":240,"h":240}
},
"characters_xlr8_celebrate0073.png":
{
	"frame": {"x":2,"y":2,"w":139,"h":147},
	"rotated": false,
	"trimmed": true,
	"spriteSourceSize": {"x":40,"y":76,"w":139,"h":147},
	"sourceSize": {"w":240,"h":240}
},
"characters_xlr8_celebrate0074.png":
{
	"frame": {"x":2,"y":2,"w":139,"h":147},
	"rotated": false,
	"trimmed": true,
	"spriteSourceSize": {"x":40,"y":76,"w":139,"h":147},
	"sourceSize": {"w":240,"h":240}
},
"characters_xlr8_celebrate0075.png":
{
	"frame": {"x":2,"y":2,"w":139,"h":147},
	"rotated": false,
	"trimmed": true,
	"spriteSourceSize": {"x":40,"y":76,"w":139,"h":147},
	"sourceSize": {"w":240,"h":240}
},
"characters_xlr8_celebrate0076.png":
{
	"frame": {"x":2,"y":2,"w":139,"h":147},
	"rotated": false,
	"trimmed": true,
	"spriteSourceSize": {"x":40,"y":76,"w":139,"h":147},
	"sourceSize": {"w":240,"h":240}
},
"characters_xlr8_celebrate0077.png":
{
	"frame": {"x":2,"y":2,"w":139,"h":147},
	"rotated": false,
	"trimmed": true,
	"spriteSourceSize": {"x":40,"y":76,"w":139,"h":147},
	"sourceSize": {"w":240,"h":240}
},
"characters_xlr8_celebrate0078.png":
{
	"frame": {"x":2,"y":2,"w":139,"h":147},
	"rotated": false,
	"trimmed": true,
	"spriteSourceSize": {"x":40,"y":76,"w":139,"h":147},
	"sourceSize": {"w":240,"h":240}
},
"characters_xlr8_celebrate0079.png":
{
	"frame": {"x":2,"y":2,"w":139,"h":147},
	"rotated": false,
	"trimmed": true,
	"spriteSourceSize": {"x":40,"y":76,"w":139,"h":147},
	"sourceSize": {"w":240,"h":240}
},
"characters_xlr8_celebrate0080.png":
{
	"frame": {"x":2,"y":2,"w":139,"h":147},
	"rotated": false,
	"trimmed": true,
	"spriteSourceSize": {"x":40,"y":76,"w":139,"h":147},
	"sourceSize": {"w":240,"h":240}
},
"characters_xlr8_celebrate0081.png":
{
	"frame": {"x":2,"y":2,"w":139,"h":147},
	"rotated": false,
	"trimmed": true,
	"spriteSourceSize": {"x":40,"y":76,"w":139,"h":147},
	"sourceSize": {"w":240,"h":240}
},
"characters_xlr8_celebrate0082.png":
{
	"frame": {"x":2,"y":2,"w":139,"h":147},
	"rotated": false,
	"trimmed": true,
	"spriteSourceSize": {"x":40,"y":76,"w":139,"h":147},
	"sourceSize": {"w":240,"h":240}
},
"characters_xlr8_celebrate0083.png":
{
	"frame": {"x":2,"y":2,"w":139,"h":147},
	"rotated": false,
	"trimmed": true,
	"spriteSourceSize": {"x":40,"y":76,"w":139,"h":147},
	"sourceSize": {"w":240,"h":240}
},
"characters_xlr8_celebrate0084.png":
{
	"frame": {"x":2,"y":2,"w":139,"h":147},
	"rotated": false,
	"trimmed": true,
	"spriteSourceSize": {"x":40,"y":76,"w":139,"h":147},
	"sourceSize": {"w":240,"h":240}
},
"characters_xlr8_celebrate0085.png":
{
	"frame": {"x":2,"y":2,"w":139,"h":147},
	"rotated": false,
	"trimmed": true,
	"spriteSourceSize": {"x":40,"y":76,"w":139,"h":147},
	"sourceSize": {"w":240,"h":240}
},
"characters_xlr8_celebrate0086.png":
{
	"frame": {"x":2,"y":2,"w":139,"h":147},
	"rotated": false,
	"trimmed": true,
	"spriteSourceSize": {"x":40,"y":76,"w":139,"h":147},
	"sourceSize": {"w":240,"h":240}
},
"characters_xlr8_celebrate0087.png":
{
	"frame": {"x":2,"y":2,"w":139,"h":147},
	"rotated": false,
	"trimmed": true,
	"spriteSourceSize": {"x":40,"y":76,"w":139,"h":147},
	"sourceSize": {"w":240,"h":240}
},
"characters_xlr8_celebrate0088.png":
{
	"frame": {"x":2,"y":2,"w":139,"h":147},
	"rotated": false,
	"trimmed": true,
	"spriteSourceSize": {"x":40,"y":76,"w":139,"h":147},
	"sourceSize": {"w":240,"h":240}
},
"characters_xlr8_dash0001.png":
{
	"frame": {"x":446,"y":2,"w":152,"h":110},
	"rotated": false,
	"trimmed": true,
	"spriteSourceSize": {"x":23,"y":114,"w":152,"h":110},
	"sourceSize": {"w":240,"h":240}
},
"characters_xlr8_dash0002.png":
{
	"frame": {"x":284,"y":2,"w":160,"h":110},
	"rotated": false,
	"trimmed": true,
	"spriteSourceSize": {"x":23,"y":114,"w":160,"h":110},
	"sourceSize": {"w":240,"h":240}
},
"characters_xlr8_dash0003.png":
{
	"frame": {"x":558,"y":672,"w":138,"h":110},
	"rotated": false,
	"trimmed": true,
	"spriteSourceSize": {"x":29,"y":114,"w":138,"h":110},
	"sourceSize": {"w":240,"h":240}
},
"characters_xlr8_dash0004.png":
{
	"frame": {"x":266,"y":758,"w":142,"h":112},
	"rotated": false,
	"trimmed": true,
	"spriteSourceSize": {"x":29,"y":112,"w":142,"h":112},
	"sourceSize": {"w":240,"h":240}
},
"characters_xlr8_dash0005.png":
{
	"frame": {"x":423,"y":443,"w":145,"h":113},
	"rotated": false,
	"trimmed": true,
	"spriteSourceSize": {"x":29,"y":111,"w":145,"h":113},
	"sourceSize": {"w":240,"h":240}
},
"characters_xlr8_dash0006.png":
{
	"frame": {"x":753,"y":2,"w":151,"h":113},
	"rotated": false,
	"trimmed": true,
	"spriteSourceSize": {"x":29,"y":111,"w":151,"h":113},
	"sourceSize": {"w":240,"h":240}
},
"characters_xlr8_dash0007.png":
{
	"frame": {"x":260,"y":991,"w":135,"h":113},
	"rotated": false,
	"trimmed": true,
	"spriteSourceSize": {"x":29,"y":111,"w":135,"h":113},
	"sourceSize": {"w":240,"h":240}
},
"characters_xlr8_dash0008.png":
{
	"frame": {"x":415,"y":670,"w":141,"h":112},
	"rotated": false,
	"trimmed": true,
	"spriteSourceSize": {"x":30,"y":112,"w":141,"h":112},
	"sourceSize": {"w":240,"h":240}
},
"characters_xlr8_dash0009.png":
{
	"frame": {"x":446,"y":2,"w":152,"h":110},
	"rotated": false,
	"trimmed": true,
	"spriteSourceSize": {"x":23,"y":114,"w":152,"h":110},
	"sourceSize": {"w":240,"h":240}
},
"characters_xlr8_dash0010.png":
{
	"frame": {"x":284,"y":2,"w":160,"h":110},
	"rotated": false,
	"trimmed": true,
	"spriteSourceSize": {"x":23,"y":114,"w":160,"h":110},
	"sourceSize": {"w":240,"h":240}
},
"characters_xlr8_dash0011.png":
{
	"frame": {"x":558,"y":672,"w":138,"h":110},
	"rotated": false,
	"trimmed": true,
	"spriteSourceSize": {"x":29,"y":114,"w":138,"h":110},
	"sourceSize": {"w":240,"h":240}
},
"characters_xlr8_dash0012.png":
{
	"frame": {"x":266,"y":758,"w":142,"h":112},
	"rotated": false,
	"trimmed": true,
	"spriteSourceSize": {"x":29,"y":112,"w":142,"h":112},
	"sourceSize": {"w":240,"h":240}
},
"characters_xlr8_dash0013.png":
{
	"frame": {"x":423,"y":443,"w":145,"h":113},
	"rotated": false,
	"trimmed": true,
	"spriteSourceSize": {"x":29,"y":111,"w":145,"h":113},
	"sourceSize": {"w":240,"h":240}
},
"characters_xlr8_dash0014.png":
{
	"frame": {"x":753,"y":2,"w":151,"h":113},
	"rotated": false,
	"trimmed": true,
	"spriteSourceSize": {"x":29,"y":111,"w":151,"h":113},
	"sourceSize": {"w":240,"h":240}
},
"characters_xlr8_dash0015.png":
{
	"frame": {"x":260,"y":991,"w":135,"h":113},
	"rotated": false,
	"trimmed": true,
	"spriteSourceSize": {"x":29,"y":111,"w":135,"h":113},
	"sourceSize": {"w":240,"h":240}
},
"characters_xlr8_dash0016.png":
{
	"frame": {"x":415,"y":670,"w":141,"h":112},
	"rotated": false,
	"trimmed": true,
	"spriteSourceSize": {"x":30,"y":112,"w":141,"h":112},
	"sourceSize": {"w":240,"h":240}
},
"characters_xlr8_fall0001.png":
{
	"frame": {"x":2,"y":850,"w":126,"h":128},
	"rotated": false,
	"trimmed": true,
	"spriteSourceSize": {"x":38,"y":95,"w":126,"h":128},
	"sourceSize": {"w":240,"h":240}
},
"characters_xlr8_fall0002.png":
{
	"frame": {"x":2,"y":850,"w":126,"h":128},
	"rotated": false,
	"trimmed": true,
	"spriteSourceSize": {"x":38,"y":95,"w":126,"h":128},
	"sourceSize": {"w":240,"h":240}
},
"characters_xlr8_fall0003.png":
{
	"frame": {"x":852,"y":571,"w":133,"h":116},
	"rotated": false,
	"trimmed": true,
	"spriteSourceSize": {"x":23,"y":107,"w":133,"h":116},
	"sourceSize": {"w":240,"h":240}
},
"characters_xlr8_fall0004.png":
{
	"frame": {"x":852,"y":571,"w":133,"h":116},
	"rotated": false,
	"trimmed": true,
	"spriteSourceSize": {"x":23,"y":107,"w":133,"h":116},
	"sourceSize": {"w":240,"h":240}
},
"characters_xlr8_fall0005.png":
{
	"frame": {"x":648,"y":1020,"w":111,"h":93},
	"rotated": false,
	"trimmed": true,
	"spriteSourceSize": {"x":40,"y":130,"w":111,"h":93},
	"sourceSize": {"w":240,"h":240}
},
"characters_xlr8_fall0006.png":
{
	"frame": {"x":648,"y":1020,"w":111,"h":93},
	"rotated": false,
	"trimmed": true,
	"spriteSourceSize": {"x":40,"y":130,"w":111,"h":93},
	"sourceSize": {"w":240,"h":240}
},
"characters_xlr8_fall0007.png":
{
	"frame": {"x":397,"y":1007,"w":123,"h":93},
	"rotated": false,
	"trimmed": true,
	"spriteSourceSize": {"x":37,"y":130,"w":123,"h":93},
	"sourceSize": {"w":240,"h":240}
},
"characters_xlr8_fall0008.png":
{
	"frame": {"x":397,"y":1007,"w":123,"h":93},
	"rotated": false,
	"trimmed": true,
	"spriteSourceSize": {"x":37,"y":130,"w":123,"h":93},
	"sourceSize": {"w":240,"h":240}
},
"characters_xlr8_fall0009.png":
{
	"frame": {"x":761,"y":1020,"w":122,"h":87},
	"rotated": false,
	"trimmed": true,
	"spriteSourceSize": {"x":50,"y":136,"w":122,"h":87},
	"sourceSize": {"w":240,"h":240}
},
"characters_xlr8_kick0001.png":
{
	"frame": {"x":812,"y":900,"w":125,"h":117},
	"rotated": false,
	"trimmed": true,
	"spriteSourceSize": {"x":41,"y":107,"w":125,"h":117},
	"sourceSize": {"w":240,"h":240}
},
"characters_xlr8_kick0002.png":
{
	"frame": {"x":2,"y":587,"w":126,"h":130},
	"rotated": false,
	"trimmed": true,
	"spriteSourceSize": {"x":52,"y":94,"w":126,"h":130},
	"sourceSize": {"w":240,"h":240}
},
"characters_xlr8_kick0003.png":
{
	"frame": {"x":2,"y":587,"w":126,"h":130},
	"rotated": false,
	"trimmed": true,
	"spriteSourceSize": {"x":52,"y":94,"w":126,"h":130},
	"sourceSize": {"w":240,"h":240}
},
"characters_xlr8_kick0004.png":
{
	"frame": {"x":2,"y":587,"w":126,"h":130},
	"rotated": false,
	"trimmed": true,
	"spriteSourceSize": {"x":52,"y":94,"w":126,"h":130},
	"sourceSize": {"w":240,"h":240}
},
"characters_xlr8_kick0005.png":
{
	"frame": {"x":550,"y":784,"w":137,"h":112},
	"rotated": false,
	"trimmed": true,
	"spriteSourceSize": {"x":91,"y":112,"w":137,"h":112},
	"sourceSize": {"w":240,"h":240}
},
"characters_xlr8_kick0006.png":
{
	"frame": {"x":550,"y":784,"w":137,"h":112},
	"rotated": false,
	"trimmed": true,
	"spriteSourceSize": {"x":91,"y":112,"w":137,"h":112},
	"sourceSize": {"w":240,"h":240}
},
"characters_xlr8_kick0007.png":
{
	"frame": {"x":689,"y":786,"w":137,"h":112},
	"rotated": false,
	"trimmed": true,
	"spriteSourceSize": {"x":91,"y":112,"w":137,"h":112},
	"sourceSize": {"w":240,"h":240}
},
"characters_xlr8_kick0008.png":
{
	"frame": {"x":750,"y":117,"w":148,"h":113},
	"rotated": false,
	"trimmed": true,
	"spriteSourceSize": {"x":83,"y":111,"w":148,"h":113},
	"sourceSize": {"w":240,"h":240}
},
"characters_xlr8_kick0009.png":
{
	"frame": {"x":424,"y":328,"w":148,"h":113},
	"rotated": false,
	"trimmed": true,
	"spriteSourceSize": {"x":83,"y":111,"w":148,"h":113},
	"sourceSize": {"w":240,"h":240}
},
"characters_xlr8_kick0010.png":
{
	"frame": {"x":424,"y":328,"w":148,"h":113},
	"rotated": false,
	"trimmed": true,
	"spriteSourceSize": {"x":83,"y":111,"w":148,"h":113},
	"sourceSize": {"w":240,"h":240}
},
"characters_xlr8_lose0001.png":
{
	"frame": {"x":2,"y":719,"w":126,"h":129},
	"rotated": false,
	"trimmed": true,
	"spriteSourceSize": {"x":38,"y":95,"w":126,"h":129},
	"sourceSize": {"w":240,"h":240}
},
"characters_xlr8_lose0002.png":
{
	"frame": {"x":2,"y":719,"w":126,"h":129},
	"rotated": false,
	"trimmed": true,
	"spriteSourceSize": {"x":38,"y":95,"w":126,"h":129},
	"sourceSize": {"w":240,"h":240}
},
"characters_xlr8_lose0003.png":
{
	"frame": {"x":676,"y":900,"w":134,"h":118},
	"rotated": false,
	"trimmed": true,
	"spriteSourceSize": {"x":23,"y":106,"w":134,"h":118},
	"sourceSize": {"w":240,"h":240}
},
"characters_xlr8_lose0004.png":
{
	"frame": {"x":676,"y":900,"w":134,"h":118},
	"rotated": false,
	"trimmed": true,
	"spriteSourceSize": {"x":23,"y":106,"w":134,"h":118},
	"sourceSize": {"w":240,"h":240}
},
"characters_xlr8_lose0005.png":
{
	"frame": {"x":859,"y":474,"w":112,"h":95},
	"rotated": false,
	"trimmed": true,
	"spriteSourceSize": {"x":39,"y":129,"w":112,"h":95},
	"sourceSize": {"w":240,"h":240}
},
"characters_xlr8_lose0006.png":
{
	"frame": {"x":859,"y":474,"w":112,"h":95},
	"rotated": false,
	"trimmed": true,
	"spriteSourceSize": {"x":39,"y":129,"w":112,"h":95},
	"sourceSize": {"w":240,"h":240}
},
"characters_xlr8_lose0007.png":
{
	"frame": {"x":130,"y":879,"w":123,"h":94},
	"rotated": false,
	"trimmed": true,
	"spriteSourceSize": {"x":37,"y":130,"w":123,"h":94},
	"sourceSize": {"w":240,"h":240}
},
"characters_xlr8_lose0008.png":
{
	"frame": {"x":130,"y":879,"w":123,"h":94},
	"rotated": false,
	"trimmed": true,
	"spriteSourceSize": {"x":37,"y":130,"w":123,"h":94},
	"sourceSize": {"w":240,"h":240}
},
"characters_xlr8_lose0009.png":
{
	"frame": {"x":522,"y":1011,"w":124,"h":88},
	"rotated": false,
	"trimmed": true,
	"spriteSourceSize": {"x":49,"y":136,"w":124,"h":88},
	"sourceSize": {"w":240,"h":240}
},
"characters_xlr8_lose0010.png":
{
	"frame": {"x":522,"y":1011,"w":124,"h":88},
	"rotated": false,
	"trimmed": true,
	"spriteSourceSize": {"x":49,"y":136,"w":124,"h":88},
	"sourceSize": {"w":240,"h":240}
},
"characters_xlr8_lose0011.png":
{
	"frame": {"x":522,"y":1011,"w":124,"h":88},
	"rotated": false,
	"trimmed": true,
	"spriteSourceSize": {"x":49,"y":136,"w":124,"h":88},
	"sourceSize": {"w":240,"h":240}
},
"characters_xlr8_lose0012.png":
{
	"frame": {"x":522,"y":1011,"w":124,"h":88},
	"rotated": false,
	"trimmed": true,
	"spriteSourceSize": {"x":49,"y":136,"w":124,"h":88},
	"sourceSize": {"w":240,"h":240}
},
"characters_xlr8_lose0013.png":
{
	"frame": {"x":522,"y":1011,"w":124,"h":88},
	"rotated": false,
	"trimmed": true,
	"spriteSourceSize": {"x":49,"y":136,"w":124,"h":88},
	"sourceSize": {"w":240,"h":240}
},
"characters_xlr8_lose0014.png":
{
	"frame": {"x":522,"y":1011,"w":124,"h":88},
	"rotated": false,
	"trimmed": true,
	"spriteSourceSize": {"x":49,"y":136,"w":124,"h":88},
	"sourceSize": {"w":240,"h":240}
},
"characters_xlr8_lose0015.png":
{
	"frame": {"x":522,"y":1011,"w":124,"h":88},
	"rotated": false,
	"trimmed": true,
	"spriteSourceSize": {"x":49,"y":136,"w":124,"h":88},
	"sourceSize": {"w":240,"h":240}
},
"characters_xlr8_lose0016.png":
{
	"frame": {"x":522,"y":1011,"w":124,"h":88},
	"rotated": false,
	"trimmed": true,
	"spriteSourceSize": {"x":49,"y":136,"w":124,"h":88},
	"sourceSize": {"w":240,"h":240}
},
"characters_xlr8_lose0017.png":
{
	"frame": {"x":522,"y":1011,"w":124,"h":88},
	"rotated": false,
	"trimmed": true,
	"spriteSourceSize": {"x":49,"y":136,"w":124,"h":88},
	"sourceSize": {"w":240,"h":240}
},
"characters_xlr8_lose0018.png":
{
	"frame": {"x":522,"y":1011,"w":124,"h":88},
	"rotated": false,
	"trimmed": true,
	"spriteSourceSize": {"x":49,"y":136,"w":124,"h":88},
	"sourceSize": {"w":240,"h":240}
},
"characters_xlr8_lose0019.png":
{
	"frame": {"x":522,"y":1011,"w":124,"h":88},
	"rotated": false,
	"trimmed": true,
	"spriteSourceSize": {"x":49,"y":136,"w":124,"h":88},
	"sourceSize": {"w":240,"h":240}
},
"characters_xlr8_lose0020.png":
{
	"frame": {"x":522,"y":1011,"w":124,"h":88},
	"rotated": false,
	"trimmed": true,
	"spriteSourceSize": {"x":49,"y":136,"w":124,"h":88},
	"sourceSize": {"w":240,"h":240}
},
"characters_xlr8_lose0021.png":
{
	"frame": {"x":522,"y":1011,"w":124,"h":88},
	"rotated": false,
	"trimmed": true,
	"spriteSourceSize": {"x":49,"y":136,"w":124,"h":88},
	"sourceSize": {"w":240,"h":240}
},
"characters_xlr8_lose0022.png":
{
	"frame": {"x":522,"y":1011,"w":124,"h":88},
	"rotated": false,
	"trimmed": true,
	"spriteSourceSize": {"x":49,"y":136,"w":124,"h":88},
	"sourceSize": {"w":240,"h":240}
},
"characters_xlr8_lose0023.png":
{
	"frame": {"x":522,"y":1011,"w":124,"h":88},
	"rotated": false,
	"trimmed": true,
	"spriteSourceSize": {"x":49,"y":136,"w":124,"h":88},
	"sourceSize": {"w":240,"h":240}
},
"characters_xlr8_lose0024.png":
{
	"frame": {"x":522,"y":1011,"w":124,"h":88},
	"rotated": false,
	"trimmed": true,
	"spriteSourceSize": {"x":49,"y":136,"w":124,"h":88},
	"sourceSize": {"w":240,"h":240}
},
"characters_xlr8_lose0025.png":
{
	"frame": {"x":522,"y":1011,"w":124,"h":88},
	"rotated": false,
	"trimmed": true,
	"spriteSourceSize": {"x":49,"y":136,"w":124,"h":88},
	"sourceSize": {"w":240,"h":240}
},
"characters_xlr8_lose0026.png":
{
	"frame": {"x":522,"y":1011,"w":124,"h":88},
	"rotated": false,
	"trimmed": true,
	"spriteSourceSize": {"x":49,"y":136,"w":124,"h":88},
	"sourceSize": {"w":240,"h":240}
},
"characters_xlr8_lose0027.png":
{
	"frame": {"x":522,"y":1011,"w":124,"h":88},
	"rotated": false,
	"trimmed": true,
	"spriteSourceSize": {"x":49,"y":136,"w":124,"h":88},
	"sourceSize": {"w":240,"h":240}
},
"characters_xlr8_lose0028.png":
{
	"frame": {"x":522,"y":1011,"w":124,"h":88},
	"rotated": false,
	"trimmed": true,
	"spriteSourceSize": {"x":49,"y":136,"w":124,"h":88},
	"sourceSize": {"w":240,"h":240}
},
"characters_xlr8_lose0029.png":
{
	"frame": {"x":522,"y":1011,"w":124,"h":88},
	"rotated": false,
	"trimmed": true,
	"spriteSourceSize": {"x":49,"y":136,"w":124,"h":88},
	"sourceSize": {"w":240,"h":240}
},
"characters_xlr8_lose0030.png":
{
	"frame": {"x":522,"y":1011,"w":124,"h":88},
	"rotated": false,
	"trimmed": true,
	"spriteSourceSize": {"x":49,"y":136,"w":124,"h":88},
	"sourceSize": {"w":240,"h":240}
},
"characters_xlr8_lose0031.png":
{
	"frame": {"x":522,"y":1011,"w":124,"h":88},
	"rotated": false,
	"trimmed": true,
	"spriteSourceSize": {"x":49,"y":136,"w":124,"h":88},
	"sourceSize": {"w":240,"h":240}
},
"characters_xlr8_lose0032.png":
{
	"frame": {"x":522,"y":1011,"w":124,"h":88},
	"rotated": false,
	"trimmed": true,
	"spriteSourceSize": {"x":49,"y":136,"w":124,"h":88},
	"sourceSize": {"w":240,"h":240}
},
"characters_xlr8_lose0033.png":
{
	"frame": {"x":522,"y":1011,"w":124,"h":88},
	"rotated": false,
	"trimmed": true,
	"spriteSourceSize": {"x":49,"y":136,"w":124,"h":88},
	"sourceSize": {"w":240,"h":240}
},
"characters_xlr8_lose0034.png":
{
	"frame": {"x":522,"y":1011,"w":124,"h":88},
	"rotated": false,
	"trimmed": true,
	"spriteSourceSize": {"x":49,"y":136,"w":124,"h":88},
	"sourceSize": {"w":240,"h":240}
},
"characters_xlr8_lose0035.png":
{
	"frame": {"x":522,"y":1011,"w":124,"h":88},
	"rotated": false,
	"trimmed": true,
	"spriteSourceSize": {"x":49,"y":136,"w":124,"h":88},
	"sourceSize": {"w":240,"h":240}
},
"characters_xlr8_lose0036.png":
{
	"frame": {"x":522,"y":1011,"w":124,"h":88},
	"rotated": false,
	"trimmed": true,
	"spriteSourceSize": {"x":49,"y":136,"w":124,"h":88},
	"sourceSize": {"w":240,"h":240}
},
"characters_xlr8_lose0037.png":
{
	"frame": {"x":522,"y":1011,"w":124,"h":88},
	"rotated": false,
	"trimmed": true,
	"spriteSourceSize": {"x":49,"y":136,"w":124,"h":88},
	"sourceSize": {"w":240,"h":240}
},
"characters_xlr8_lose0038.png":
{
	"frame": {"x":522,"y":1011,"w":124,"h":88},
	"rotated": false,
	"trimmed": true,
	"spriteSourceSize": {"x":49,"y":136,"w":124,"h":88},
	"sourceSize": {"w":240,"h":240}
},
"characters_xlr8_lose0039.png":
{
	"frame": {"x":522,"y":1011,"w":124,"h":88},
	"rotated": false,
	"trimmed": true,
	"spriteSourceSize": {"x":49,"y":136,"w":124,"h":88},
	"sourceSize": {"w":240,"h":240}
},
"characters_xlr8_lose0040.png":
{
	"frame": {"x":522,"y":1011,"w":124,"h":88},
	"rotated": false,
	"trimmed": true,
	"spriteSourceSize": {"x":49,"y":136,"w":124,"h":88},
	"sourceSize": {"w":240,"h":240}
},
"characters_xlr8_lose0041.png":
{
	"frame": {"x":522,"y":1011,"w":124,"h":88},
	"rotated": false,
	"trimmed": true,
	"spriteSourceSize": {"x":49,"y":136,"w":124,"h":88},
	"sourceSize": {"w":240,"h":240}
},
"characters_xlr8_lose0042.png":
{
	"frame": {"x":522,"y":1011,"w":124,"h":88},
	"rotated": false,
	"trimmed": true,
	"spriteSourceSize": {"x":49,"y":136,"w":124,"h":88},
	"sourceSize": {"w":240,"h":240}
},
"characters_xlr8_lose0043.png":
{
	"frame": {"x":522,"y":1011,"w":124,"h":88},
	"rotated": false,
	"trimmed": true,
	"spriteSourceSize": {"x":49,"y":136,"w":124,"h":88},
	"sourceSize": {"w":240,"h":240}
},
"characters_xlr8_lose0044.png":
{
	"frame": {"x":522,"y":1011,"w":124,"h":88},
	"rotated": false,
	"trimmed": true,
	"spriteSourceSize": {"x":49,"y":136,"w":124,"h":88},
	"sourceSize": {"w":240,"h":240}
},
"characters_xlr8_lose0045.png":
{
	"frame": {"x":522,"y":1011,"w":124,"h":88},
	"rotated": false,
	"trimmed": true,
	"spriteSourceSize": {"x":49,"y":136,"w":124,"h":88},
	"sourceSize": {"w":240,"h":240}
},
"characters_xlr8_lose0046.png":
{
	"frame": {"x":522,"y":1011,"w":124,"h":88},
	"rotated": false,
	"trimmed": true,
	"spriteSourceSize": {"x":49,"y":136,"w":124,"h":88},
	"sourceSize": {"w":240,"h":240}
},
"characters_xlr8_lose0047.png":
{
	"frame": {"x":522,"y":1011,"w":124,"h":88},
	"rotated": false,
	"trimmed": true,
	"spriteSourceSize": {"x":49,"y":136,"w":124,"h":88},
	"sourceSize": {"w":240,"h":240}
},
"characters_xlr8_lose0048.png":
{
	"frame": {"x":522,"y":1011,"w":124,"h":88},
	"rotated": false,
	"trimmed": true,
	"spriteSourceSize": {"x":49,"y":136,"w":124,"h":88},
	"sourceSize": {"w":240,"h":240}
},
"characters_xlr8_lose0049.png":
{
	"frame": {"x":522,"y":1011,"w":124,"h":88},
	"rotated": false,
	"trimmed": true,
	"spriteSourceSize": {"x":49,"y":136,"w":124,"h":88},
	"sourceSize": {"w":240,"h":240}
},
"characters_xlr8_lose0050.png":
{
	"frame": {"x":522,"y":1011,"w":124,"h":88},
	"rotated": false,
	"trimmed": true,
	"spriteSourceSize": {"x":49,"y":136,"w":124,"h":88},
	"sourceSize": {"w":240,"h":240}
},
"characters_xlr8_run0001.png":
{
	"frame": {"x":272,"y":535,"w":145,"h":109},
	"rotated": false,
	"trimmed": true,
	"spriteSourceSize": {"x":30,"y":114,"w":145,"h":109},
	"sourceSize": {"w":240,"h":240}
},
"characters_xlr8_run0002.png":
{
	"frame": {"x":272,"y":535,"w":145,"h":109},
	"rotated": false,
	"trimmed": true,
	"spriteSourceSize": {"x":30,"y":114,"w":145,"h":109},
	"sourceSize": {"w":240,"h":240}
},
"characters_xlr8_run0003.png":
{
	"frame": {"x":442,"y":114,"w":154,"h":108},
	"rotated": false,
	"trimmed": true,
	"spriteSourceSize": {"x":28,"y":115,"w":154,"h":108},
	"sourceSize": {"w":240,"h":240}
},
"characters_xlr8_run0004.png":
{
	"frame": {"x":442,"y":114,"w":154,"h":108},
	"rotated": false,
	"trimmed": true,
	"spriteSourceSize": {"x":28,"y":115,"w":154,"h":108},
	"sourceSize": {"w":240,"h":240}
},
"characters_xlr8_run0005.png":
{
	"frame": {"x":698,"y":675,"w":139,"h":109},
	"rotated": false,
	"trimmed": true,
	"spriteSourceSize": {"x":28,"y":114,"w":139,"h":109},
	"sourceSize": {"w":240,"h":240}
},
"characters_xlr8_run0006.png":
{
	"frame": {"x":698,"y":675,"w":139,"h":109},
	"rotated": false,
	"trimmed": true,
	"spriteSourceSize": {"x":28,"y":114,"w":139,"h":109},
	"sourceSize": {"w":240,"h":240}
},
"characters_xlr8_run0007.png":
{
	"frame": {"x":708,"y":563,"w":142,"h":110},
	"rotated": false,
	"trimmed": true,
	"spriteSourceSize": {"x":29,"y":113,"w":142,"h":110},
	"sourceSize": {"w":240,"h":240}
},
"characters_xlr8_run0008.png":
{
	"frame": {"x":708,"y":563,"w":142,"h":110},
	"rotated": false,
	"trimmed": true,
	"spriteSourceSize": {"x":29,"y":113,"w":142,"h":110},
	"sourceSize": {"w":240,"h":240}
},
"characters_xlr8_run0009.png":
{
	"frame": {"x":269,"y":646,"w":144,"h":110},
	"rotated": false,
	"trimmed": true,
	"spriteSourceSize": {"x":30,"y":113,"w":144,"h":110},
	"sourceSize": {"w":240,"h":240}
},
"characters_xlr8_run0010.png":
{
	"frame": {"x":269,"y":646,"w":144,"h":110},
	"rotated": false,
	"trimmed": true,
	"spriteSourceSize": {"x":30,"y":113,"w":144,"h":110},
	"sourceSize": {"w":240,"h":240}
},
"characters_xlr8_run0011.png":
{
	"frame": {"x":598,"y":116,"w":150,"h":110},
	"rotated": false,
	"trimmed": true,
	"spriteSourceSize": {"x":30,"y":113,"w":150,"h":110},
	"sourceSize": {"w":240,"h":240}
},
"characters_xlr8_run0012.png":
{
	"frame": {"x":598,"y":116,"w":150,"h":110},
	"rotated": false,
	"trimmed": true,
	"spriteSourceSize": {"x":30,"y":113,"w":150,"h":110},
	"sourceSize": {"w":240,"h":240}
},
"characters_xlr8_run0013.png":
{
	"frame": {"x":403,"y":894,"w":135,"h":111},
	"rotated": false,
	"trimmed": true,
	"spriteSourceSize": {"x":29,"y":112,"w":135,"h":111},
	"sourceSize": {"w":240,"h":240}
},
"characters_xlr8_run0014.png":
{
	"frame": {"x":403,"y":894,"w":135,"h":111},
	"rotated": false,
	"trimmed": true,
	"spriteSourceSize": {"x":29,"y":112,"w":135,"h":111},
	"sourceSize": {"w":240,"h":240}
},
"characters_xlr8_run0015.png":
{
	"frame": {"x":130,"y":528,"w":140,"h":110},
	"rotated": false,
	"trimmed": true,
	"spriteSourceSize": {"x":30,"y":113,"w":140,"h":110},
	"sourceSize": {"w":240,"h":240}
},
"characters_xlr8_run0016.png":
{
	"frame": {"x":130,"y":528,"w":140,"h":110},
	"rotated": false,
	"trimmed": true,
	"spriteSourceSize": {"x":30,"y":113,"w":140,"h":110},
	"sourceSize": {"w":240,"h":240}
},
"characters_xlr8_stand0001.png":
{
	"frame": {"x":130,"y":640,"w":137,"h":116},
	"rotated": false,
	"trimmed": true,
	"spriteSourceSize": {"x":44,"y":107,"w":137,"h":116},
	"sourceSize": {"w":240,"h":240}
},
"characters_xlr8_stand0002.png":
{
	"frame": {"x":130,"y":640,"w":137,"h":116},
	"rotated": false,
	"trimmed": true,
	"spriteSourceSize": {"x":44,"y":107,"w":137,"h":116},
	"sourceSize": {"w":240,"h":240}
},
"characters_xlr8_stand0003.png":
{
	"frame": {"x":130,"y":640,"w":137,"h":116},
	"rotated": false,
	"trimmed": true,
	"spriteSourceSize": {"x":44,"y":107,"w":137,"h":116},
	"sourceSize": {"w":240,"h":240}
},
"characters_xlr8_stand0004.png":
{
	"frame": {"x":130,"y":640,"w":137,"h":116},
	"rotated": false,
	"trimmed": true,
	"spriteSourceSize": {"x":44,"y":107,"w":137,"h":116},
	"sourceSize": {"w":240,"h":240}
},
"characters_xlr8_stand0005.png":
{
	"frame": {"x":130,"y":640,"w":137,"h":116},
	"rotated": false,
	"trimmed": true,
	"spriteSourceSize": {"x":44,"y":107,"w":137,"h":116},
	"sourceSize": {"w":240,"h":240}
},
"characters_xlr8_stand0006.png":
{
	"frame": {"x":130,"y":640,"w":137,"h":116},
	"rotated": false,
	"trimmed": true,
	"spriteSourceSize": {"x":44,"y":107,"w":137,"h":116},
	"sourceSize": {"w":240,"h":240}
},
"characters_xlr8_stand0007.png":
{
	"frame": {"x":130,"y":640,"w":137,"h":116},
	"rotated": false,
	"trimmed": true,
	"spriteSourceSize": {"x":44,"y":107,"w":137,"h":116},
	"sourceSize": {"w":240,"h":240}
},
"characters_xlr8_stand0008.png":
{
	"frame": {"x":570,"y":445,"w":145,"h":114},
	"rotated": false,
	"trimmed": true,
	"spriteSourceSize": {"x":40,"y":109,"w":145,"h":114},
	"sourceSize": {"w":240,"h":240}
},
"characters_xlr8_stand0009.png":
{
	"frame": {"x":570,"y":445,"w":145,"h":114},
	"rotated": false,
	"trimmed": true,
	"spriteSourceSize": {"x":40,"y":109,"w":145,"h":114},
	"sourceSize": {"w":240,"h":240}
},
"characters_xlr8_stand0010.png":
{
	"frame": {"x":570,"y":445,"w":145,"h":114},
	"rotated": false,
	"trimmed": true,
	"spriteSourceSize": {"x":40,"y":109,"w":145,"h":114},
	"sourceSize": {"w":240,"h":240}
},
"characters_xlr8_stand0011.png":
{
	"frame": {"x":570,"y":445,"w":145,"h":114},
	"rotated": false,
	"trimmed": true,
	"spriteSourceSize": {"x":40,"y":109,"w":145,"h":114},
	"sourceSize": {"w":240,"h":240}
},
"characters_xlr8_tackle0001.png":
{
	"frame": {"x":869,"y":336,"w":109,"h":136},
	"rotated": false,
	"trimmed": true,
	"spriteSourceSize": {"x":41,"y":88,"w":109,"h":136},
	"sourceSize": {"w":240,"h":240}
},
"characters_xlr8_tackle0002.png":
{
	"frame": {"x":869,"y":336,"w":109,"h":136},
	"rotated": false,
	"trimmed": true,
	"spriteSourceSize": {"x":41,"y":88,"w":109,"h":136},
	"sourceSize": {"w":240,"h":240}
},
"characters_xlr8_tackle0003.png":
{
	"frame": {"x":2,"y":980,"w":134,"h":120},
	"rotated": false,
	"trimmed": true,
	"spriteSourceSize": {"x":32,"y":104,"w":134,"h":120},
	"sourceSize": {"w":240,"h":240}
},
"characters_xlr8_tackle0004.png":
{
	"frame": {"x":2,"y":980,"w":134,"h":120},
	"rotated": false,
	"trimmed": true,
	"spriteSourceSize": {"x":32,"y":104,"w":134,"h":120},
	"sourceSize": {"w":240,"h":240}
},
"characters_xlr8_tackle0005.png":
{
	"frame": {"x":436,"y":224,"w":149,"h":102},
	"rotated": false,
	"trimmed": true,
	"spriteSourceSize": {"x":51,"y":122,"w":149,"h":102},
	"sourceSize": {"w":240,"h":240}
},
"characters_xlr8_tackle0006.png":
{
	"frame": {"x":436,"y":224,"w":149,"h":102},
	"rotated": false,
	"trimmed": true,
	"spriteSourceSize": {"x":51,"y":122,"w":149,"h":102},
	"sourceSize": {"w":240,"h":240}
},
"characters_xlr8_tackle0007.png":
{
	"frame": {"x":284,"y":224,"w":150,"h":102},
	"rotated": false,
	"trimmed": true,
	"spriteSourceSize": {"x":54,"y":122,"w":150,"h":102},
	"sourceSize": {"w":240,"h":240}
},
"characters_xlr8_tackle0008.png":
{
	"frame": {"x":284,"y":224,"w":150,"h":102},
	"rotated": false,
	"trimmed": true,
	"spriteSourceSize": {"x":54,"y":122,"w":150,"h":102},
	"sourceSize": {"w":240,"h":240}
},
"characters_xlr8_tackle0009.png":
{
	"frame": {"x":587,"y":228,"w":149,"h":102},
	"rotated": false,
	"trimmed": true,
	"spriteSourceSize": {"x":58,"y":122,"w":149,"h":102},
	"sourceSize": {"w":240,"h":240}
},
"characters_xlr8_tackle0010.png":
{
	"frame": {"x":587,"y":228,"w":149,"h":102},
	"rotated": false,
	"trimmed": true,
	"spriteSourceSize": {"x":58,"y":122,"w":149,"h":102},
	"sourceSize": {"w":240,"h":240}
},
"characters_xlr8_tackle0011.png":
{
	"frame": {"x":738,"y":232,"w":149,"h":102},
	"rotated": false,
	"trimmed": true,
	"spriteSourceSize": {"x":61,"y":122,"w":149,"h":102},
	"sourceSize": {"w":240,"h":240}
},
"characters_xlr8_tackle0012.png":
{
	"frame": {"x":738,"y":232,"w":149,"h":102},
	"rotated": false,
	"trimmed": true,
	"spriteSourceSize": {"x":61,"y":122,"w":149,"h":102},
	"sourceSize": {"w":240,"h":240}
},
"characters_xlr8_tackle0013.png":
{
	"frame": {"x":273,"y":328,"w":149,"h":102},
	"rotated": false,
	"trimmed": true,
	"spriteSourceSize": {"x":61,"y":122,"w":149,"h":102},
	"sourceSize": {"w":240,"h":240}
},
"characters_xlr8_tackle_up0001.png":
{
	"frame": {"x":272,"y":432,"w":149,"h":101},
	"rotated": false,
	"trimmed": true,
	"spriteSourceSize": {"x":31,"y":122,"w":149,"h":101},
	"sourceSize": {"w":240,"h":240}
},
"characters_xlr8_tackle_up0002.png":
{
	"frame": {"x":272,"y":432,"w":149,"h":101},
	"rotated": false,
	"trimmed": true,
	"spriteSourceSize": {"x":31,"y":122,"w":149,"h":101},
	"sourceSize": {"w":240,"h":240}
},
"characters_xlr8_tackle_up0003.png":
{
	"frame": {"x":130,"y":758,"w":134,"h":119},
	"rotated": false,
	"trimmed": true,
	"spriteSourceSize": {"x":2,"y":104,"w":134,"h":119},
	"sourceSize": {"w":240,"h":240}
},
"characters_xlr8_tackle_up0004.png":
{
	"frame": {"x":130,"y":758,"w":134,"h":119},
	"rotated": false,
	"trimmed": true,
	"spriteSourceSize": {"x":2,"y":104,"w":134,"h":119},
	"sourceSize": {"w":240,"h":240}
},
"characters_xlr8_tackle_up0005.png":
{
	"frame": {"x":839,"y":689,"w":109,"h":135},
	"rotated": false,
	"trimmed": true,
	"spriteSourceSize": {"x":11,"y":88,"w":109,"h":135},
	"sourceSize": {"w":240,"h":240}
},
"characters_xlr8_tackle_up0006.png":
{
	"frame": {"x":839,"y":689,"w":109,"h":135},
	"rotated": false,
	"trimmed": true,
	"spriteSourceSize": {"x":11,"y":88,"w":109,"h":135},
	"sourceSize": {"w":240,"h":240}
}},
"meta": {
	"app": "http://www.codeandweb.com/texturepacker",
	"version": "1.0",
	"image": "xlr8_red.png",
	"format": "RGBA8888",
	"size": {"w":987,"h":1115},
	"scale": "1",
	"smartupdate": "$TexturePacker:SmartUpdate:c0a760f3c6dd181068646748d4ca491f:75d2501e092accbd0d4d5bb195fcd89c:4a8862ef3fc901b0f9ec906ebc6ce1ae$"
}
}
